sha256,original_file_path,matching_file_path,same_filename
6733fd76cfe77c887f8763b3976566d10e4076e8a0e764417942a4f188fbcd78,/Users/annibauer/Documents/__Coding.nosync/PhotoAssistant/analysis_output/discarded_review/DSC03794.JPG,/Users/annibauer/Documents/__Photos.nosync/2016 Aix/2016_Aix_01.JPG,False
35c92ee384e1863bc19aba91246e221444810ca3dd54a0998030b2ff13bc7ae2,/Users/annibauer/Documents/__Coding.nosync/PhotoAssistant/analysis_output/discarded_review/2016_Aix_03.JPG,/Users/annibauer/Documents/__Photos.nosync/2016 Aix/2016_Aix_02.JPG,False
35c92ee384e1863bc19aba91246e221444810ca3dd54a0998030b2ff13bc7ae2,/Users/annibauer/Documents/__Coding.nosync/PhotoAssistant/analysis_output/discarded_review/DSC03804.JPG,/Users/annibauer/Documents/__Photos.nosync/2016 Aix/2016_Aix_02.JPG,False
d3c1f554eeaa72bbdef2397a1268bddd2735834fad7d47571b8020dbb6531431,/Users/annibauer/Documents/__Coding.nosync/PhotoAssistant/analysis_output/discarded_review/2016_Aix_05.JPG,/Users/annibauer/Documents/__Photos.nosync/2016 Aix/2016_Aix_04.JPG,False
d3c1f554eeaa72bbdef2397a1268bddd2735834fad7d47571b8020dbb6531431,/Users/annibauer/Documents/__Coding.nosync/PhotoAssistant/analysis_output/discarded_review/DSC03805.JPG,/Users/annibauer/Documents/__Photos.nosync/2016 Aix/2016_Aix_04.JPG,False
79d38a81029ceb9af4dd587b0f4c610baa2c1a817e917983b555388bd20c0690,/Users/annibauer/Documents/__Coding.nosync/PhotoAssistant/analysis_output/discarded_review/2016_Aix_07.JPG,/Users/annibauer/Documents/__Photos.nosync/2016 Aix/2016_Aix_06.JPG,False
79d38a81029ceb9af4dd587b0f4c610baa2c1a817e917983b555388bd20c0690,/Users/annibauer/Documents/__Coding.nosync/PhotoAssistant/analysis_output/discarded_review/DSC03808.JPG,/Users/annibauer/Documents/__Photos.nosync/2016 Aix/2016_Aix_06.JPG,False
8474d4624da2f5992155f54101f908c37b0796749f9531a042081cf5f62453ce,/Users/annibauer/Documents/__Coding.nosync/PhotoAssistant/analysis_output/discarded_review/2016_Aix_09.JPG,/Users/annibauer/Documents/__Photos.nosync/2016 Aix/2016_Aix_08.JPG,False
8474d4624da2f5992155f54101f908c37b0796749f9531a042081cf5f62453ce,/Users/annibauer/Documents/__Coding.nosync/PhotoAssistant/analysis_output/discarded_review/DSC03809.JPG,/Users/annibauer/Documents/__Photos.nosync/2016 Aix/2016_Aix_08.JPG,False
314d85c128e922058009cf4d49b56db3ff7f7e0ebefa7d4347eb06f70adf3323,/Users/annibauer/Documents/__Coding.nosync/PhotoAssistant/analysis_output/discarded_review/2016_Aix_11.JPG,/Users/annibauer/Documents/__Photos.nosync/2016 Aix/2016_Aix_10.JPG,False
314d85c128e922058009cf4d49b56db3ff7f7e0ebefa7d4347eb06f70adf3323,/Users/annibauer/Documents/__Coding.nosync/PhotoAssistant/analysis_output/discarded_review/DSC03812.JPG,/Users/annibauer/Documents/__Photos.nosync/2016 Aix/2016_Aix_10.JPG,False
df5993835354e805b2b6cbba8d0b4f1477db057ac040b18c1bc303f0f703c28e,/Users/annibauer/Documents/__Coding.nosync/PhotoAssistant/analysis_output/discarded_review/2016_Aix_13.JPG,/Users/annibauer/Documents/__Photos.nosync/2016 Aix/2016_Aix_12.JPG,False
df5993835354e805b2b6cbba8d0b4f1477db057ac040b18c1bc303f0f703c28e,/Users/annibauer/Documents/__Coding.nosync/PhotoAssistant/analysis_output/discarded_review/DSC03814.JPG,/Users/annibauer/Documents/__Photos.nosync/2016 Aix/2016_Aix_12.JPG,False
29c86796fccfba156d2677ea1658d03d319a560d9884df01f5f0fb8d419a5927,/Users/annibauer/Documents/__Coding.nosync/PhotoAssistant/analysis_output/discarded_review/2016_Aix_15.JPG,/Users/annibauer/Documents/__Photos.nosync/2016 Aix/2016_Aix_14.JPG,False
29c86796fccfba156d2677ea1658d03d319a560d9884df01f5f0fb8d419a5927,/Users/annibauer/Documents/__Coding.nosync/PhotoAssistant/analysis_output/discarded_review/DSC03815.JPG,/Users/annibauer/Documents/__Photos.nosync/2016 Aix/2016_Aix_14.JPG,False
865cc67e51c90346f96cb865f3c1c25559465a20b67bb4c95c61b628631cc8d1,/Users/annibauer/Documents/__Coding.nosync/PhotoAssistant/analysis_output/discarded_review/2016_Aix_17.JPG,/Users/annibauer/Documents/__Photos.nosync/2016 Aix/2016_Aix_16.JPG,False
865cc67e51c90346f96cb865f3c1c25559465a20b67bb4c95c61b628631cc8d1,/Users/annibauer/Documents/__Coding.nosync/PhotoAssistant/analysis_output/discarded_review/DSC03818.JPG,/Users/annibauer/Documents/__Photos.nosync/2016 Aix/2016_Aix_16.JPG,False
865cc67e51c90346f96cb865f3c1c25559465a20b67bb4c95c61b628631cc8d1,/Users/annibauer/Documents/__Coding.nosync/PhotoAssistant/analysis_output/discarded_review/IMG_1269.JPG,/Users/annibauer/Documents/__Photos.nosync/2016 Aix/2016_Aix_16.JPG,False
802bc3683970e9f8d9f72ee038d396589e627c64ef4f2a2eedb8be8b79f38e5f,/Users/annibauer/Documents/__Coding.nosync/PhotoAssistant/analysis_output/discarded_review/2016_Aix_19.JPG,/Users/annibauer/Documents/__Photos.nosync/2016 Aix/2016_Aix_18.JPG,False
802bc3683970e9f8d9f72ee038d396589e627c64ef4f2a2eedb8be8b79f38e5f,/Users/annibauer/Documents/__Coding.nosync/PhotoAssistant/analysis_output/discarded_review/DSC03819.JPG,/Users/annibauer/Documents/__Photos.nosync/2016 Aix/2016_Aix_18.JPG,False
802bc3683970e9f8d9f72ee038d396589e627c64ef4f2a2eedb8be8b79f38e5f,/Users/annibauer/Documents/__Coding.nosync/PhotoAssistant/analysis_output/discarded_review/IMG_1268.JPG,/Users/annibauer/Documents/__Photos.nosync/2016 Aix/2016_Aix_18.JPG,False
b2cbdd0c8998a40d039a17663265c3a4b6ace374d2171db1c06a97788dacc581,/Users/annibauer/Documents/__Coding.nosync/PhotoAssistant/analysis_output/discarded_review/2016_Aix_21.JPG,/Users/annibauer/Documents/__Photos.nosync/2016 Aix/2016_Aix_20.JPG,False
b2cbdd0c8998a40d039a17663265c3a4b6ace374d2171db1c06a97788dacc581,/Users/annibauer/Documents/__Coding.nosync/PhotoAssistant/analysis_output/discarded_review/DSC03820.JPG,/Users/annibauer/Documents/__Photos.nosync/2016 Aix/2016_Aix_20.JPG,False
b2cbdd0c8998a40d039a17663265c3a4b6ace374d2171db1c06a97788dacc581,/Users/annibauer/Documents/__Coding.nosync/PhotoAssistant/analysis_output/discarded_review/IMG_1267.JPG,/Users/annibauer/Documents/__Photos.nosync/2016 Aix/2016_Aix_20.JPG,False
08d29bcba306d29c73bd484ec11d0cc130676114fc316f0d4f7ab5fff7e5d976,/Users/annibauer/Documents/__Coding.nosync/PhotoAssistant/analysis_output/discarded_review/2016_Aix_23.JPG,/Users/annibauer/Documents/__Photos.nosync/2016 Aix/2016_Aix_22.JPG,False
08d29bcba306d29c73bd484ec11d0cc130676114fc316f0d4f7ab5fff7e5d976,/Users/annibauer/Documents/__Coding.nosync/PhotoAssistant/analysis_output/discarded_review/IMG_7035.JPG,/Users/annibauer/Documents/__Photos.nosync/2016 Aix/2016_Aix_22.JPG,False
61f58714602f4c268b31112c8c0036a81739ca463d2d55ac864ac43d47a517af,/Users/annibauer/Documents/__Coding.nosync/PhotoAssistant/analysis_output/discarded_review/2016_Aix_25.JPG,/Users/annibauer/Documents/__Photos.nosync/2016 Aix/2016_Aix_24.JPG,False
61f58714602f4c268b31112c8c0036a81739ca463d2d55ac864ac43d47a517af,/Users/annibauer/Documents/__Coding.nosync/PhotoAssistant/analysis_output/discarded_review/IMG_7038.JPG,/Users/annibauer/Documents/__Photos.nosync/2016 Aix/2016_Aix_24.JPG,False
1ac9d201062ed5e98151c07ff104ebc24a86681446be3407ed55aee8ba5116ed,/Users/annibauer/Documents/__Coding.nosync/PhotoAssistant/analysis_output/discarded_review/2016_Aix_27.JPG,/Users/annibauer/Documents/__Photos.nosync/2016 Aix/2016_Aix_26.JPG,False
1ac9d201062ed5e98151c07ff104ebc24a86681446be3407ed55aee8ba5116ed,/Users/annibauer/Documents/__Coding.nosync/PhotoAssistant/analysis_output/discarded_review/IMG_7040.JPG,/Users/annibauer/Documents/__Photos.nosync/2016 Aix/2016_Aix_26.JPG,False
dd7fe4fdba6c2f308f55ae49d4449a1e7cd1cd26eabe520ec1ebd06d1d701d45,/Users/annibauer/Documents/__Coding.nosync/PhotoAssistant/analysis_output/discarded_review/2016_Aix_29.JPG,/Users/annibauer/Documents/__Photos.nosync/2016 Aix/2016_Aix_28.JPG,False
dd7fe4fdba6c2f308f55ae49d4449a1e7cd1cd26eabe520ec1ebd06d1d701d45,/Users/annibauer/Documents/__Coding.nosync/PhotoAssistant/analysis_output/discarded_review/IMG_7077.JPG,/Users/annibauer/Documents/__Photos.nosync/2016 Aix/2016_Aix_28.JPG,False
041301f5038ccfffbc8d8e55e935ca6eb6bb6fa679059b1bfac093ba3ec2d3e1,/Users/annibauer/Documents/__Coding.nosync/PhotoAssistant/analysis_output/discarded_review/2016_Aix_31.JPG,/Users/annibauer/Documents/__Photos.nosync/2016 Aix/2016_Aix_30.JPG,False
041301f5038ccfffbc8d8e55e935ca6eb6bb6fa679059b1bfac093ba3ec2d3e1,/Users/annibauer/Documents/__Coding.nosync/PhotoAssistant/analysis_output/discarded_review/IMG_7078.JPG,/Users/annibauer/Documents/__Photos.nosync/2016 Aix/2016_Aix_30.JPG,False
18a6ac3821c5e33a566ac311d7effd874637ebeb1a02c978a2bf06b3681da639,/Users/annibauer/Documents/__Coding.nosync/PhotoAssistant/analysis_output/discarded_review/2016_Aix_33.JPG,/Users/annibauer/Documents/__Photos.nosync/2016 Aix/2016_Aix_32.JPG,False
18a6ac3821c5e33a566ac311d7effd874637ebeb1a02c978a2bf06b3681da639,/Users/annibauer/Documents/__Coding.nosync/PhotoAssistant/analysis_output/discarded_review/IMG_7079.JPG,/Users/annibauer/Documents/__Photos.nosync/2016 Aix/2016_Aix_32.JPG,False
73104b435fbd53813a4774f74426e109b0eea4026e9118e475a7fae2d66a0105,/Users/annibauer/Documents/__Coding.nosync/PhotoAssistant/analysis_output/discarded_review/2016_Aix_35.JPG,/Users/annibauer/Documents/__Photos.nosync/2016 Aix/2016_Aix_34.JPG,False
73104b435fbd53813a4774f74426e109b0eea4026e9118e475a7fae2d66a0105,/Users/annibauer/Documents/__Coding.nosync/PhotoAssistant/analysis_output/discarded_review/IMG_1266.JPG,/Users/annibauer/Documents/__Photos.nosync/2016 Aix/2016_Aix_34.JPG,False
73104b435fbd53813a4774f74426e109b0eea4026e9118e475a7fae2d66a0105,/Users/annibauer/Documents/__Coding.nosync/PhotoAssistant/analysis_output/discarded_review/IMG_7205 - Copy.JPG,/Users/annibauer/Documents/__Photos.nosync/2016 Aix/2016_Aix_34.JPG,False
efab7364170a29857cb912c5e31b6a55e054a3732e78b0f6734a5c775dfb953f,/Users/annibauer/Documents/__Coding.nosync/PhotoAssistant/analysis_output/discarded_review/DSC03835.JPG,/Users/annibauer/Documents/__Photos.nosync/2016 Aix/2016_Aix_36.JPG,False
efab7364170a29857cb912c5e31b6a55e054a3732e78b0f6734a5c775dfb953f,/Users/annibauer/Documents/__Coding.nosync/PhotoAssistant/analysis_output/discarded_review/IMG_1262.JPG,/Users/annibauer/Documents/__Photos.nosync/2016 Aix/2016_Aix_36.JPG,False
97d10ccbe2ae5f43bf3eaa542644374595fa65b211afe3b0e9201c40197f9417,/Users/annibauer/Documents/__Coding.nosync/PhotoAssistant/analysis_output/discarded_review/DSC03838.JPG,/Users/annibauer/Documents/__Photos.nosync/2016 Aix/2016_Aix_38.JPG,False
97d10ccbe2ae5f43bf3eaa542644374595fa65b211afe3b0e9201c40197f9417,/Users/annibauer/Documents/__Coding.nosync/PhotoAssistant/analysis_output/discarded_review/IMG_1260.JPG,/Users/annibauer/Documents/__Photos.nosync/2016 Aix/2016_Aix_38.JPG,False
324fa639737eab9b1776f3575f51cf175c0dfed6ac08ffa1942f09c16ec5a2f6,/Users/annibauer/Documents/__Coding.nosync/PhotoAssistant/analysis_output/discarded_review/DSC03839.JPG,/Users/annibauer/Documents/__Photos.nosync/2016 Aix/2016_Aix_39.JPG,False
324fa639737eab9b1776f3575f51cf175c0dfed6ac08ffa1942f09c16ec5a2f6,/Users/annibauer/Documents/__Coding.nosync/PhotoAssistant/analysis_output/discarded_review/IMG_1259.JPG,/Users/annibauer/Documents/__Photos.nosync/2016 Aix/2016_Aix_39.JPG,False
d77a5f8c2c5bbec0ec2067266915bca0a68bb3f903767da7ecfe86a93befb5f5,/Users/annibauer/Documents/__Coding.nosync/PhotoAssistant/analysis_output/discarded_review/DSC03847.JPG,/Users/annibauer/Documents/__Photos.nosync/2016 Aix/2016_Aix_40.JPG,False
d77a5f8c2c5bbec0ec2067266915bca0a68bb3f903767da7ecfe86a93befb5f5,/Users/annibauer/Documents/__Coding.nosync/PhotoAssistant/analysis_output/discarded_review/IMG_1258.JPG,/Users/annibauer/Documents/__Photos.nosync/2016 Aix/2016_Aix_40.JPG,False
c80c18cba696f651fb7829669d50bb917d24d9492dea8b2042b1c5326fc1be12,/Users/annibauer/Documents/__Coding.nosync/PhotoAssistant/analysis_output/discarded_review/DSC03848.JPG,/Users/annibauer/Documents/__Photos.nosync/2016 Aix/2016_Aix_41.JPG,False
c80c18cba696f651fb7829669d50bb917d24d9492dea8b2042b1c5326fc1be12,/Users/annibauer/Documents/__Coding.nosync/PhotoAssistant/analysis_output/discarded_review/IMG_1257.JPG,/Users/annibauer/Documents/__Photos.nosync/2016 Aix/2016_Aix_41.JPG,False
adbd35269aef936eb270c21c2f19f7a34ab955e507af37d5aca5796c3cbea844,/Users/annibauer/Documents/__Coding.nosync/PhotoAssistant/analysis_output/discarded_review/DSC03857.JPG,/Users/annibauer/Documents/__Photos.nosync/2016 Aix/2016_Aix_42.JPG,False
adbd35269aef936eb270c21c2f19f7a34ab955e507af37d5aca5796c3cbea844,/Users/annibauer/Documents/__Coding.nosync/PhotoAssistant/analysis_output/discarded_review/IMG_1256.JPG,/Users/annibauer/Documents/__Photos.nosync/2016 Aix/2016_Aix_42.JPG,False
3e85c8d0309004d5961fdf952a3e6e224dc7ed180183620ee9c5c7a9a6476336,/Users/annibauer/Documents/__Coding.nosync/PhotoAssistant/analysis_output/discarded_review/DSC03858.JPG,/Users/annibauer/Documents/__Photos.nosync/2016 Aix/2016_Aix_43.JPG,False
3e85c8d0309004d5961fdf952a3e6e224dc7ed180183620ee9c5c7a9a6476336,/Users/annibauer/Documents/__Coding.nosync/PhotoAssistant/analysis_output/discarded_review/IMG_1254.JPG,/Users/annibauer/Documents/__Photos.nosync/2016 Aix/2016_Aix_43.JPG,False
374267fcb66d556173944df7a0d312a6818679ee866c8f3fa703bdf23e99e3f3,/Users/annibauer/Documents/__Coding.nosync/PhotoAssistant/analysis_output/discarded_review/DSC03859.JPG,/Users/annibauer/Documents/__Photos.nosync/2016 Aix/2016_Aix_44.JPG,False
374267fcb66d556173944df7a0d312a6818679ee866c8f3fa703bdf23e99e3f3,/Users/annibauer/Documents/__Coding.nosync/PhotoAssistant/analysis_output/discarded_review/IMG_1253.JPG,/Users/annibauer/Documents/__Photos.nosync/2016 Aix/2016_Aix_44.JPG,False
92e1bc5685fe0436d6b7668b501b3411773c2eaf0670dd9629b2cd04fe6fcb10,/Users/annibauer/Documents/__Coding.nosync/PhotoAssistant/analysis_output/discarded_review/DSC03862.JPG,/Users/annibauer/Documents/__Photos.nosync/2016 Aix/2016_Aix_45.JPG,False
92e1bc5685fe0436d6b7668b501b3411773c2eaf0670dd9629b2cd04fe6fcb10,/Users/annibauer/Documents/__Coding.nosync/PhotoAssistant/analysis_output/discarded_review/IMG_1255.JPG,/Users/annibauer/Documents/__Photos.nosync/2016 Aix/2016_Aix_45.JPG,False
3bf5d98eacc921eaeb8aa43d314bb8d8266ee70fead8db8de636d004b6796547,/Users/annibauer/Documents/__Coding.nosync/PhotoAssistant/analysis_output/discarded_review/2016_Aix_51.JPG,/Users/annibauer/Documents/__Photos.nosync/2016 Aix/2016_Aix_46.JPG,False
3bf5d98eacc921eaeb8aa43d314bb8d8266ee70fead8db8de636d004b6796547,/Users/annibauer/Documents/__Coding.nosync/PhotoAssistant/analysis_output/discarded_review/DSC03864.JPG,/Users/annibauer/Documents/__Photos.nosync/2016 Aix/2016_Aix_46.JPG,False
3bf5d98eacc921eaeb8aa43d314bb8d8266ee70fead8db8de636d004b6796547,/Users/annibauer/Documents/__Coding.nosync/PhotoAssistant/analysis_output/discarded_review/IMG_1252.JPG,/Users/annibauer/Documents/__Photos.nosync/2016 Aix/2016_Aix_46.JPG,False
71a9968882f0032c8c97237dbffe0a5886b736d025c97c6b6deb220fadd7756d,/Users/annibauer/Documents/__Coding.nosync/PhotoAssistant/analysis_output/discarded_review/2016_Aix_52.JPG,/Users/annibauer/Documents/__Photos.nosync/2016 Aix/2016_Aix_47.JPG,False
71a9968882f0032c8c97237dbffe0a5886b736d025c97c6b6deb220fadd7756d,/Users/annibauer/Documents/__Coding.nosync/PhotoAssistant/analysis_output/discarded_review/DSC03885.JPG,/Users/annibauer/Documents/__Photos.nosync/2016 Aix/2016_Aix_47.JPG,False
71a9968882f0032c8c97237dbffe0a5886b736d025c97c6b6deb220fadd7756d,/Users/annibauer/Documents/__Coding.nosync/PhotoAssistant/analysis_output/discarded_review/IMG_1251.JPG,/Users/annibauer/Documents/__Photos.nosync/2016 Aix/2016_Aix_47.JPG,False
380fd282e58366afb532b5319fa09d6c2baf8cbe8d9a9c6efdbea47c5675c2a3,/Users/annibauer/Documents/__Coding.nosync/PhotoAssistant/analysis_output/discarded_review/IMG_1263.JPG,/Users/annibauer/Documents/__Photos.nosync/2016 Aix/2016_Aix_48.JPG,False
380fd282e58366afb532b5319fa09d6c2baf8cbe8d9a9c6efdbea47c5675c2a3,/Users/annibauer/Documents/__Coding.nosync/PhotoAssistant/analysis_output/discarded_review/IMG_7218 - Copy.JPG,/Users/annibauer/Documents/__Photos.nosync/2016 Aix/2016_Aix_48.JPG,False
eac6c66e2ff08dc1aaf181547d0d828cb65343f7087dda4b0badec1f8031ecc5,/Users/annibauer/Documents/__Coding.nosync/PhotoAssistant/analysis_output/discarded_review/IMG_1265.JPG,/Users/annibauer/Documents/__Photos.nosync/2016 Aix/2016_Aix_49.JPG,False
eac6c66e2ff08dc1aaf181547d0d828cb65343f7087dda4b0badec1f8031ecc5,/Users/annibauer/Documents/__Coding.nosync/PhotoAssistant/analysis_output/discarded_review/IMG_7216 - Copy.JPG,/Users/annibauer/Documents/__Photos.nosync/2016 Aix/2016_Aix_49.JPG,False
54fbd4f2a2145b496de97147d2825e9aa1be2436dace458d8fc402ee0f441349,/Users/annibauer/Documents/__Coding.nosync/PhotoAssistant/analysis_output/discarded_review/IMG_1264.JPG,/Users/annibauer/Documents/__Photos.nosync/2016 Aix/2016_Aix_50.JPG,False
54fbd4f2a2145b496de97147d2825e9aa1be2436dace458d8fc402ee0f441349,/Users/annibauer/Documents/__Coding.nosync/PhotoAssistant/analysis_output/discarded_review/IMG_7217 - Copy.JPG,/Users/annibauer/Documents/__Photos.nosync/2016 Aix/2016_Aix_50.JPG,False
81a6947b0b5cd224ebc0fa1c8d857768076d0fc2cd40e75019832a011cb36d00,/Users/annibauer/Documents/__Coding.nosync/PhotoAssistant/analysis_output/discarded_review/IMG_1250.JPG,/Users/annibauer/Documents/__Photos.nosync/2016 Aix/2016_Aix_53.JPG,False
81a6947b0b5cd224ebc0fa1c8d857768076d0fc2cd40e75019832a011cb36d00,/Users/annibauer/Documents/__Coding.nosync/PhotoAssistant/analysis_output/discarded_review/IMG_7236 - Copy.JPG,/Users/annibauer/Documents/__Photos.nosync/2016 Aix/2016_Aix_53.JPG,False
496ccc298652187a99213d4b1d2b2fc9dcbb34ea4f2d0f6f26f77f8a6cf1a3f8,/Users/annibauer/Documents/__Coding.nosync/PhotoAssistant/analysis_output/discarded_review/IMG_1249.JPG,/Users/annibauer/Documents/__Photos.nosync/2016 Aix/2016_Aix_54.JPG,False
496ccc298652187a99213d4b1d2b2fc9dcbb34ea4f2d0f6f26f77f8a6cf1a3f8,/Users/annibauer/Documents/__Coding.nosync/PhotoAssistant/analysis_output/discarded_review/IMG_7238 - Copy.JPG,/Users/annibauer/Documents/__Photos.nosync/2016 Aix/2016_Aix_54.JPG,False
b1f0a416bd706ddcdfeb7e2d011f95de24ae5b201174536a984f63ac52d0f88f,/Users/annibauer/Documents/__Coding.nosync/PhotoAssistant/analysis_output/discarded_review/IMG_1248.JPG,/Users/annibauer/Documents/__Photos.nosync/2016 Aix/2016_Aix_55.JPG,False
b1f0a416bd706ddcdfeb7e2d011f95de24ae5b201174536a984f63ac52d0f88f,/Users/annibauer/Documents/__Coding.nosync/PhotoAssistant/analysis_output/discarded_review/IMG_7243 - Copy.JPG,/Users/annibauer/Documents/__Photos.nosync/2016 Aix/2016_Aix_55.JPG,False
7d905018c2d45838cd58847123115cb12a7b75583a67318511c08ed372a35e77,/Users/annibauer/Documents/__Coding.nosync/PhotoAssistant/analysis_output/discarded_review/2016_Aix_83.jpg,/Users/annibauer/Documents/__Photos.nosync/2016 Aix/2016_Aix_56.JPG,False
7d905018c2d45838cd58847123115cb12a7b75583a67318511c08ed372a35e77,/Users/annibauer/Documents/__Coding.nosync/PhotoAssistant/analysis_output/discarded_review/IMG_1247.JPG,/Users/annibauer/Documents/__Photos.nosync/2016 Aix/2016_Aix_56.JPG,False
0733cfed71146230393ed16b5582f9eec311631ea4dd9cdfff6ac7bc9a761dfb,/Users/annibauer/Documents/__Coding.nosync/PhotoAssistant/analysis_output/discarded_review/WP_20161015_016 1.jpg,/Users/annibauer/Documents/__Photos.nosync/2016 Amsterdam/2016_Amsterdam_10.JPG,False
0733cfed71146230393ed16b5582f9eec311631ea4dd9cdfff6ac7bc9a761dfb,/Users/annibauer/Documents/__Coding.nosync/PhotoAssistant/analysis_output/discarded_review/WP_20161015_016.jpg,/Users/annibauer/Documents/__Photos.nosync/2016 Amsterdam/2016_Amsterdam_10.JPG,False
cad8ad87046fb2512bb8925cbe50ff2b082d839735901296caf760e225096b4b,/Users/annibauer/Documents/__Coding.nosync/PhotoAssistant/analysis_output/discarded_review/WP_20161016_012.jpg,/Users/annibauer/Documents/__Photos.nosync/2016 Amsterdam/2016_Amsterdam_11.JPG,False
c820571823969cb35d7e507e10ed39f38d2ef97279a1e27b6f4ad143814374fd,/Users/annibauer/Documents/__Coding.nosync/PhotoAssistant/analysis_output/discarded_review/WP_20161016_005 1.jpg,/Users/annibauer/Documents/__Photos.nosync/2016 Amsterdam/2016_Amsterdam_12.JPG,False
c820571823969cb35d7e507e10ed39f38d2ef97279a1e27b6f4ad143814374fd,/Users/annibauer/Documents/__Coding.nosync/PhotoAssistant/analysis_output/discarded_review/WP_20161016_005.jpg,/Users/annibauer/Documents/__Photos.nosync/2016 Amsterdam/2016_Amsterdam_12.JPG,False
d7db50da2f2d91a4b264449684879be0818aba96e4a97752fbff79d0f380753c,/Users/annibauer/Documents/__Coding.nosync/PhotoAssistant/analysis_output/discarded_review/WP_20161016_008 1.jpg,/Users/annibauer/Documents/__Photos.nosync/2016 Amsterdam/2016_Amsterdam_13.JPG,False
d7db50da2f2d91a4b264449684879be0818aba96e4a97752fbff79d0f380753c,/Users/annibauer/Documents/__Coding.nosync/PhotoAssistant/analysis_output/discarded_review/WP_20161016_008.jpg,/Users/annibauer/Documents/__Photos.nosync/2016 Amsterdam/2016_Amsterdam_13.JPG,False
f4a98a7cd7c136944b2c142129a961ab9b5f59ddadc83f167612b6ddbb1b598d,/Users/annibauer/Documents/__Coding.nosync/PhotoAssistant/analysis_output/discarded_review/WP_20161016_007 1.jpg,/Users/annibauer/Documents/__Photos.nosync/2016 Amsterdam/2016_Amsterdam_14.JPG,False
f4a98a7cd7c136944b2c142129a961ab9b5f59ddadc83f167612b6ddbb1b598d,/Users/annibauer/Documents/__Coding.nosync/PhotoAssistant/analysis_output/discarded_review/WP_20161016_007.jpg,/Users/annibauer/Documents/__Photos.nosync/2016 Amsterdam/2016_Amsterdam_14.JPG,False
e13f0f37141b33c0940c306d29598e4dc8c93b0497f54daf515e46ac29029503,/Users/annibauer/Documents/__Coding.nosync/PhotoAssistant/analysis_output/discarded_review/2016_June_01.jpg,/Users/annibauer/Documents/__Photos.nosync/2016 Juni/2016_June_00.jpg,False
9a7d825bc7baacebc1a9d27b0467d8df85147b9f96974c404df73ffb55c52174,/Users/annibauer/Documents/__Coding.nosync/PhotoAssistant/analysis_output/discarded_review/Handy 560.jpg,/Users/annibauer/Documents/__Photos.nosync/2016 Juni/2016_June_05.jpg,False
9a7d825bc7baacebc1a9d27b0467d8df85147b9f96974c404df73ffb55c52174,/Users/annibauer/Documents/__Coding.nosync/PhotoAssistant/analysis_output/discarded_review/Handy 560_1.jpg,/Users/annibauer/Documents/__Photos.nosync/2016 Juni/2016_June_05.jpg,False
cae24d05556e1107139ddf129b3e89fc23c3c3bf26e5e65b9a853d892382f727,/Users/annibauer/Documents/__Coding.nosync/PhotoAssistant/analysis_output/discarded_review/Handy 914.jpg,/Users/annibauer/Documents/__Photos.nosync/2016 Oktober/2016_Amsterdam_09.jpg,False
cae24d05556e1107139ddf129b3e89fc23c3c3bf26e5e65b9a853d892382f727,/Users/annibauer/Documents/__Coding.nosync/PhotoAssistant/analysis_output/discarded_review/Handy 914_1.jpg,/Users/annibauer/Documents/__Photos.nosync/2016 Oktober/2016_Amsterdam_09.jpg,False
934014a48ac54cd7f5e740163379f3edee5262160ff2a102092b2c8d313fe106,/Users/annibauer/Documents/__Coding.nosync/PhotoAssistant/analysis_output/discarded_review/IMG_7032.JPG,/Users/annibauer/Documents/__Photos.nosync/2016-06-30/2016_Aix_00.JPG,False
1a6743e9844dad355a4d7e2842c8f0068754705ac4fa44c01ec3281681846fd2,/Users/annibauer/Documents/__Coding.nosync/PhotoAssistant/analysis_output/discarded_review/Marokko 311.jpg,/Users/annibauer/Documents/__Photos.nosync/2017 April/2017_Ostern_07.jpg,False
398eb40a91751c286a5f84fdca0fa81072173fee2524f044a565bba7b0ccdaa2,/Users/annibauer/Documents/__Coding.nosync/PhotoAssistant/analysis_output/discarded_review/001.JPG,/Users/annibauer/Documents/__Photos.nosync/2017 August/2017_August_00.JPG,False
64987f0c315506a7d704567283a23d53399d39526f304c1faa914c66a57092df,/Users/annibauer/Documents/__Coding.nosync/PhotoAssistant/analysis_output/discarded_review/002.JPG,/Users/annibauer/Documents/__Photos.nosync/2017 August/2017_August_01.JPG,False
493342031608f48e12eb201c7629e9d6f33a879aba129a1eb0f1264ba2c81e39,/Users/annibauer/Documents/__Coding.nosync/PhotoAssistant/analysis_output/discarded_review/003.JPG,/Users/annibauer/Documents/__Photos.nosync/2017 August/2017_August_02.JPG,False
ee763808fddd62dc7e684a99195dbd6f8a2960f18aead458019e82997ffbf4da,/Users/annibauer/Documents/__Coding.nosync/PhotoAssistant/analysis_output/discarded_review/005.JPG,/Users/annibauer/Documents/__Photos.nosync/2017 August/2017_August_05.JPG,False
64773ee57a2a55a7ea380565a91fef5e2572e1a9212ff0528bfae685830ff256,/Users/annibauer/Documents/__Coding.nosync/PhotoAssistant/analysis_output/discarded_review/007.JPG,/Users/annibauer/Documents/__Photos.nosync/2017 August/2017_August_06.JPG,False
db75f2a834e9792b3e0e93bbc5f78409e9dbac71b97e6884ffc338b4db437430,/Users/annibauer/Documents/__Coding.nosync/PhotoAssistant/analysis_output/discarded_review/009.JPG,/Users/annibauer/Documents/__Photos.nosync/2017 August/2017_August_08.JPG,False
a030ad8bb60783dbff209f0bf26d05024163bbefe6d52d882e6f2be83ceafaee,/Users/annibauer/Documents/__Coding.nosync/PhotoAssistant/analysis_output/discarded_review/010.JPG,/Users/annibauer/Documents/__Photos.nosync/2017 August/2017_August_09.JPG,False
a030ad8bb60783dbff209f0bf26d05024163bbefe6d52d882e6f2be83ceafaee,/Users/annibauer/Documents/__Coding.nosync/PhotoAssistant/analysis_output/discarded_review/IMG_1755.JPG,/Users/annibauer/Documents/__Photos.nosync/2017 August/2017_August_09.JPG,False
a030ad8bb60783dbff209f0bf26d05024163bbefe6d52d882e6f2be83ceafaee,/Users/annibauer/Documents/__Coding.nosync/PhotoAssistant/analysis_output/discarded_review/LQUO0514 (1).JPG,/Users/annibauer/Documents/__Photos.nosync/2017 August/2017_August_09.JPG,False
a030ad8bb60783dbff209f0bf26d05024163bbefe6d52d882e6f2be83ceafaee,/Users/annibauer/Documents/__Coding.nosync/PhotoAssistant/analysis_output/discarded_review/LQUO0514.JPG,/Users/annibauer/Documents/__Photos.nosync/2017 August/2017_August_09.JPG,False
407f1efa3ba1c2e65a9424f6a5f40a457e4045692099b9df9e713521885d9671,/Users/annibauer/Documents/__Coding.nosync/PhotoAssistant/analysis_output/discarded_review/011.JPG,/Users/annibauer/Documents/__Photos.nosync/2017 August/2017_August_10.JPG,False
65940ca87e5fe6c06909f83cb9ebc95afe5a16e0fd60bed48c18cbfcb32e55bc,/Users/annibauer/Documents/__Coding.nosync/PhotoAssistant/analysis_output/discarded_review/012.JPG,/Users/annibauer/Documents/__Photos.nosync/2017 August/2017_August_11.JPG,False
acc00e5196d135fd0f063770a8e7251df055f3a9d1066bc1cc5d87339783e161,/Users/annibauer/Documents/__Coding.nosync/PhotoAssistant/analysis_output/discarded_review/013.JPG,/Users/annibauer/Documents/__Photos.nosync/2017 August/2017_August_12.JPG,False
f6b88d1033614189c5e8ccbc250fd4f394f1e6b5e9465c7e887cd58a135c8588,/Users/annibauer/Documents/__Coding.nosync/PhotoAssistant/analysis_output/discarded_review/014.JPG,/Users/annibauer/Documents/__Photos.nosync/2017 August/2017_August_13.JPG,False
751a485cb36c9968103ebd4c5176665fe77db510fda1b561befa14ecad6bc1b6,/Users/annibauer/Documents/__Coding.nosync/PhotoAssistant/analysis_output/discarded_review/016.JPG,/Users/annibauer/Documents/__Photos.nosync/2017 August/2017_August_15.JPG,False
9caf5df438801acfd5cfd91590cfd2acddc786122965b1c3ab099542918884f0,/Users/annibauer/Documents/__Coding.nosync/PhotoAssistant/analysis_output/discarded_review/017.JPG,/Users/annibauer/Documents/__Photos.nosync/2017 August/2017_August_16.JPG,False
65b2074884377d40927e6609745e7ee560912d04ef23e79a8ced523e5e82d298,/Users/annibauer/Documents/__Coding.nosync/PhotoAssistant/analysis_output/discarded_review/018.JPG,/Users/annibauer/Documents/__Photos.nosync/2017 August/2017_August_17.JPG,False
63d46b5ce658b07d6511e5ecb7aa4b96e3ec701b62aa4a8890e797aa1f11a879,/Users/annibauer/Documents/__Coding.nosync/PhotoAssistant/analysis_output/discarded_review/019.JPG,/Users/annibauer/Documents/__Photos.nosync/2017 August/2017_August_18.JPG,False
ed12bd5dda63c084fb349863e5d2e8bf9913210393c719fc65d42ac7759cd827,/Users/annibauer/Documents/__Coding.nosync/PhotoAssistant/analysis_output/discarded_review/024.JPG,/Users/annibauer/Documents/__Photos.nosync/2017 August/2017_August_23.JPG,False
7fbff1a11cc8a961b628a2eac71ba0dcca9e8eb3f6d7ea8819ec0e0288a79aa6,/Users/annibauer/Documents/__Coding.nosync/PhotoAssistant/analysis_output/discarded_review/025.JPG,/Users/annibauer/Documents/__Photos.nosync/2017 August/2017_August_24.JPG,False
851bbf2fd1884e1b1ac1902481579d33e779f9bb7d77ac1afad56a52c0a5b503,/Users/annibauer/Documents/__Coding.nosync/PhotoAssistant/analysis_output/discarded_review/026.JPG,/Users/annibauer/Documents/__Photos.nosync/2017 August/2017_August_25.JPG,False
ca9126d11c5ee8b21e68967455784a781cd65f1276ceca8e3fdd88ddeb74b2b1,/Users/annibauer/Documents/__Coding.nosync/PhotoAssistant/analysis_output/discarded_review/028.JPG,/Users/annibauer/Documents/__Photos.nosync/2017 August/2017_August_27.JPG,False
ca9126d11c5ee8b21e68967455784a781cd65f1276ceca8e3fdd88ddeb74b2b1,/Users/annibauer/Documents/__Coding.nosync/PhotoAssistant/analysis_output/discarded_review/IMG_1756.JPG,/Users/annibauer/Documents/__Photos.nosync/2017 August/2017_August_27.JPG,False
ca9126d11c5ee8b21e68967455784a781cd65f1276ceca8e3fdd88ddeb74b2b1,/Users/annibauer/Documents/__Coding.nosync/PhotoAssistant/analysis_output/discarded_review/PGUK3932 (1).JPG,/Users/annibauer/Documents/__Photos.nosync/2017 August/2017_August_27.JPG,False
ca9126d11c5ee8b21e68967455784a781cd65f1276ceca8e3fdd88ddeb74b2b1,/Users/annibauer/Documents/__Coding.nosync/PhotoAssistant/analysis_output/discarded_review/PGUK3932.JPG,/Users/annibauer/Documents/__Photos.nosync/2017 August/2017_August_27.JPG,False
0b87c51b16f805d35f1f8d86ce442e24f502f9a6c34f79b9f40695e93d480fec,/Users/annibauer/Documents/__Coding.nosync/PhotoAssistant/analysis_output/discarded_review/029.JPG,/Users/annibauer/Documents/__Photos.nosync/2017 August/2017_August_28.JPG,False
f61364a37efba6f7b5d8ee3294a45d85b0c98bac6d3f0abf7d58686798724981,/Users/annibauer/Documents/__Coding.nosync/PhotoAssistant/analysis_output/discarded_review/030.JPG,/Users/annibauer/Documents/__Photos.nosync/2017 August/2017_August_29.JPG,False
e0d1827b9439fefc17cadf882846c26cfd6ddcba84b8c6ced836baaba2802460,/Users/annibauer/Documents/__Coding.nosync/PhotoAssistant/analysis_output/discarded_review/031.JPG,/Users/annibauer/Documents/__Photos.nosync/2017 August/2017_August_30.JPG,False
e0d1827b9439fefc17cadf882846c26cfd6ddcba84b8c6ced836baaba2802460,/Users/annibauer/Documents/__Coding.nosync/PhotoAssistant/analysis_output/discarded_review/IMG_1757.JPG,/Users/annibauer/Documents/__Photos.nosync/2017 August/2017_August_30.JPG,False
e0d1827b9439fefc17cadf882846c26cfd6ddcba84b8c6ced836baaba2802460,/Users/annibauer/Documents/__Coding.nosync/PhotoAssistant/analysis_output/discarded_review/SFVV3130 (1).JPG,/Users/annibauer/Documents/__Photos.nosync/2017 August/2017_August_30.JPG,False
e0d1827b9439fefc17cadf882846c26cfd6ddcba84b8c6ced836baaba2802460,/Users/annibauer/Documents/__Coding.nosync/PhotoAssistant/analysis_output/discarded_review/SFVV3130.JPG,/Users/annibauer/Documents/__Photos.nosync/2017 August/2017_August_30.JPG,False
4713b4c2a6050789bbe3ede75effa947ff5ad1b553e3e1a4ef6db7a7acff252f,/Users/annibauer/Documents/__Coding.nosync/PhotoAssistant/analysis_output/discarded_review/032.JPG,/Users/annibauer/Documents/__Photos.nosync/2017 August/2017_August_31.JPG,False
4713b4c2a6050789bbe3ede75effa947ff5ad1b553e3e1a4ef6db7a7acff252f,/Users/annibauer/Documents/__Coding.nosync/PhotoAssistant/analysis_output/discarded_review/IMG_1758.JPG,/Users/annibauer/Documents/__Photos.nosync/2017 August/2017_August_31.JPG,False
4713b4c2a6050789bbe3ede75effa947ff5ad1b553e3e1a4ef6db7a7acff252f,/Users/annibauer/Documents/__Coding.nosync/PhotoAssistant/analysis_output/discarded_review/IMG_1788.JPG,/Users/annibauer/Documents/__Photos.nosync/2017 August/2017_August_31.JPG,False
4713b4c2a6050789bbe3ede75effa947ff5ad1b553e3e1a4ef6db7a7acff252f,/Users/annibauer/Documents/__Coding.nosync/PhotoAssistant/analysis_output/discarded_review/PNVI3988 (1).JPG,/Users/annibauer/Documents/__Photos.nosync/2017 August/2017_August_31.JPG,False
4713b4c2a6050789bbe3ede75effa947ff5ad1b553e3e1a4ef6db7a7acff252f,/Users/annibauer/Documents/__Coding.nosync/PhotoAssistant/analysis_output/discarded_review/PNVI3988 (2).JPG,/Users/annibauer/Documents/__Photos.nosync/2017 August/2017_August_31.JPG,False
4713b4c2a6050789bbe3ede75effa947ff5ad1b553e3e1a4ef6db7a7acff252f,/Users/annibauer/Documents/__Coding.nosync/PhotoAssistant/analysis_output/discarded_review/PNVI3988 (3).JPG,/Users/annibauer/Documents/__Photos.nosync/2017 August/2017_August_31.JPG,False
4713b4c2a6050789bbe3ede75effa947ff5ad1b553e3e1a4ef6db7a7acff252f,/Users/annibauer/Documents/__Coding.nosync/PhotoAssistant/analysis_output/discarded_review/PNVI3988.JPG,/Users/annibauer/Documents/__Photos.nosync/2017 August/2017_August_31.JPG,False
10011a08b19d0ac8842cc7c3dacabaf229d9e34ea141ee6a1d751f965cf1b9a6,/Users/annibauer/Documents/__Coding.nosync/PhotoAssistant/analysis_output/discarded_review/033.JPG,/Users/annibauer/Documents/__Photos.nosync/2017 August/2017_August_32.JPG,False
7cf27f0ab61d15c06374e06c1b60af38009bdab003cbd246be0323893290493e,/Users/annibauer/Documents/__Coding.nosync/PhotoAssistant/analysis_output/discarded_review/034.JPG,/Users/annibauer/Documents/__Photos.nosync/2017 August/2017_August_33.JPG,False
ba5a1dd4ad8d2164adb7d08ac356fbe954b6eb5eb853c88d89a1a92f8b62a5d0,/Users/annibauer/Documents/__Coding.nosync/PhotoAssistant/analysis_output/discarded_review/035.JPG,/Users/annibauer/Documents/__Photos.nosync/2017 August/2017_August_34.JPG,False
e92fe5a8ffdd717686b21192850deb9b3b6144971b6f69dbb6cbc7dc800f5b85,/Users/annibauer/Documents/__Coding.nosync/PhotoAssistant/analysis_output/discarded_review/037.JPG,/Users/annibauer/Documents/__Photos.nosync/2017 August/2017_August_35.JPG,False
bbf62822dacb207c24d8184cab3b2fad801369cd1fb90f41f60ee7b5062b81ac,/Users/annibauer/Documents/__Coding.nosync/PhotoAssistant/analysis_output/discarded_review/038.JPG,/Users/annibauer/Documents/__Photos.nosync/2017 August/2017_August_36.JPG,False
bbf62822dacb207c24d8184cab3b2fad801369cd1fb90f41f60ee7b5062b81ac,/Users/annibauer/Documents/__Coding.nosync/PhotoAssistant/analysis_output/discarded_review/IMG_1759.JPG,/Users/annibauer/Documents/__Photos.nosync/2017 August/2017_August_36.JPG,False
bbf62822dacb207c24d8184cab3b2fad801369cd1fb90f41f60ee7b5062b81ac,/Users/annibauer/Documents/__Coding.nosync/PhotoAssistant/analysis_output/discarded_review/QEDY0577 (1).JPG,/Users/annibauer/Documents/__Photos.nosync/2017 August/2017_August_36.JPG,False
bbf62822dacb207c24d8184cab3b2fad801369cd1fb90f41f60ee7b5062b81ac,/Users/annibauer/Documents/__Coding.nosync/PhotoAssistant/analysis_output/discarded_review/QEDY0577.JPG,/Users/annibauer/Documents/__Photos.nosync/2017 August/2017_August_36.JPG,False
8d48311ed8064d963e4ef37e355af4de28de058a70ec90a6e9867558efdc219e,/Users/annibauer/Documents/__Coding.nosync/PhotoAssistant/analysis_output/discarded_review/039.JPG,/Users/annibauer/Documents/__Photos.nosync/2017 August/2017_August_37.JPG,False
2b0a151baece9add3b1a833d0019f149e83bcfaaf5741ccda36cbf13fb9e42d4,/Users/annibauer/Documents/__Coding.nosync/PhotoAssistant/analysis_output/discarded_review/040.JPG,/Users/annibauer/Documents/__Photos.nosync/2017 August/2017_August_38.JPG,False
2b0a151baece9add3b1a833d0019f149e83bcfaaf5741ccda36cbf13fb9e42d4,/Users/annibauer/Documents/__Coding.nosync/PhotoAssistant/analysis_output/discarded_review/IMG_1760.JPG,/Users/annibauer/Documents/__Photos.nosync/2017 August/2017_August_38.JPG,False
2b0a151baece9add3b1a833d0019f149e83bcfaaf5741ccda36cbf13fb9e42d4,/Users/annibauer/Documents/__Coding.nosync/PhotoAssistant/analysis_output/discarded_review/JYSS0741 (1).JPG,/Users/annibauer/Documents/__Photos.nosync/2017 August/2017_August_38.JPG,False
2b0a151baece9add3b1a833d0019f149e83bcfaaf5741ccda36cbf13fb9e42d4,/Users/annibauer/Documents/__Coding.nosync/PhotoAssistant/analysis_output/discarded_review/JYSS0741.JPG,/Users/annibauer/Documents/__Photos.nosync/2017 August/2017_August_38.JPG,False
ea4ff49d9d3e2cd880c46bd9a1ff02c814030605a15eb7b2b7592e6af26310b0,/Users/annibauer/Documents/__Coding.nosync/PhotoAssistant/analysis_output/discarded_review/045.JPG,/Users/annibauer/Documents/__Photos.nosync/2017 August/2017_August_43.JPG,False
ea4ff49d9d3e2cd880c46bd9a1ff02c814030605a15eb7b2b7592e6af26310b0,/Users/annibauer/Documents/__Coding.nosync/PhotoAssistant/analysis_output/discarded_review/IMG_1761.JPG,/Users/annibauer/Documents/__Photos.nosync/2017 August/2017_August_43.JPG,False
ea4ff49d9d3e2cd880c46bd9a1ff02c814030605a15eb7b2b7592e6af26310b0,/Users/annibauer/Documents/__Coding.nosync/PhotoAssistant/analysis_output/discarded_review/PCNK9310 (1).JPG,/Users/annibauer/Documents/__Photos.nosync/2017 August/2017_August_43.JPG,False
ea4ff49d9d3e2cd880c46bd9a1ff02c814030605a15eb7b2b7592e6af26310b0,/Users/annibauer/Documents/__Coding.nosync/PhotoAssistant/analysis_output/discarded_review/PCNK9310.JPG,/Users/annibauer/Documents/__Photos.nosync/2017 August/2017_August_43.JPG,False
f502293d1a5beb460551ba59131344d9ada4871cb51fb78359987f51adfcc457,/Users/annibauer/Documents/__Coding.nosync/PhotoAssistant/analysis_output/discarded_review/047.JPG,/Users/annibauer/Documents/__Photos.nosync/2017 August/2017_August_45.JPG,False
4cec5f306b5b92fa4084bdffd4aa80d0e353d0959f0e388bd5220586250969bd,/Users/annibauer/Documents/__Coding.nosync/PhotoAssistant/analysis_output/discarded_review/049.JPG,/Users/annibauer/Documents/__Photos.nosync/2017 August/2017_August_47.JPG,False
4cec5f306b5b92fa4084bdffd4aa80d0e353d0959f0e388bd5220586250969bd,/Users/annibauer/Documents/__Coding.nosync/PhotoAssistant/analysis_output/discarded_review/IMG_1789.JPG,/Users/annibauer/Documents/__Photos.nosync/2017 August/2017_August_47.JPG,False
4cec5f306b5b92fa4084bdffd4aa80d0e353d0959f0e388bd5220586250969bd,/Users/annibauer/Documents/__Coding.nosync/PhotoAssistant/analysis_output/discarded_review/ODMX3570 (1).JPG,/Users/annibauer/Documents/__Photos.nosync/2017 August/2017_August_47.JPG,False
4cec5f306b5b92fa4084bdffd4aa80d0e353d0959f0e388bd5220586250969bd,/Users/annibauer/Documents/__Coding.nosync/PhotoAssistant/analysis_output/discarded_review/ODMX3570.JPG,/Users/annibauer/Documents/__Photos.nosync/2017 August/2017_August_47.JPG,False
c6a6afa49a8c800fe846024d0f213bc8650da66baa5e52fc847efa57c462f805,/Users/annibauer/Documents/__Coding.nosync/PhotoAssistant/analysis_output/discarded_review/050.JPG,/Users/annibauer/Documents/__Photos.nosync/2017 August/2017_August_48.JPG,False
1666941805342bdf3618d85b9d28c9e4391185a7f49247d48a51064771b3fa7f,/Users/annibauer/Documents/__Coding.nosync/PhotoAssistant/analysis_output/discarded_review/053.JPG,/Users/annibauer/Documents/__Photos.nosync/2017 August/2017_August_51.JPG,False
ad4912f9762a9c1ed5fbcff4a8b1129abc68a3cb4036c573a4b9b73d0812556d,/Users/annibauer/Documents/__Coding.nosync/PhotoAssistant/analysis_output/discarded_review/054.JPG,/Users/annibauer/Documents/__Photos.nosync/2017 August/2017_August_52.JPG,False
9bdc34d4e4bb172c0fa319030d52a5f8b361858d43204cbf33a214c3ffefb1e0,/Users/annibauer/Documents/__Coding.nosync/PhotoAssistant/analysis_output/discarded_review/055.JPG,/Users/annibauer/Documents/__Photos.nosync/2017 August/2017_August_53.JPG,False
1b0b14eb36e6311aecfdedae2c6817fe3221b91f48d8cda3604d4c9220c84836,/Users/annibauer/Documents/__Coding.nosync/PhotoAssistant/analysis_output/discarded_review/056.JPG,/Users/annibauer/Documents/__Photos.nosync/2017 August/2017_August_54.JPG,False
b36dba4aec4bf276bbbb6048df8dbacb58e1830bfaffef8b3d26094fbc7b458c,/Users/annibauer/Documents/__Coding.nosync/PhotoAssistant/analysis_output/discarded_review/057.JPG,/Users/annibauer/Documents/__Photos.nosync/2017 August/2017_August_55.JPG,False
a6609f78fd5721e73916ac0982cc4c0429b33c2647298e17b2b9e8619739668b,/Users/annibauer/Documents/__Coding.nosync/PhotoAssistant/analysis_output/discarded_review/060.JPG,/Users/annibauer/Documents/__Photos.nosync/2017 August/2017_August_58.JPG,False
195b63046f451b30bea588a1e4aec9e4b433feff7a014e3e8d687a300bc60315,/Users/annibauer/Documents/__Coding.nosync/PhotoAssistant/analysis_output/discarded_review/061.JPG,/Users/annibauer/Documents/__Photos.nosync/2017 August/2017_August_59.JPG,False
4d6831aa6fa4e8b0b79eed7089e4a17dc86ba92a45890a101f6be0930139bde4,/Users/annibauer/Documents/__Coding.nosync/PhotoAssistant/analysis_output/discarded_review/063.JPG,/Users/annibauer/Documents/__Photos.nosync/2017 August/2017_August_61.JPG,False
930b2ac321724b733eeb2b6096b5dc403f7ca294e1f26b6a01df0ade99900a8c,/Users/annibauer/Documents/__Coding.nosync/PhotoAssistant/analysis_output/discarded_review/064.JPG,/Users/annibauer/Documents/__Photos.nosync/2017 August/2017_August_62.JPG,False
930b2ac321724b733eeb2b6096b5dc403f7ca294e1f26b6a01df0ade99900a8c,/Users/annibauer/Documents/__Coding.nosync/PhotoAssistant/analysis_output/discarded_review/CCNR8240 (1).JPG,/Users/annibauer/Documents/__Photos.nosync/2017 August/2017_August_62.JPG,False
930b2ac321724b733eeb2b6096b5dc403f7ca294e1f26b6a01df0ade99900a8c,/Users/annibauer/Documents/__Coding.nosync/PhotoAssistant/analysis_output/discarded_review/CCNR8240.JPG,/Users/annibauer/Documents/__Photos.nosync/2017 August/2017_August_62.JPG,False
930b2ac321724b733eeb2b6096b5dc403f7ca294e1f26b6a01df0ade99900a8c,/Users/annibauer/Documents/__Coding.nosync/PhotoAssistant/analysis_output/discarded_review/IMG_1840.JPG,/Users/annibauer/Documents/__Photos.nosync/2017 August/2017_August_62.JPG,False
0b99e38f48fb67a16d84fcf89b25eb853af474644f668023e9f4794702f963a6,/Users/annibauer/Documents/__Coding.nosync/PhotoAssistant/analysis_output/discarded_review/065.JPG,/Users/annibauer/Documents/__Photos.nosync/2017 August/2017_August_63.JPG,False
4d067dfa9d5fb670fbcf9c9de7ada8accbfa1d065551efa6474f148fc93e0a5a,/Users/annibauer/Documents/__Coding.nosync/PhotoAssistant/analysis_output/discarded_review/066.JPG,/Users/annibauer/Documents/__Photos.nosync/2017 August/2017_August_64.JPG,False
c22efe93f6228e89ae9e86a954b7e85480006a3821880865a307679e38c89108,/Users/annibauer/Documents/__Coding.nosync/PhotoAssistant/analysis_output/discarded_review/068.JPG,/Users/annibauer/Documents/__Photos.nosync/2017 August/2017_August_66.JPG,False
c22efe93f6228e89ae9e86a954b7e85480006a3821880865a307679e38c89108,/Users/annibauer/Documents/__Coding.nosync/PhotoAssistant/analysis_output/discarded_review/BSHN2490 (1).JPG,/Users/annibauer/Documents/__Photos.nosync/2017 August/2017_August_66.JPG,False
c22efe93f6228e89ae9e86a954b7e85480006a3821880865a307679e38c89108,/Users/annibauer/Documents/__Coding.nosync/PhotoAssistant/analysis_output/discarded_review/BSHN2490.JPG,/Users/annibauer/Documents/__Photos.nosync/2017 August/2017_August_66.JPG,False
c22efe93f6228e89ae9e86a954b7e85480006a3821880865a307679e38c89108,/Users/annibauer/Documents/__Coding.nosync/PhotoAssistant/analysis_output/discarded_review/IMG_1839.JPG,/Users/annibauer/Documents/__Photos.nosync/2017 August/2017_August_66.JPG,False
6efe6529e6bea33aa3cd0d038d2a57276c12bdc398f1cb6e060c9dbe1cc8e157,/Users/annibauer/Documents/__Coding.nosync/PhotoAssistant/analysis_output/discarded_review/069.JPG,/Users/annibauer/Documents/__Photos.nosync/2017 August/2017_August_67.JPG,False
e1aefdec35ec1472ba8481a3eee419a971a50dcea270770b8c2651421880d22c,/Users/annibauer/Documents/__Coding.nosync/PhotoAssistant/analysis_output/discarded_review/070.JPG,/Users/annibauer/Documents/__Photos.nosync/2017 August/2017_August_68.JPG,False
5db46bb8094c8a1df7c42d678147c6a0908b2e8f6293dd063f9bc6aa84f0e460,/Users/annibauer/Documents/__Coding.nosync/PhotoAssistant/analysis_output/discarded_review/071.JPG,/Users/annibauer/Documents/__Photos.nosync/2017 August/2017_August_69.JPG,False
beccba20e993abb86865bec30ac2b26690dc61323ed8a31bf8a8412a436f96cc,/Users/annibauer/Documents/__Coding.nosync/PhotoAssistant/analysis_output/discarded_review/072.JPG,/Users/annibauer/Documents/__Photos.nosync/2017 August/2017_August_70.JPG,False
a4d2c83ef55be99ec9cba5a20faf1cb8ed070a6ecf616bd5336f4af1caa39456,/Users/annibauer/Documents/__Coding.nosync/PhotoAssistant/analysis_output/discarded_review/073.JPG,/Users/annibauer/Documents/__Photos.nosync/2017 August/2017_August_71.JPG,False
9712ac15965578008adf0ce486efde6134c18465adce2e70952753dd14e76489,/Users/annibauer/Documents/__Coding.nosync/PhotoAssistant/analysis_output/discarded_review/074.JPG,/Users/annibauer/Documents/__Photos.nosync/2017 August/2017_August_72.JPG,False
fb2be3772d26f0df1e0dddf4072d1e5e0d4dbed3c2527f103b89cbf8c3807653,/Users/annibauer/Documents/__Coding.nosync/PhotoAssistant/analysis_output/discarded_review/075.JPG,/Users/annibauer/Documents/__Photos.nosync/2017 August/2017_August_73.JPG,False
2363d8c7deccc44e2d6f2d7ce72102dab2578cdc5f52eaf0eee4661d587163b7,/Users/annibauer/Documents/__Coding.nosync/PhotoAssistant/analysis_output/discarded_review/076.JPG,/Users/annibauer/Documents/__Photos.nosync/2017 August/2017_August_74.JPG,False
031be5759c9ba33594935323d4bbaf428fbfbf0e8b425ddba1d149b16c28a650,/Users/annibauer/Documents/__Coding.nosync/PhotoAssistant/analysis_output/discarded_review/077.JPG,/Users/annibauer/Documents/__Photos.nosync/2017 August/2017_August_75.JPG,False
0f141088e7064da9a9386a1afaddcccd0886af6ed49c791e84c7d18bc08027f5,/Users/annibauer/Documents/__Coding.nosync/PhotoAssistant/analysis_output/discarded_review/078.JPG,/Users/annibauer/Documents/__Photos.nosync/2017 August/2017_August_76.JPG,False
3dcbf0f122b6fe25a6863678ef0d387790965656b98556ada05805f367cdb892,/Users/annibauer/Documents/__Coding.nosync/PhotoAssistant/analysis_output/discarded_review/079.JPG,/Users/annibauer/Documents/__Photos.nosync/2017 August/2017_August_77.JPG,False
08a556a7f9296278eeda4c5278b1777ac0872f03fedcbfb9d0f6a8b6945d1bfb,/Users/annibauer/Documents/__Coding.nosync/PhotoAssistant/analysis_output/discarded_review/080.JPG,/Users/annibauer/Documents/__Photos.nosync/2017 August/2017_August_78.JPG,False
a49783e3db25561caaf66925f22d684eb6049396120560a12d81a9138311be84,/Users/annibauer/Documents/__Coding.nosync/PhotoAssistant/analysis_output/discarded_review/CATDE3288.JPG,/Users/annibauer/Documents/__Photos.nosync/2017-08-13/CATDE3288 (1).JPG,False
cd4dee0f89a440c91285b27b448d8ae5b31c8cf36b64962c956687cd0e4d4ed0,/Users/annibauer/Documents/__Coding.nosync/PhotoAssistant/analysis_output/discarded_review/LETTE2571.JPG,/Users/annibauer/Documents/__Photos.nosync/2017-08-13/LETTE2571 (1).JPG,False
cf156fcafbcf5cd073cc405f2c94ec645e0ae703f9af6de716cec281e19413fa,/Users/annibauer/Documents/__Coding.nosync/PhotoAssistant/analysis_output/discarded_review/PNVIE3988.JPG,/Users/annibauer/Documents/__Photos.nosync/2017-08-13/PNVIE3988 (1).JPG,False
8437a38c36a901866be3e3065dcfd5f3dba73f9666ed2bebb7cfcf3d1a5101d7,/Users/annibauer/Documents/__Coding.nosync/PhotoAssistant/analysis_output/discarded_review/EDPV0164.JPG,/Users/annibauer/Documents/__Photos.nosync/2018-12-16/EDPV0164 (1).JPG,False
d2dc560fead9d7c70db0a21d56e920c391c954597a9f5be4b806b2bc61ee838d,/Users/annibauer/Documents/__Coding.nosync/PhotoAssistant/analysis_output/discarded_review/C9346440-EB78-4816-9003-4613DECD8660.jpg,/Users/annibauer/Documents/__Photos.nosync/2019-08-04/BRGU3899.JPG,False
d2dc560fead9d7c70db0a21d56e920c391c954597a9f5be4b806b2bc61ee838d,/Users/annibauer/Documents/__Coding.nosync/PhotoAssistant/analysis_output/discarded_review/C9346440-EB78-4816-9003-4613DECD8660_1.jpg,/Users/annibauer/Documents/__Photos.nosync/2019-08-04/BRGU3899.JPG,False
dc631f9ac98726749002d500f2c9ae302252d402a1092fcbe019992470d53775,/Users/annibauer/Documents/__Coding.nosync/PhotoAssistant/analysis_output/discarded_review/aeonium-plants-2880x1620-hd-6077.jpg,/Users/annibauer/Documents/__Photos.nosync/Desktop Pictures/aeonium-plants-2880x1620-hd-6077 (1).jpg,False
91c8abb280f5c728c2081e9390336fdd7cfec8870e6854112c5b9e73ca28772f,/Users/annibauer/Documents/__Coding.nosync/PhotoAssistant/analysis_output/discarded_review/0375b868-d63b-446e-a76d-ecabf28fe4a0.jpg,/Users/annibauer/Documents/__Photos.nosync/Mai - September 2019 (China)/0375b868-d63b-446e-a76d-ecabf28fe4a0.jpg,True
b92c671757354d42176ba6281c4a6bee094ac92899658482bc2c10035b6c4447,/Users/annibauer/Documents/__Coding.nosync/PhotoAssistant/analysis_output/discarded_review/35613aa9-5197-4c85-9196-d7e31654c383.jpg,/Users/annibauer/Documents/__Photos.nosync/Mai - September 2019 (China)/35613aa9-5197-4c85-9196-d7e31654c383.jpg,True
e89981ce4e744bf12ebefa6b6deb4e301b4a8f146e23d804766fd2d85a54156c,/Users/annibauer/Documents/__Coding.nosync/PhotoAssistant/analysis_output/discarded_review/7d7316a0-2839-4026-b9ce-da562bd24b63.jpg,/Users/annibauer/Documents/__Photos.nosync/Mai - September 2019 (China)/7d7316a0-2839-4026-b9ce-da562bd24b63-1.jpg,False
e89981ce4e744bf12ebefa6b6deb4e301b4a8f146e23d804766fd2d85a54156c,/Users/annibauer/Documents/__Coding.nosync/PhotoAssistant/analysis_output/discarded_review/7d7316a0-2839-4026-b9ce-da562bd24b63_1.jpg,/Users/annibauer/Documents/__Photos.nosync/Mai - September 2019 (China)/7d7316a0-2839-4026-b9ce-da562bd24b63-1.jpg,False
e89981ce4e744bf12ebefa6b6deb4e301b4a8f146e23d804766fd2d85a54156c,/Users/annibauer/Documents/__Coding.nosync/PhotoAssistant/analysis_output/discarded_review/7d7316a0-2839-4026-b9ce-da562bd24b63_2.jpg,/Users/annibauer/Documents/__Photos.nosync/Mai - September 2019 (China)/7d7316a0-2839-4026-b9ce-da562bd24b63-1.jpg,False
e2be2e973a521bb8768f6d48a7ef29ae69d33905be55383305a7653b827d0d3e,/Users/annibauer/Documents/__Coding.nosync/PhotoAssistant/analysis_output/discarded_review/NWZG9028.JPG,/Users/annibauer/Documents/__Photos.nosync/Mai - September 2019 (China)/874bb09c-e2d1-490c-bd40-034b70bd3b5d.jpg,False
40b238b344f88b92551cf2e4ab24feda4f8d0609bae601c3ce6e600f4c820bb4,/Users/annibauer/Documents/__Coding.nosync/PhotoAssistant/analysis_output/discarded_review/92c373a4-2631-4805-93a1-24eec4a251f3.jpg,/Users/annibauer/Documents/__Photos.nosync/Mai - September 2019 (China)/92c373a4-2631-4805-93a1-24eec4a251f3-1.jpg,False
2adfd607abcba256501b6dcaa195ef151ddf52121d95d78aa16a1c20094d19e1,/Users/annibauer/Documents/__Coding.nosync/PhotoAssistant/analysis_output/discarded_review/98c0aa83-da5f-4b43-a18d-58429151fced.jpg,/Users/annibauer/Documents/__Photos.nosync/Mai - September 2019 (China)/98c0aa83-da5f-4b43-a18d-58429151fced-1.jpg,False
2adfd607abcba256501b6dcaa195ef151ddf52121d95d78aa16a1c20094d19e1,/Users/annibauer/Documents/__Coding.nosync/PhotoAssistant/analysis_output/discarded_review/98c0aa83-da5f-4b43-a18d-58429151fced_1.jpg,/Users/annibauer/Documents/__Photos.nosync/Mai - September 2019 (China)/98c0aa83-da5f-4b43-a18d-58429151fced-1.jpg,False
88646b682a0862e9b5f935d141c06214d7b86a9d23e7bcfd99e5d5cf9a93518b,/Users/annibauer/Documents/__Coding.nosync/PhotoAssistant/analysis_output/discarded_review/2019_Karlsruhe_Sommer.JPG,/Users/annibauer/Documents/__Photos.nosync/Mai - September 2019 (China)/_DSC0786.JPG,False
88646b682a0862e9b5f935d141c06214d7b86a9d23e7bcfd99e5d5cf9a93518b,/Users/annibauer/Documents/__Coding.nosync/PhotoAssistant/analysis_output/discarded_review/_DSC0786.JPG,/Users/annibauer/Documents/__Photos.nosync/Mai - September 2019 (China)/_DSC0786.JPG,True
b7df95d0772448ed5ae94ca949c3241c332e82f7deb4e0c965b5c42acae4d69a,/Users/annibauer/Documents/__Coding.nosync/PhotoAssistant/analysis_output/discarded_review/2017_August_84.JPG,/Users/annibauer/Documents/__Photos.nosync/Mama/086.JPG,False
7d4631e9d0f6b086e2973e03aba68c4f762c0ffd688a6a6133fd4be041bf3a7b,/Users/annibauer/Documents/__Coding.nosync/PhotoAssistant/analysis_output/discarded_review/DSC05186.JPG,/Users/annibauer/Documents/__Photos.nosync/Mama/DSC05186.JPG,True
44c903157fb1cd5511edaed00c6d57aae7522ef2472048e7a4c22ee2ea11ff88,/Users/annibauer/Documents/__Coding.nosync/PhotoAssistant/analysis_output/discarded_review/DSC05280.JPG,/Users/annibauer/Documents/__Photos.nosync/Mama/DSC05280.JPG,True
8151f2a1bcae929c85343965276e5177a72940a5b8a16aed4c201cd8c00acd79,/Users/annibauer/Documents/__Coding.nosync/PhotoAssistant/analysis_output/discarded_review/DSC05280_Ediz.jpg,/Users/annibauer/Documents/__Photos.nosync/Mama/DSC05280_Ediz.jpg,True
3b5021e8254fe1967b11d6d4a065e55fb20ae44ef3f77dfd892fdd5098a87fd5,/Users/annibauer/Documents/__Coding.nosync/PhotoAssistant/analysis_output/discarded_review/DSC05777.JPG,/Users/annibauer/Documents/__Photos.nosync/Mama/DSC05777.JPG,True
3b5021e8254fe1967b11d6d4a065e55fb20ae44ef3f77dfd892fdd5098a87fd5,/Users/annibauer/Documents/__Coding.nosync/PhotoAssistant/analysis_output/discarded_review/DSC05777_1.JPG,/Users/annibauer/Documents/__Photos.nosync/Mama/DSC05777.JPG,False
5c9a4c9796389b153b46ecb06f802ee98b4b6e11f2e8b07e6415501b61cc030b,/Users/annibauer/Documents/__Coding.nosync/PhotoAssistant/analysis_output/discarded_review/DSC05807.JPG,/Users/annibauer/Documents/__Photos.nosync/Mama/DSC05807.JPG,True
5c9a4c9796389b153b46ecb06f802ee98b4b6e11f2e8b07e6415501b61cc030b,/Users/annibauer/Documents/__Coding.nosync/PhotoAssistant/analysis_output/discarded_review/DSC05807_1.JPG,/Users/annibauer/Documents/__Photos.nosync/Mama/DSC05807.JPG,False
1296c43f7a771c5c62cc9da4fc8c6ca0ed4a66d5fd99bb3b7fecc0caf9c7d037,/Users/annibauer/Documents/__Coding.nosync/PhotoAssistant/analysis_output/discarded_review/DSC05853.JPG,/Users/annibauer/Documents/__Photos.nosync/Mama/DSC05853.JPG,True
14eac4bb5015fee8338fdc48834c56b71690d45e9e9fac0f97996627dbc3f7b7,/Users/annibauer/Documents/__Coding.nosync/PhotoAssistant/analysis_output/discarded_review/DSC05894.JPG,/Users/annibauer/Documents/__Photos.nosync/Mama/DSC05894.JPG,True
14eac4bb5015fee8338fdc48834c56b71690d45e9e9fac0f97996627dbc3f7b7,/Users/annibauer/Documents/__Coding.nosync/PhotoAssistant/analysis_output/discarded_review/DSC05894_1.JPG,/Users/annibauer/Documents/__Photos.nosync/Mama/DSC05894.JPG,False
21186af36036d10058fde88feaedf50327d7a46a0f51d91e0f663ea7b0c36e0e,/Users/annibauer/Documents/__Coding.nosync/PhotoAssistant/analysis_output/discarded_review/DSC05946.JPG,/Users/annibauer/Documents/__Photos.nosync/Mama/DSC05946.JPG,True
469fc35f2a21f14cb787f738349fb5576e1e5d65e41947004ef7bcef57d39457,/Users/annibauer/Documents/__Coding.nosync/PhotoAssistant/analysis_output/discarded_review/DSC05968.JPG,/Users/annibauer/Documents/__Photos.nosync/Mama/DSC05968.JPG,True
469fc35f2a21f14cb787f738349fb5576e1e5d65e41947004ef7bcef57d39457,/Users/annibauer/Documents/__Coding.nosync/PhotoAssistant/analysis_output/discarded_review/DSC05968_1.JPG,/Users/annibauer/Documents/__Photos.nosync/Mama/DSC05968.JPG,False
a2af57e5ef85271e65ee170cfdbb966f1dd8c6fa5d74d643fb7ddf9485455f0b,/Users/annibauer/Documents/__Coding.nosync/PhotoAssistant/analysis_output/discarded_review/Weihnachten 2017 062.JPG,/Users/annibauer/Documents/__Photos.nosync/Mama/Weihnachten 2017 062.JPG,True
34a8824229424c2648230542555ab4f16aad9928e8e677f420a9c852c7849141,/Users/annibauer/Documents/__Coding.nosync/PhotoAssistant/analysis_output/discarded_review/0081cdb2-abd1-4c1b-aeaf-71f97232e9d7.jpg,/Users/annibauer/Documents/__Photos.nosync/Photos iCloud Sort/0081cdb2-abd1-4c1b-aeaf-71f97232e9d7.jpg,True
2cc195142d7213063fa61c2c6306555a1569b552dafaa03da8f8ad1f0240bb68,/Users/annibauer/Documents/__Coding.nosync/PhotoAssistant/analysis_output/discarded_review/044d8e5a-0f46-4b12-839e-105cef60657e.jpg,/Users/annibauer/Documents/__Photos.nosync/Photos iCloud Sort/044d8e5a-0f46-4b12-839e-105cef60657e.jpg,True
2cc195142d7213063fa61c2c6306555a1569b552dafaa03da8f8ad1f0240bb68,/Users/annibauer/Documents/__Coding.nosync/PhotoAssistant/analysis_output/discarded_review/044d8e5a-0f46-4b12-839e-105cef60657e_1.jpg,/Users/annibauer/Documents/__Photos.nosync/Photos iCloud Sort/044d8e5a-0f46-4b12-839e-105cef60657e.jpg,False
a61c874929185d5f243b995b4e11378d131f248688e5d337e3479fa9aa593694,/Users/annibauer/Documents/__Coding.nosync/PhotoAssistant/analysis_output/discarded_review/05adfbf0-a003-4c9c-ac6e-c496b4506701.jpg,/Users/annibauer/Documents/__Photos.nosync/Photos iCloud Sort/05adfbf0-a003-4c9c-ac6e-c496b4506701.jpg,True
055bbe0d815887c693d5c7bdbbb59235c5fe0d41f515426a42413be667ab5b96,/Users/annibauer/Documents/__Coding.nosync/PhotoAssistant/analysis_output/discarded_review/082105CF-B07F-4513-A862-EB572BDB7ABC.jpg,/Users/annibauer/Documents/__Photos.nosync/Photos iCloud Sort/082105CF-B07F-4513-A862-EB572BDB7ABC.jpg,True
3d36fb2867b5425ff07a773bdefb28fca9f0b3a8d49f11e2fca8023c1a991646,/Users/annibauer/Documents/__Coding.nosync/PhotoAssistant/analysis_output/discarded_review/085e3d34-7384-41bc-b36a-501118692ea8.jpg,/Users/annibauer/Documents/__Photos.nosync/Photos iCloud Sort/085e3d34-7384-41bc-b36a-501118692ea8.jpg,True
9f86158852ba461372a5dc0a913b211c422a11595403d2530a45547e6f82c816,/Users/annibauer/Documents/__Coding.nosync/PhotoAssistant/analysis_output/discarded_review/0bb12fc3-bdb0-4314-82dc-6d5eacdb205b.jpg,/Users/annibauer/Documents/__Photos.nosync/Photos iCloud Sort/0bb12fc3-bdb0-4314-82dc-6d5eacdb205b.jpg,True
44b46be814acea6747d333354dd35aba84810e645bfc869e32985b1086d3a881,/Users/annibauer/Documents/__Coding.nosync/PhotoAssistant/analysis_output/discarded_review/0d2ebd38-8191-4c19-bc35-f34d7af6fb82.jpg,/Users/annibauer/Documents/__Photos.nosync/Photos iCloud Sort/0d2ebd38-8191-4c19-bc35-f34d7af6fb82.jpg,True
44b46be814acea6747d333354dd35aba84810e645bfc869e32985b1086d3a881,/Users/annibauer/Documents/__Coding.nosync/PhotoAssistant/analysis_output/discarded_review/GKBU3996.JPG,/Users/annibauer/Documents/__Photos.nosync/Photos iCloud Sort/0d2ebd38-8191-4c19-bc35-f34d7af6fb82.jpg,False
f13dab2ad018e23469d0c74228fa9fbfbd68657de0d29259a9fdc37c9e6ecd88,/Users/annibauer/Documents/__Coding.nosync/PhotoAssistant/analysis_output/discarded_review/0e1141b3-20c6-4d6c-b5dc-e8531612d039.jpg,/Users/annibauer/Documents/__Photos.nosync/Photos iCloud Sort/0e1141b3-20c6-4d6c-b5dc-e8531612d039.jpg,True
d0343d61110f17f656268322078eda0454c223ffe1384b792c48ac50666094fd,/Users/annibauer/Documents/__Coding.nosync/PhotoAssistant/analysis_output/discarded_review/0e3097ff-0076-495b-a6c6-c9f011fcc488.jpg,/Users/annibauer/Documents/__Photos.nosync/Photos iCloud Sort/0e3097ff-0076-495b-a6c6-c9f011fcc488.jpg,True
1f469e144d1b52f7808d72730aa30e2142e31b149c46fd7b79b7914a2ac9e798,/Users/annibauer/Documents/__Coding.nosync/PhotoAssistant/analysis_output/discarded_review/0ef476c5-3177-4d14-96b6-4fc76fe1d4b5.jpg,/Users/annibauer/Documents/__Photos.nosync/Photos iCloud Sort/0ef476c5-3177-4d14-96b6-4fc76fe1d4b5.jpg,True
1f469e144d1b52f7808d72730aa30e2142e31b149c46fd7b79b7914a2ac9e798,/Users/annibauer/Documents/__Coding.nosync/PhotoAssistant/analysis_output/discarded_review/0ef476c5-3177-4d14-96b6-4fc76fe1d4b5_1.jpg,/Users/annibauer/Documents/__Photos.nosync/Photos iCloud Sort/0ef476c5-3177-4d14-96b6-4fc76fe1d4b5.jpg,False
a6ce1b6c1bb916c5fda99276ef2ae29e7cc7a4dcf91f7ddd9a9ba7b47424b5c8,/Users/annibauer/Documents/__Coding.nosync/PhotoAssistant/analysis_output/discarded_review/12ca23e2-6acb-412e-90ef-43e716fcd1c5.jpg,/Users/annibauer/Documents/__Photos.nosync/Photos iCloud Sort/12ca23e2-6acb-412e-90ef-43e716fcd1c5.jpg,True
1656703d2f1217d9f31fd2bfe5892a54f4117cc312ba69e0a394503ae80563b5,/Users/annibauer/Documents/__Coding.nosync/PhotoAssistant/analysis_output/discarded_review/14aa10c6-b287-4778-a5f6-de860093d5a5.jpg,/Users/annibauer/Documents/__Photos.nosync/Photos iCloud Sort/14aa10c6-b287-4778-a5f6-de860093d5a5.jpg,True
af4273e5af35d629e7e4602803b589ee763fb622aaa17e8252ee9c48fb1e3adf,/Users/annibauer/Documents/__Coding.nosync/PhotoAssistant/analysis_output/discarded_review/154271b8-b32e-444b-ba71-7b2c3ef0c6fb.jpg,/Users/annibauer/Documents/__Photos.nosync/Photos iCloud Sort/154271b8-b32e-444b-ba71-7b2c3ef0c6fb.jpg,True
1cc033f45d68faf8b8aedfa08a86c3b8c981c698749beade012915c98ca09ce0,/Users/annibauer/Documents/__Coding.nosync/PhotoAssistant/analysis_output/discarded_review/1814b5c0-5fa7-483a-81f3-1f658c09768b.jpg,/Users/annibauer/Documents/__Photos.nosync/Photos iCloud Sort/1814b5c0-5fa7-483a-81f3-1f658c09768b.jpg,True
085122839ef8b23ce3fcd4ee9cd0799f92b6dac2a10a0b930fe2e2ef34def67c,/Users/annibauer/Documents/__Coding.nosync/PhotoAssistant/analysis_output/discarded_review/18d4a24b-9ead-4870-8e9e-1b3f72724654.jpg,/Users/annibauer/Documents/__Photos.nosync/Photos iCloud Sort/18d4a24b-9ead-4870-8e9e-1b3f72724654.jpg,True
085122839ef8b23ce3fcd4ee9cd0799f92b6dac2a10a0b930fe2e2ef34def67c,/Users/annibauer/Documents/__Coding.nosync/PhotoAssistant/analysis_output/discarded_review/18d4a24b-9ead-4870-8e9e-1b3f72724654_1.jpg,/Users/annibauer/Documents/__Photos.nosync/Photos iCloud Sort/18d4a24b-9ead-4870-8e9e-1b3f72724654.jpg,False
19baea3894500718ce879879ac05908789553853214cbe7860b87dfc8ca1c382,/Users/annibauer/Documents/__Coding.nosync/PhotoAssistant/analysis_output/discarded_review/19858cc7-e824-434a-aebe-6cffbc05b728.jpg,/Users/annibauer/Documents/__Photos.nosync/Photos iCloud Sort/19858cc7-e824-434a-aebe-6cffbc05b728.jpg,True
d8d634768c95419937b1cf2656dc845fdef557448982b5ce8ae7c6a6ecfd92ad,/Users/annibauer/Documents/__Coding.nosync/PhotoAssistant/analysis_output/discarded_review/1a11c521-5cfd-4ae5-b0de-4f5f5da6ddc2.jpg,/Users/annibauer/Documents/__Photos.nosync/Photos iCloud Sort/1a11c521-5cfd-4ae5-b0de-4f5f5da6ddc2.jpg,True
06c5aa04807eacdf9e34100099cdd615c15ec9179367254e416b37bf52332c90,/Users/annibauer/Documents/__Coding.nosync/PhotoAssistant/analysis_output/discarded_review/1a59eb45-865f-4587-b49c-7b06d22db4a2.jpg,/Users/annibauer/Documents/__Photos.nosync/Photos iCloud Sort/1a59eb45-865f-4587-b49c-7b06d22db4a2.jpg,True
bb2a81e0163c0b7b2d0d61ed2b20c8588528024b473647959b47cc88511d1446,/Users/annibauer/Documents/__Coding.nosync/PhotoAssistant/analysis_output/discarded_review/1cc7f3f3-4691-41cd-bc2e-d2a69cfd2d55.jpg,/Users/annibauer/Documents/__Photos.nosync/Photos iCloud Sort/1cc7f3f3-4691-41cd-bc2e-d2a69cfd2d55.jpg,True
992bdf56fb6f83c09423afba678809800c8c1a80b3aced52e3ae70d2c778f776,/Users/annibauer/Documents/__Coding.nosync/PhotoAssistant/analysis_output/discarded_review/1e5f1608-6e44-444a-99f6-6f48cf1e37f9.jpg,/Users/annibauer/Documents/__Photos.nosync/Photos iCloud Sort/1e5f1608-6e44-444a-99f6-6f48cf1e37f9.jpg,True
754a4456d83519c6029eef847df6772e0a78766cb93e990bb2507e4024d24e39,/Users/annibauer/Documents/__Coding.nosync/PhotoAssistant/analysis_output/discarded_review/1f84f35d-1c18-4bcc-8656-5037ef7788bb.jpg,/Users/annibauer/Documents/__Photos.nosync/Photos iCloud Sort/1f84f35d-1c18-4bcc-8656-5037ef7788bb.jpg,True
a61ce6ef98482da944da0ef8217d2e4f9c32ef45a63dd1e25060ceccaed58057,/Users/annibauer/Documents/__Coding.nosync/PhotoAssistant/analysis_output/discarded_review/1fafc2cc-89e1-4603-a8c8-3f64e3eaadd1.jpg,/Users/annibauer/Documents/__Photos.nosync/Photos iCloud Sort/1fafc2cc-89e1-4603-a8c8-3f64e3eaadd1.jpg,True
b832a3402a3526fd7372cae9dff8fadb8f1119dd6d012dced7b47ad1acd0d754,/Users/annibauer/Documents/__Coding.nosync/PhotoAssistant/analysis_output/discarded_review/2080CDBD-0287-4C50-9D67-497BB897F51E.JPG,/Users/annibauer/Documents/__Photos.nosync/Photos iCloud Sort/2080CDBD-0287-4C50-9D67-497BB897F51E.JPG,True
356197f2b094c1a2f8fb21da0ac2416a41294e0033105fc4c6c2b675534c9d5e,/Users/annibauer/Documents/__Coding.nosync/PhotoAssistant/analysis_output/discarded_review/208ac2c7-0427-4cd9-b7b9-ace759f7866d.jpg,/Users/annibauer/Documents/__Photos.nosync/Photos iCloud Sort/208ac2c7-0427-4cd9-b7b9-ace759f7866d.jpg,True
ff3297cf87d15cedec1060bbdea7eb9522488cf4bb216abec08be7ad386c1564,/Users/annibauer/Documents/__Coding.nosync/PhotoAssistant/analysis_output/discarded_review/225eebfb-eec7-46e6-9f16-a67a883b2a03.jpg,/Users/annibauer/Documents/__Photos.nosync/Photos iCloud Sort/225eebfb-eec7-46e6-9f16-a67a883b2a03.jpg,True
cb4e6ee0a343a4daad4485ef3bd32ed261229266b758520b8fd1d2d4f133e2f0,/Users/annibauer/Documents/__Coding.nosync/PhotoAssistant/analysis_output/discarded_review/22cafca2-1501-4129-85f5-f52f9b08c976.jpg,/Users/annibauer/Documents/__Photos.nosync/Photos iCloud Sort/22cafca2-1501-4129-85f5-f52f9b08c976.jpg,True
b52b4b2c9337b44d168beaf9489e53fd1db956ede7bc6f747a1a8b8a0a15f2ad,/Users/annibauer/Documents/__Coding.nosync/PhotoAssistant/analysis_output/discarded_review/24297fab-c0ba-4520-a029-af8de18682d1.jpg,/Users/annibauer/Documents/__Photos.nosync/Photos iCloud Sort/24297fab-c0ba-4520-a029-af8de18682d1.jpg,True
807eda805b8922335f0dcef0370c469a6d40cf06fd7e57958d3a77c5a513039b,/Users/annibauer/Documents/__Coding.nosync/PhotoAssistant/analysis_output/discarded_review/2458cb9e-5d8e-4a95-ba34-c84c8e3f130d.jpg,/Users/annibauer/Documents/__Photos.nosync/Photos iCloud Sort/2458cb9e-5d8e-4a95-ba34-c84c8e3f130d.jpg,True
17a5dec2ec9f1e7ec964c1fda8dfd16966d6933897dbe82544c516b090de0bd8,/Users/annibauer/Documents/__Coding.nosync/PhotoAssistant/analysis_output/discarded_review/26938a4d-dddc-4544-9366-7757207456d6.jpg,/Users/annibauer/Documents/__Photos.nosync/Photos iCloud Sort/26938a4d-dddc-4544-9366-7757207456d6.jpg,True
17a5dec2ec9f1e7ec964c1fda8dfd16966d6933897dbe82544c516b090de0bd8,/Users/annibauer/Documents/__Coding.nosync/PhotoAssistant/analysis_output/discarded_review/26938a4d-dddc-4544-9366-7757207456d6_1.jpg,/Users/annibauer/Documents/__Photos.nosync/Photos iCloud Sort/26938a4d-dddc-4544-9366-7757207456d6.jpg,False
a585d184dbbd59bff584a70a99202d610ae850e7e0ceb3e6826fb3f269316291,/Users/annibauer/Documents/__Coding.nosync/PhotoAssistant/analysis_output/discarded_review/2792c557-b416-4f78-9cb0-d019ee037c78.jpg,/Users/annibauer/Documents/__Photos.nosync/Photos iCloud Sort/2792c557-b416-4f78-9cb0-d019ee037c78.jpg,True
a585d184dbbd59bff584a70a99202d610ae850e7e0ceb3e6826fb3f269316291,/Users/annibauer/Documents/__Coding.nosync/PhotoAssistant/analysis_output/discarded_review/JDJA5755.JPG,/Users/annibauer/Documents/__Photos.nosync/Photos iCloud Sort/2792c557-b416-4f78-9cb0-d019ee037c78.jpg,False
a52040dfe59f51907e927e2b0916354f7f9ceaefd6f53293210603f324d19b22,/Users/annibauer/Documents/__Coding.nosync/PhotoAssistant/analysis_output/discarded_review/2C86CC24-7BF0-43DC-94C5-C6B0624DC4C3.jpg,/Users/annibauer/Documents/__Photos.nosync/Photos iCloud Sort/2C86CC24-7BF0-43DC-94C5-C6B0624DC4C3.jpg,True
a596eb3b2988154dc6d2bfc4a86a1887de145e9340508bd353bd27f5b4ff5ba3,/Users/annibauer/Documents/__Coding.nosync/PhotoAssistant/analysis_output/discarded_review/2aad2a76-c39c-4202-9a5c-bbe7fa7b05c6.jpg,/Users/annibauer/Documents/__Photos.nosync/Photos iCloud Sort/2aad2a76-c39c-4202-9a5c-bbe7fa7b05c6.jpg,True
c6ab24d56b0a7582b42b6f0e07da8b907fd276f3674228c23f99b0549bb78dce,/Users/annibauer/Documents/__Coding.nosync/PhotoAssistant/analysis_output/discarded_review/2bc40c17-5e48-4154-92b4-f29434744750.jpg,/Users/annibauer/Documents/__Photos.nosync/Photos iCloud Sort/2bc40c17-5e48-4154-92b4-f29434744750.jpg,True
2d5358515ce8e2e22e30441044bd39caec317541e47ccd04d53400fecef8dbd7,/Users/annibauer/Documents/__Coding.nosync/PhotoAssistant/analysis_output/discarded_review/2cc65ea2-737d-444f-b672-f38aafc691c0.jpg,/Users/annibauer/Documents/__Photos.nosync/Photos iCloud Sort/2cc65ea2-737d-444f-b672-f38aafc691c0.jpg,True
27489c2f2f35d4c85384ee1cb0b446c2ab0469c2083960ec191cd133499fabac,/Users/annibauer/Documents/__Coding.nosync/PhotoAssistant/analysis_output/discarded_review/2d099e24-1903-4def-8bdf-a6f240885721.jpg,/Users/annibauer/Documents/__Photos.nosync/Photos iCloud Sort/2d099e24-1903-4def-8bdf-a6f240885721.jpg,True
4d6d15b8016ed777ba9e32893c7f44f1d16a1ca9070d5a9c7a6e64d495e68643,/Users/annibauer/Documents/__Coding.nosync/PhotoAssistant/analysis_output/discarded_review/30183f73-ce5b-4344-a91c-f30141c4d5c1.jpg,/Users/annibauer/Documents/__Photos.nosync/Photos iCloud Sort/30183f73-ce5b-4344-a91c-f30141c4d5c1.jpg,True
cafc1ff08c2c0f9d6a3a6860eab37a24c6bf332f838eb11dad98b03d7f422a48,/Users/annibauer/Documents/__Coding.nosync/PhotoAssistant/analysis_output/discarded_review/312c0f9a-ccfa-4631-83c8-eec8ca530158.jpg,/Users/annibauer/Documents/__Photos.nosync/Photos iCloud Sort/312c0f9a-ccfa-4631-83c8-eec8ca530158.jpg,True
d8c05a1b41422e11cd756f7942f98f92a711a3f4694091b960519c6ea566c8d0,/Users/annibauer/Documents/__Coding.nosync/PhotoAssistant/analysis_output/discarded_review/3264592f-987b-4585-bb5f-8e2afd9aebbd.jpg,/Users/annibauer/Documents/__Photos.nosync/Photos iCloud Sort/3264592f-987b-4585-bb5f-8e2afd9aebbd.jpg,True
68565238b603fff314269c6318752047ae2953424df541977776a6811585f509,/Users/annibauer/Documents/__Coding.nosync/PhotoAssistant/analysis_output/discarded_review/33026a87-faf0-41ee-a4d2-53aa556482fa.jpg,/Users/annibauer/Documents/__Photos.nosync/Photos iCloud Sort/33026a87-faf0-41ee-a4d2-53aa556482fa.jpg,True
a985a97f8f86157733cf08303d2e9c7d1eb842b9eb94c2b06be4890dd3a337fa,/Users/annibauer/Documents/__Coding.nosync/PhotoAssistant/analysis_output/discarded_review/346dad96-6117-403d-a5da-0855d8c20660.jpg,/Users/annibauer/Documents/__Photos.nosync/Photos iCloud Sort/346dad96-6117-403d-a5da-0855d8c20660.jpg,True
203b69c407ab7bf31545ee5322377ed066a1c281981cee5fd34788ca610e2c0d,/Users/annibauer/Documents/__Coding.nosync/PhotoAssistant/analysis_output/discarded_review/3DE76B38-E476-46FB-93A7-B5F962820D17.jpg,/Users/annibauer/Documents/__Photos.nosync/Photos iCloud Sort/3DE76B38-E476-46FB-93A7-B5F962820D17.jpg,True
a6703a822b3195504db253518e33b8db63dfa33912689fbe69a18c0413416235,/Users/annibauer/Documents/__Coding.nosync/PhotoAssistant/analysis_output/discarded_review/3b15c594-9dd4-462e-af26-905f5081d22e.jpg,/Users/annibauer/Documents/__Photos.nosync/Photos iCloud Sort/3b15c594-9dd4-462e-af26-905f5081d22e.jpg,True
a6703a822b3195504db253518e33b8db63dfa33912689fbe69a18c0413416235,/Users/annibauer/Documents/__Coding.nosync/PhotoAssistant/analysis_output/discarded_review/3b15c594-9dd4-462e-af26-905f5081d22e_1.jpg,/Users/annibauer/Documents/__Photos.nosync/Photos iCloud Sort/3b15c594-9dd4-462e-af26-905f5081d22e.jpg,False
3384639c53a9c7fc86673df94c4c191dd1519caa0cc4a686a1373db833e6dd59,/Users/annibauer/Documents/__Coding.nosync/PhotoAssistant/analysis_output/discarded_review/3df72054-46c3-4a51-8fdb-213117668e61.jpg,/Users/annibauer/Documents/__Photos.nosync/Photos iCloud Sort/3df72054-46c3-4a51-8fdb-213117668e61.jpg,True
cd62828f7dfe5392636cfcf9227ea10ded957cc83f3c32a7fbb8c05cabb3feff,/Users/annibauer/Documents/__Coding.nosync/PhotoAssistant/analysis_output/discarded_review/4020dcbd-99ba-48b9-9cf4-abf3b2cd5ff7.jpg,/Users/annibauer/Documents/__Photos.nosync/Photos iCloud Sort/4020dcbd-99ba-48b9-9cf4-abf3b2cd5ff7.jpg,True
cd62828f7dfe5392636cfcf9227ea10ded957cc83f3c32a7fbb8c05cabb3feff,/Users/annibauer/Documents/__Coding.nosync/PhotoAssistant/analysis_output/discarded_review/4020dcbd-99ba-48b9-9cf4-abf3b2cd5ff7_1.jpg,/Users/annibauer/Documents/__Photos.nosync/Photos iCloud Sort/4020dcbd-99ba-48b9-9cf4-abf3b2cd5ff7.jpg,False
94231a066c907a6f08c6d41572a25c02fe71b6cd74746bcfd77751bde357356a,/Users/annibauer/Documents/__Coding.nosync/PhotoAssistant/analysis_output/discarded_review/40c9d428-4e4a-4e31-8a80-90e974871f8c.jpg,/Users/annibauer/Documents/__Photos.nosync/Photos iCloud Sort/40c9d428-4e4a-4e31-8a80-90e974871f8c.jpg,True
94231a066c907a6f08c6d41572a25c02fe71b6cd74746bcfd77751bde357356a,/Users/annibauer/Documents/__Coding.nosync/PhotoAssistant/analysis_output/discarded_review/40c9d428-4e4a-4e31-8a80-90e974871f8c_1.jpg,/Users/annibauer/Documents/__Photos.nosync/Photos iCloud Sort/40c9d428-4e4a-4e31-8a80-90e974871f8c.jpg,False
8d20cc745452366a4edd0c9bcb48607d7d094de6964085ee4321a99757ac5669,/Users/annibauer/Documents/__Coding.nosync/PhotoAssistant/analysis_output/discarded_review/41b8d938-133a-4bd0-8a40-ccc4a7c13d68.jpg,/Users/annibauer/Documents/__Photos.nosync/Photos iCloud Sort/41b8d938-133a-4bd0-8a40-ccc4a7c13d68.jpg,True
73853be294b1ac46ad5b6a1692cdad5b631f9e16946585dd12a0d084864921b4,/Users/annibauer/Documents/__Coding.nosync/PhotoAssistant/analysis_output/discarded_review/453e2951-1e49-4a32-9db8-d929072d1cdc.jpg,/Users/annibauer/Documents/__Photos.nosync/Photos iCloud Sort/453e2951-1e49-4a32-9db8-d929072d1cdc.jpg,True
73853be294b1ac46ad5b6a1692cdad5b631f9e16946585dd12a0d084864921b4,/Users/annibauer/Documents/__Coding.nosync/PhotoAssistant/analysis_output/discarded_review/453e2951-1e49-4a32-9db8-d929072d1cdc_1.jpg,/Users/annibauer/Documents/__Photos.nosync/Photos iCloud Sort/453e2951-1e49-4a32-9db8-d929072d1cdc.jpg,False
6952476d991a90c112db5df6caab9c25b3c24233318642390971a6b169e4f8b7,/Users/annibauer/Documents/__Coding.nosync/PhotoAssistant/analysis_output/discarded_review/46624677-1345-4c50-b6fc-b2c7d779826c.jpg,/Users/annibauer/Documents/__Photos.nosync/Photos iCloud Sort/46624677-1345-4c50-b6fc-b2c7d779826c.jpg,True
6952476d991a90c112db5df6caab9c25b3c24233318642390971a6b169e4f8b7,/Users/annibauer/Documents/__Coding.nosync/PhotoAssistant/analysis_output/discarded_review/RMTM7186.JPG,/Users/annibauer/Documents/__Photos.nosync/Photos iCloud Sort/46624677-1345-4c50-b6fc-b2c7d779826c.jpg,False
3faff7239811d40e25db6e78e842e28a299aab0ae936637a7ac23fe63f4c4eca,/Users/annibauer/Documents/__Coding.nosync/PhotoAssistant/analysis_output/discarded_review/46982b73-6cf6-40d2-b238-c714451ebaa8.jpg,/Users/annibauer/Documents/__Photos.nosync/Photos iCloud Sort/46982b73-6cf6-40d2-b238-c714451ebaa8.jpg,True
c9aa8cb85188b1c2835df7b60f0f4ee5977a02505cc8432293a7b43e5ac6f5e2,/Users/annibauer/Documents/__Coding.nosync/PhotoAssistant/analysis_output/discarded_review/4c151cbf-60bf-4827-8781-af9af3aba352.jpg,/Users/annibauer/Documents/__Photos.nosync/Photos iCloud Sort/4c151cbf-60bf-4827-8781-af9af3aba352.jpg,True
abcb2cb5b839e5659f4ce1e30d2b27ab97a12ba8a566e17576e05cf930b7d885,/Users/annibauer/Documents/__Coding.nosync/PhotoAssistant/analysis_output/discarded_review/4d60f9e0-beea-421b-b605-e1381c1fcea6.jpg,/Users/annibauer/Documents/__Photos.nosync/Photos iCloud Sort/4d60f9e0-beea-421b-b605-e1381c1fcea6.jpg,True
901eae748521ee305fd0fcb8e95f023460e95c104749c69c3b1980117076cdc0,/Users/annibauer/Documents/__Coding.nosync/PhotoAssistant/analysis_output/discarded_review/4db550ec-d2de-471b-bfc6-6c16566788f4.jpg,/Users/annibauer/Documents/__Photos.nosync/Photos iCloud Sort/4db550ec-d2de-471b-bfc6-6c16566788f4.jpg,True
b4c384a1a43d972f99e0ac37779af406e78294eaa3350c734c9c08cffc9eb462,/Users/annibauer/Documents/__Coding.nosync/PhotoAssistant/analysis_output/discarded_review/4e419aee-89cb-4b1e-b804-3d1c8005d945.jpg,/Users/annibauer/Documents/__Photos.nosync/Photos iCloud Sort/4e419aee-89cb-4b1e-b804-3d1c8005d945.jpg,True
528a827b7bbfccf74f058dbf0a0c73a267e2915c32d35438d94959156a687a38,/Users/annibauer/Documents/__Coding.nosync/PhotoAssistant/analysis_output/discarded_review/4e4b5283-dbe4-49e9-9b7c-c40eb269592e.jpg,/Users/annibauer/Documents/__Photos.nosync/Photos iCloud Sort/4e4b5283-dbe4-49e9-9b7c-c40eb269592e.jpg,True
f1f415697bd68695600c4d2dca4567de122a95ec68e220777d45be5ede14bab3,/Users/annibauer/Documents/__Coding.nosync/PhotoAssistant/analysis_output/discarded_review/52f01cd3-b74e-4bae-8b35-f6cd1b919a01.jpg,/Users/annibauer/Documents/__Photos.nosync/Photos iCloud Sort/52f01cd3-b74e-4bae-8b35-f6cd1b919a01.jpg,True
863a94c0a0af1f05bdf7c9835744a23d240038b28b267a0577c118ff8b896f25,/Users/annibauer/Documents/__Coding.nosync/PhotoAssistant/analysis_output/discarded_review/53253f7a-9229-4008-96cc-014067e6d3e7.jpg,/Users/annibauer/Documents/__Photos.nosync/Photos iCloud Sort/53253f7a-9229-4008-96cc-014067e6d3e7.jpg,True
330dad4e8b6d87fb2ab3294ebc8ed05fe41f4b73770ee5cfb4b76fec3988c668,/Users/annibauer/Documents/__Coding.nosync/PhotoAssistant/analysis_output/discarded_review/535f1d97-cc33-457b-bcc1-a614e42ad318.jpg,/Users/annibauer/Documents/__Photos.nosync/Photos iCloud Sort/535f1d97-cc33-457b-bcc1-a614e42ad318.jpg,True
4e34eab375c3322ddb173de3ca01b95e3e4e9369108cefd14b7fa9da872fd750,/Users/annibauer/Documents/__Coding.nosync/PhotoAssistant/analysis_output/discarded_review/53f32d7b-bbd8-4458-81fc-e50b7a569c14.jpg,/Users/annibauer/Documents/__Photos.nosync/Photos iCloud Sort/53f32d7b-bbd8-4458-81fc-e50b7a569c14.jpg,True
ad3be2bd2cc1bf33ddb405289dc0ae1cc24559e63d0cfefa93407c44e1d20eac,/Users/annibauer/Documents/__Coding.nosync/PhotoAssistant/analysis_output/discarded_review/5408466f-4468-4dde-8e03-101751984125.jpg,/Users/annibauer/Documents/__Photos.nosync/Photos iCloud Sort/5408466f-4468-4dde-8e03-101751984125.jpg,True
409a63d82b4050641e69f93158e7376d3e242152731fd0024b3535fe1f1e714f,/Users/annibauer/Documents/__Coding.nosync/PhotoAssistant/analysis_output/discarded_review/5571ed34-6e2e-4bcb-88fb-0d18467ba895.jpg,/Users/annibauer/Documents/__Photos.nosync/Photos iCloud Sort/5571ed34-6e2e-4bcb-88fb-0d18467ba895.jpg,True
409a63d82b4050641e69f93158e7376d3e242152731fd0024b3535fe1f1e714f,/Users/annibauer/Documents/__Coding.nosync/PhotoAssistant/analysis_output/discarded_review/5571ed34-6e2e-4bcb-88fb-0d18467ba895_1.jpg,/Users/annibauer/Documents/__Photos.nosync/Photos iCloud Sort/5571ed34-6e2e-4bcb-88fb-0d18467ba895.jpg,False
77d7fc4e97dc012b59c108b570282d3b0d7323d73a516c8cda637ccabe0e7ade,/Users/annibauer/Documents/__Coding.nosync/PhotoAssistant/analysis_output/discarded_review/5642cc68-5dce-46b6-8bc8-2a34ec5af376.jpg,/Users/annibauer/Documents/__Photos.nosync/Photos iCloud Sort/5642cc68-5dce-46b6-8bc8-2a34ec5af376.jpg,True
8c73d5c32586ba7d10456ca96d4f5400ca9e821909c9c4b490d5b59d72fa4a65,/Users/annibauer/Documents/__Coding.nosync/PhotoAssistant/analysis_output/discarded_review/568dbf58-35a6-406b-87e6-c1d064c1aa70.jpg,/Users/annibauer/Documents/__Photos.nosync/Photos iCloud Sort/568dbf58-35a6-406b-87e6-c1d064c1aa70.jpg,True
4920a287b73d742a8835143ac12e2234d0c30c2ac3f0d35df9a5257c0d928cde,/Users/annibauer/Documents/__Coding.nosync/PhotoAssistant/analysis_output/discarded_review/57cf38b9-c86b-4a50-a2d3-4dcb18373ab5.jpg,/Users/annibauer/Documents/__Photos.nosync/Photos iCloud Sort/57cf38b9-c86b-4a50-a2d3-4dcb18373ab5.jpg,True
05fa2c73cbe2e94a359acff335efc20e00a8158dd64fe2e46c375382a86d66c2,/Users/annibauer/Documents/__Coding.nosync/PhotoAssistant/analysis_output/discarded_review/5852C1C9-8627-47D1-86BC-1ECBCE6DBD85.jpg,/Users/annibauer/Documents/__Photos.nosync/Photos iCloud Sort/5852C1C9-8627-47D1-86BC-1ECBCE6DBD85.jpg,True
05fa2c73cbe2e94a359acff335efc20e00a8158dd64fe2e46c375382a86d66c2,/Users/annibauer/Documents/__Coding.nosync/PhotoAssistant/analysis_output/discarded_review/5852C1C9-8627-47D1-86BC-1ECBCE6DBD85_1.jpg,/Users/annibauer/Documents/__Photos.nosync/Photos iCloud Sort/5852C1C9-8627-47D1-86BC-1ECBCE6DBD85.jpg,False
5b28cf013d146e1a3d6b256f2979281d0bac5cd7cd412420c1173107abc40a53,/Users/annibauer/Documents/__Coding.nosync/PhotoAssistant/analysis_output/discarded_review/58745903601__D5E22D6F-C8DE-4DA1-BC8A-AE4909B036E7.JPG,/Users/annibauer/Documents/__Photos.nosync/Photos iCloud Sort/58745903601__D5E22D6F-C8DE-4DA1-BC8A-AE4909B036E7.JPG,True
6c39606dab0a78794d2d65130cadfd3eb7cae76c7bb0fff532e9f36f34bb047f,/Users/annibauer/Documents/__Coding.nosync/PhotoAssistant/analysis_output/discarded_review/59a31e98-ffcf-465b-9bab-23eff77875c6.jpg,/Users/annibauer/Documents/__Photos.nosync/Photos iCloud Sort/59a31e98-ffcf-465b-9bab-23eff77875c6.jpg,True
599bd23edfa03a8aa7fca879435668fe91d1274de7264b5d8d73d3790c714a81,/Users/annibauer/Documents/__Coding.nosync/PhotoAssistant/analysis_output/discarded_review/59a6efdd-cca2-41f4-a317-dd29d535f924.jpg,/Users/annibauer/Documents/__Photos.nosync/Photos iCloud Sort/59a6efdd-cca2-41f4-a317-dd29d535f924.jpg,True
599bd23edfa03a8aa7fca879435668fe91d1274de7264b5d8d73d3790c714a81,/Users/annibauer/Documents/__Coding.nosync/PhotoAssistant/analysis_output/discarded_review/59a6efdd-cca2-41f4-a317-dd29d535f924_1.jpg,/Users/annibauer/Documents/__Photos.nosync/Photos iCloud Sort/59a6efdd-cca2-41f4-a317-dd29d535f924.jpg,False
3594226261b3a825890d57e0ed268fdea4d3002ce4abe529e54b9e297d8b5b8f,/Users/annibauer/Documents/__Coding.nosync/PhotoAssistant/analysis_output/discarded_review/5af28e59-9855-4610-9881-9dcb94c64382.jpg,/Users/annibauer/Documents/__Photos.nosync/Photos iCloud Sort/5af28e59-9855-4610-9881-9dcb94c64382.jpg,True
07de33ba1e666dd238be4e7130dbbfa9157bc2ed076491729e8cd43dbd19f05f,/Users/annibauer/Documents/__Coding.nosync/PhotoAssistant/analysis_output/discarded_review/5c631ed2-7e04-4dfe-85f7-02c2936c5d04.jpg,/Users/annibauer/Documents/__Photos.nosync/Photos iCloud Sort/5c631ed2-7e04-4dfe-85f7-02c2936c5d04.jpg,True
07de33ba1e666dd238be4e7130dbbfa9157bc2ed076491729e8cd43dbd19f05f,/Users/annibauer/Documents/__Coding.nosync/PhotoAssistant/analysis_output/discarded_review/5c631ed2-7e04-4dfe-85f7-02c2936c5d04_1.jpg,/Users/annibauer/Documents/__Photos.nosync/Photos iCloud Sort/5c631ed2-7e04-4dfe-85f7-02c2936c5d04.jpg,False
69a0291cc99839aa702009fa6f14ea7a830f532a87c588957f401eb6f8b8050e,/Users/annibauer/Documents/__Coding.nosync/PhotoAssistant/analysis_output/discarded_review/5dac8e40-0107-4613-9202-660068de78f7.jpg,/Users/annibauer/Documents/__Photos.nosync/Photos iCloud Sort/5dac8e40-0107-4613-9202-660068de78f7.jpg,True
b4f6d0fe2171a7e9dd3166925d43dda29db2b132f3ae246e450da6623d38332e,/Users/annibauer/Documents/__Coding.nosync/PhotoAssistant/analysis_output/discarded_review/5f706554-bc0e-418e-bf33-4cc5dc17eb54.jpg,/Users/annibauer/Documents/__Photos.nosync/Photos iCloud Sort/5f706554-bc0e-418e-bf33-4cc5dc17eb54.jpg,True
b4f6d0fe2171a7e9dd3166925d43dda29db2b132f3ae246e450da6623d38332e,/Users/annibauer/Documents/__Coding.nosync/PhotoAssistant/analysis_output/discarded_review/5f706554-bc0e-418e-bf33-4cc5dc17eb54_1.jpg,/Users/annibauer/Documents/__Photos.nosync/Photos iCloud Sort/5f706554-bc0e-418e-bf33-4cc5dc17eb54.jpg,False
21f223ac3d863f88090d99abd5984494d2382434abf093b44bf11731004bbe13,/Users/annibauer/Documents/__Coding.nosync/PhotoAssistant/analysis_output/discarded_review/600c1661-2fc1-46ed-a5b2-9ec0d8ef3530.jpg,/Users/annibauer/Documents/__Photos.nosync/Photos iCloud Sort/600c1661-2fc1-46ed-a5b2-9ec0d8ef3530.jpg,True
21f223ac3d863f88090d99abd5984494d2382434abf093b44bf11731004bbe13,/Users/annibauer/Documents/__Coding.nosync/PhotoAssistant/analysis_output/discarded_review/CTBX1487.JPG,/Users/annibauer/Documents/__Photos.nosync/Photos iCloud Sort/600c1661-2fc1-46ed-a5b2-9ec0d8ef3530.jpg,False
88600e284f5a5e48c7141e80dec03a74bddeee33eb584abdf4e134326c6acc27,/Users/annibauer/Documents/__Coding.nosync/PhotoAssistant/analysis_output/discarded_review/60895f43-710f-417c-b3c3-70f14435aa60.jpg,/Users/annibauer/Documents/__Photos.nosync/Photos iCloud Sort/60895f43-710f-417c-b3c3-70f14435aa60.jpg,True
e1a093eaff61670bf50654c5bb5eef4a1a1dcc77a161a20a5c0f90e16ec6c9c7,/Users/annibauer/Documents/__Coding.nosync/PhotoAssistant/analysis_output/discarded_review/60eeb04f-b616-4bfc-92b9-518ccd502693.jpg,/Users/annibauer/Documents/__Photos.nosync/Photos iCloud Sort/60eeb04f-b616-4bfc-92b9-518ccd502693.jpg,True
ce16183ff7419b2327e53cc6086d7e8649e632223f718d748ddb7e0aaf37f280,/Users/annibauer/Documents/__Coding.nosync/PhotoAssistant/analysis_output/discarded_review/63a4b1fa-e779-4b2b-ad00-7b451d1398dc.jpg,/Users/annibauer/Documents/__Photos.nosync/Photos iCloud Sort/63a4b1fa-e779-4b2b-ad00-7b451d1398dc.jpg,True
6f4807d9b8746ede4dbcc8c162b2195e6532143dc355c7458fefcaa9fb9a0747,/Users/annibauer/Documents/__Coding.nosync/PhotoAssistant/analysis_output/discarded_review/66C5E490-4F22-4D04-8A20-0D08842C83AE.jpg,/Users/annibauer/Documents/__Photos.nosync/Photos iCloud Sort/66C5E490-4F22-4D04-8A20-0D08842C83AE.jpg,True
6f4807d9b8746ede4dbcc8c162b2195e6532143dc355c7458fefcaa9fb9a0747,/Users/annibauer/Documents/__Coding.nosync/PhotoAssistant/analysis_output/discarded_review/66C5E490-4F22-4D04-8A20-0D08842C83AE_1.jpg,/Users/annibauer/Documents/__Photos.nosync/Photos iCloud Sort/66C5E490-4F22-4D04-8A20-0D08842C83AE.jpg,False
53930b947b2cc7857aa8dd307488c50ff6c86f3d243f72329aaaf302ddfea4e1,/Users/annibauer/Documents/__Coding.nosync/PhotoAssistant/analysis_output/discarded_review/68363dd4-3680-490d-b3b7-fe236c2e4168.jpg,/Users/annibauer/Documents/__Photos.nosync/Photos iCloud Sort/68363dd4-3680-490d-b3b7-fe236c2e4168.jpg,True
d7fda1ab7ba3421faa73bd5a58e77ed8f081bdde3ab5c91f65fc5f748e979026,/Users/annibauer/Documents/__Coding.nosync/PhotoAssistant/analysis_output/discarded_review/68b1d5cd-df59-40d2-a02b-dfe6599101e0.jpg,/Users/annibauer/Documents/__Photos.nosync/Photos iCloud Sort/68b1d5cd-df59-40d2-a02b-dfe6599101e0.jpg,True
2e52c85876a532733160fdf032d9c4a06fb3ba8e736cc1a3a07693c1c577ef61,/Users/annibauer/Documents/__Coding.nosync/PhotoAssistant/analysis_output/discarded_review/69d3e8d5-3b24-4e0b-a5e8-7a026f63ec76.jpg,/Users/annibauer/Documents/__Photos.nosync/Photos iCloud Sort/69d3e8d5-3b24-4e0b-a5e8-7a026f63ec76.jpg,True
7ea8187912ab11fab6686f7ac63d83239bb1417f3ece40b758645d3d08ae2cfd,/Users/annibauer/Documents/__Coding.nosync/PhotoAssistant/analysis_output/discarded_review/6F6DE48A-95D9-45C6-A844-77F2D1BA94FC.JPG,/Users/annibauer/Documents/__Photos.nosync/Photos iCloud Sort/6F6DE48A-95D9-45C6-A844-77F2D1BA94FC.JPG,True
39e031d6e17e23faf3592f146c08a95ab75b139077b6f672b04a7e067a8cc912,/Users/annibauer/Documents/__Coding.nosync/PhotoAssistant/analysis_output/discarded_review/6b354ca8-4007-47c2-b7a3-508bb67ff7ad.jpg,/Users/annibauer/Documents/__Photos.nosync/Photos iCloud Sort/6b354ca8-4007-47c2-b7a3-508bb67ff7ad.jpg,True
3f4a57e620cc23e794136cd79245ce82b1f117d47fce9c39259dfb049aecc536,/Users/annibauer/Documents/__Coding.nosync/PhotoAssistant/analysis_output/discarded_review/6df3e4a8-48d6-4da0-a423-12ad4c753170.jpg,/Users/annibauer/Documents/__Photos.nosync/Photos iCloud Sort/6df3e4a8-48d6-4da0-a423-12ad4c753170.jpg,True
b434de4b898234573abebdeaa98bc44526ac20834d16f28c0e23e62063a8c9eb,/Users/annibauer/Documents/__Coding.nosync/PhotoAssistant/analysis_output/discarded_review/6f5da79c-4913-4b5f-a56c-37ff0447a8a5.jpg,/Users/annibauer/Documents/__Photos.nosync/Photos iCloud Sort/6f5da79c-4913-4b5f-a56c-37ff0447a8a5.jpg,True
b434de4b898234573abebdeaa98bc44526ac20834d16f28c0e23e62063a8c9eb,/Users/annibauer/Documents/__Coding.nosync/PhotoAssistant/analysis_output/discarded_review/6f5da79c-4913-4b5f-a56c-37ff0447a8a5_1.jpg,/Users/annibauer/Documents/__Photos.nosync/Photos iCloud Sort/6f5da79c-4913-4b5f-a56c-37ff0447a8a5.jpg,False
b8658fa860336fb2680709fb4a49a28778b8f52e9503ce7e32d5a52243b8d395,/Users/annibauer/Documents/__Coding.nosync/PhotoAssistant/analysis_output/discarded_review/70711d2c-fdb3-4203-8736-7bc35db26050.jpg,/Users/annibauer/Documents/__Photos.nosync/Photos iCloud Sort/70711d2c-fdb3-4203-8736-7bc35db26050.jpg,True
49f7871d3402d32092c0620bf69305b51b2c9d649e7389d599719c2d44aefae1,/Users/annibauer/Documents/__Coding.nosync/PhotoAssistant/analysis_output/discarded_review/70ad31e5-d501-4719-91ec-b06a80ac5e4a.jpg,/Users/annibauer/Documents/__Photos.nosync/Photos iCloud Sort/70ad31e5-d501-4719-91ec-b06a80ac5e4a.jpg,True
48ce46e535d9e7c49d9b18a446b1d73e862f706b06d7e8b29ff0f385948365ea,/Users/annibauer/Documents/__Coding.nosync/PhotoAssistant/analysis_output/discarded_review/72235477-dc95-4c1e-a556-b2cbad22754d.jpg,/Users/annibauer/Documents/__Photos.nosync/Photos iCloud Sort/72235477-dc95-4c1e-a556-b2cbad22754d.jpg,True
8e574304bde30196f50475d163c7f22d5fcb5610a40a29d580692ae81a6831d5,/Users/annibauer/Documents/__Coding.nosync/PhotoAssistant/analysis_output/discarded_review/73a7a4ab-d00e-433a-afb9-0008e55db579.jpg,/Users/annibauer/Documents/__Photos.nosync/Photos iCloud Sort/73a7a4ab-d00e-433a-afb9-0008e55db579.jpg,True
5f2a2d2defe9fb4eb3fff7241fb6a98512e3e6ab3199408db7b1d294f5481253,/Users/annibauer/Documents/__Coding.nosync/PhotoAssistant/analysis_output/discarded_review/74cfc825-901c-4395-9cc8-9cfb6b7da756.jpg,/Users/annibauer/Documents/__Photos.nosync/Photos iCloud Sort/74cfc825-901c-4395-9cc8-9cfb6b7da756.jpg,True
5f2a2d2defe9fb4eb3fff7241fb6a98512e3e6ab3199408db7b1d294f5481253,/Users/annibauer/Documents/__Coding.nosync/PhotoAssistant/analysis_output/discarded_review/BMGU6842.JPG,/Users/annibauer/Documents/__Photos.nosync/Photos iCloud Sort/74cfc825-901c-4395-9cc8-9cfb6b7da756.jpg,False
136ce31742ccc1560df46b9daabe7b0eb9f798bcb244282159d00f796f70977f,/Users/annibauer/Documents/__Coding.nosync/PhotoAssistant/analysis_output/discarded_review/7521d0ca-cb92-4120-afb7-a68ed4ec9c43.jpg,/Users/annibauer/Documents/__Photos.nosync/Photos iCloud Sort/7521d0ca-cb92-4120-afb7-a68ed4ec9c43.jpg,True
9fd65bbbb61dfb3ef7e2f083167ea99ff2819eb7b32f0018cda528ea30666719,/Users/annibauer/Documents/__Coding.nosync/PhotoAssistant/analysis_output/discarded_review/7c44a5fd-dbc6-4b1c-a070-84c488392207.jpg,/Users/annibauer/Documents/__Photos.nosync/Photos iCloud Sort/7c44a5fd-dbc6-4b1c-a070-84c488392207.jpg,True
0d26db3fdbb5a4d31ec1d75ca43a93766cacd579f0f2993f343f4ca1046f4bf1,/Users/annibauer/Documents/__Coding.nosync/PhotoAssistant/analysis_output/discarded_review/7fd33d28-bcd2-4dad-8553-e787b967961f.jpg,/Users/annibauer/Documents/__Photos.nosync/Photos iCloud Sort/7fd33d28-bcd2-4dad-8553-e787b967961f.jpg,True
3ca42cf4bceaed10d07f2bc868cb756e60d62fb322363de6c4c697dc482f40f9,/Users/annibauer/Documents/__Coding.nosync/PhotoAssistant/analysis_output/discarded_review/84F211C3-78AC-4F74-A1EE-85C158266ACE.JPG,/Users/annibauer/Documents/__Photos.nosync/Photos iCloud Sort/84F211C3-78AC-4F74-A1EE-85C158266ACE.JPG,True
aade99913262b168d12f5c99fb71de4daee1ac3530b68758d913703e38d5a078,/Users/annibauer/Documents/__Coding.nosync/PhotoAssistant/analysis_output/discarded_review/859fb75a-325b-487d-8342-1c4a8615c5e5.jpg,/Users/annibauer/Documents/__Photos.nosync/Photos iCloud Sort/859fb75a-325b-487d-8342-1c4a8615c5e5.jpg,True
69b03d365284d9074bc8a17f1f8841764665ab01fdf61185c143c7818c37b8e3,/Users/annibauer/Documents/__Coding.nosync/PhotoAssistant/analysis_output/discarded_review/85a79cf4-6708-41b1-87d8-c993b84bc6e8.jpg,/Users/annibauer/Documents/__Photos.nosync/Photos iCloud Sort/85a79cf4-6708-41b1-87d8-c993b84bc6e8.jpg,True
d2a1cd85dd371f90142fe3d98695890021db1639fd0cb5980f046da36d2d0a0a,/Users/annibauer/Documents/__Coding.nosync/PhotoAssistant/analysis_output/discarded_review/88DD9003-B7F7-4009-B5B1-B7EA3287816E.jpg,/Users/annibauer/Documents/__Photos.nosync/Photos iCloud Sort/88DD9003-B7F7-4009-B5B1-B7EA3287816E.jpg,True
1472c3a86fbe52d18c0070fdf366cd1620e72a5b2a8a9f011dc30cb3bd84e82c,/Users/annibauer/Documents/__Coding.nosync/PhotoAssistant/analysis_output/discarded_review/8b3dfed9-5293-468b-8448-dccd1b3cab04.jpg,/Users/annibauer/Documents/__Photos.nosync/Photos iCloud Sort/8b3dfed9-5293-468b-8448-dccd1b3cab04.jpg,True
2240c233ee7181ae1313d46ed9b83b226dcef691f57ac40a5f213e332fe14f0e,/Users/annibauer/Documents/__Coding.nosync/PhotoAssistant/analysis_output/discarded_review/8cac90bf-1d6d-4736-b699-47137eb05a4b.jpg,/Users/annibauer/Documents/__Photos.nosync/Photos iCloud Sort/8cac90bf-1d6d-4736-b699-47137eb05a4b.jpg,True
5d28058677a9851d2f6210989ad1486de10d40b7df6d21becfd3ac36c8bfd646,/Users/annibauer/Documents/__Coding.nosync/PhotoAssistant/analysis_output/discarded_review/8d7f6980-778d-4919-b1d1-f06e303c1285.jpg,/Users/annibauer/Documents/__Photos.nosync/Photos iCloud Sort/8d7f6980-778d-4919-b1d1-f06e303c1285.jpg,True
f9a4ecda901187e3c48f77e75312bd9a2b78f463508e052b58fff0ee74d2c1dc,/Users/annibauer/Documents/__Coding.nosync/PhotoAssistant/analysis_output/discarded_review/8f84d1bb-f260-4311-935b-3bc24a3b6f5e.jpg,/Users/annibauer/Documents/__Photos.nosync/Photos iCloud Sort/8f84d1bb-f260-4311-935b-3bc24a3b6f5e.jpg,True
3f0280d15e04b8d41fa73fb6a13a9773be37bd5c76131d1558c6c78207748bc4,/Users/annibauer/Documents/__Coding.nosync/PhotoAssistant/analysis_output/discarded_review/8ff1352d-b6ef-43a5-bb63-c1568bdd51d8.jpg,/Users/annibauer/Documents/__Photos.nosync/Photos iCloud Sort/8ff1352d-b6ef-43a5-bb63-c1568bdd51d8.jpg,True
07983b55dd24fe04c82a01eef60221f22608a3e4628e656e9815086a1b5d9c33,/Users/annibauer/Documents/__Coding.nosync/PhotoAssistant/analysis_output/discarded_review/91015840-f177-4510-a7b0-e3482fbc6b1b.jpg,/Users/annibauer/Documents/__Photos.nosync/Photos iCloud Sort/91015840-f177-4510-a7b0-e3482fbc6b1b.jpg,True
07983b55dd24fe04c82a01eef60221f22608a3e4628e656e9815086a1b5d9c33,/Users/annibauer/Documents/__Coding.nosync/PhotoAssistant/analysis_output/discarded_review/JMQF7926.JPG,/Users/annibauer/Documents/__Photos.nosync/Photos iCloud Sort/91015840-f177-4510-a7b0-e3482fbc6b1b.jpg,False
0c513200234c2b9e1f77d233f6bb0ed1767c3ef82eaced94c5836cfc92d51b88,/Users/annibauer/Documents/__Coding.nosync/PhotoAssistant/analysis_output/discarded_review/918eec95-a298-4196-8c6c-278b2ff3ca09.jpg,/Users/annibauer/Documents/__Photos.nosync/Photos iCloud Sort/918eec95-a298-4196-8c6c-278b2ff3ca09.jpg,True
9609b43bd288d2dec4d53489fe02bc8a3a842ca4190f23ebe2da65ff0c97e121,/Users/annibauer/Documents/__Coding.nosync/PhotoAssistant/analysis_output/discarded_review/94f28950-e620-4ce0-bc98-8343ef37cc90.jpg,/Users/annibauer/Documents/__Photos.nosync/Photos iCloud Sort/94f28950-e620-4ce0-bc98-8343ef37cc90.jpg,True
78ddd32e49d5f0247f19396a4af96c55ada5a31474ef086abf7ef0ee4066a121,/Users/annibauer/Documents/__Coding.nosync/PhotoAssistant/analysis_output/discarded_review/96F99CFD-F630-4F2B-B3BC-ACAD5F17B131.jpg,/Users/annibauer/Documents/__Photos.nosync/Photos iCloud Sort/96F99CFD-F630-4F2B-B3BC-ACAD5F17B131.jpg,True
a64f51c5d5fb27b7c1030bdb720bfe334b47bc7b14d3fe3688ed81d04eb03221,/Users/annibauer/Documents/__Coding.nosync/PhotoAssistant/analysis_output/discarded_review/97d0acf8-b833-4023-b49d-c3259478650d.jpg,/Users/annibauer/Documents/__Photos.nosync/Photos iCloud Sort/97d0acf8-b833-4023-b49d-c3259478650d.jpg,True
13a6f80350b4cbe98c15f1e5cd3bc83ae977549476b04df10d49bead8d1857ae,/Users/annibauer/Documents/__Coding.nosync/PhotoAssistant/analysis_output/discarded_review/98D039C3-5DA9-4276-A428-9E97687F8B29.jpg,/Users/annibauer/Documents/__Photos.nosync/Photos iCloud Sort/98D039C3-5DA9-4276-A428-9E97687F8B29.jpg,True
a108753cccabdc08ad17a1e59f49a9d63f3d9bb59624439d5f7f53b741f9a229,/Users/annibauer/Documents/__Coding.nosync/PhotoAssistant/analysis_output/discarded_review/98fb1aeb-e625-4677-b8ee-3602952c6e30.jpg,/Users/annibauer/Documents/__Photos.nosync/Photos iCloud Sort/98fb1aeb-e625-4677-b8ee-3602952c6e30.jpg,True
8c826d66a770a16feb28d39b16d724e4e21eb93b859a83932f2142ab6211c252,/Users/annibauer/Documents/__Coding.nosync/PhotoAssistant/analysis_output/discarded_review/99908f2c-7635-4524-a39e-cd808a79e26e.jpg,/Users/annibauer/Documents/__Photos.nosync/Photos iCloud Sort/99908f2c-7635-4524-a39e-cd808a79e26e.jpg,True
709ea6ec8ae90e5c5124cec21567ba4d9b0eaf97ea5634c5fb1dc902331fe01e,/Users/annibauer/Documents/__Coding.nosync/PhotoAssistant/analysis_output/discarded_review/9abddfa7-1e74-4780-9551-a07c5c2b7430.jpg,/Users/annibauer/Documents/__Photos.nosync/Photos iCloud Sort/9abddfa7-1e74-4780-9551-a07c5c2b7430.jpg,True
709ea6ec8ae90e5c5124cec21567ba4d9b0eaf97ea5634c5fb1dc902331fe01e,/Users/annibauer/Documents/__Coding.nosync/PhotoAssistant/analysis_output/discarded_review/9abddfa7-1e74-4780-9551-a07c5c2b7430_1.jpg,/Users/annibauer/Documents/__Photos.nosync/Photos iCloud Sort/9abddfa7-1e74-4780-9551-a07c5c2b7430.jpg,False
86125f55a688fc080366b36a93c87ccf8197cb9b6533c97d39cf524ffd7447e0,/Users/annibauer/Documents/__Coding.nosync/PhotoAssistant/analysis_output/discarded_review/9ac5692f-40cf-4a45-ab44-47e2338e56ea.jpg,/Users/annibauer/Documents/__Photos.nosync/Photos iCloud Sort/9ac5692f-40cf-4a45-ab44-47e2338e56ea.jpg,True
86125f55a688fc080366b36a93c87ccf8197cb9b6533c97d39cf524ffd7447e0,/Users/annibauer/Documents/__Coding.nosync/PhotoAssistant/analysis_output/discarded_review/HYAN6886.JPG,/Users/annibauer/Documents/__Photos.nosync/Photos iCloud Sort/9ac5692f-40cf-4a45-ab44-47e2338e56ea.jpg,False
2813eeb867f0a5c52eeb556c60589d102a6c6abca10a9747c1310b9c67c3b051,/Users/annibauer/Documents/__Coding.nosync/PhotoAssistant/analysis_output/discarded_review/9ae0650a-1ac4-4b7f-84d7-efa76c2ddaad.jpg,/Users/annibauer/Documents/__Photos.nosync/Photos iCloud Sort/9ae0650a-1ac4-4b7f-84d7-efa76c2ddaad.jpg,True
0a79cf77632491995393b6da2e6692b8d039528f53424b2bf34e031cd706dfdf,/Users/annibauer/Documents/__Coding.nosync/PhotoAssistant/analysis_output/discarded_review/9d7159a9-0e1b-48ea-968d-c7b359d88b87.jpg,/Users/annibauer/Documents/__Photos.nosync/Photos iCloud Sort/9d7159a9-0e1b-48ea-968d-c7b359d88b87.jpg,True
59a30ceecd1e8269e49efc7a2f815821f23db1f8d224ae808d29d05d408e285b,/Users/annibauer/Documents/__Coding.nosync/PhotoAssistant/analysis_output/discarded_review/9f6f3213-66df-4690-bbbd-ee838452a0d1.jpg,/Users/annibauer/Documents/__Photos.nosync/Photos iCloud Sort/9f6f3213-66df-4690-bbbd-ee838452a0d1.jpg,True
b09e932d75e41263cc08d71adcdcb5323c9f37bd26e4e9fcb61cb792797bc46f,/Users/annibauer/Documents/__Coding.nosync/PhotoAssistant/analysis_output/discarded_review/A541C16D-1D25-4191-B682-65612BA35550.jpg,/Users/annibauer/Documents/__Photos.nosync/Photos iCloud Sort/A541C16D-1D25-4191-B682-65612BA35550.jpg,True
00edac3e7c5aa2a822f14592b03e2cd52345811bb34506661b0e5d4356908e18,/Users/annibauer/Documents/__Coding.nosync/PhotoAssistant/analysis_output/discarded_review/B970D7BE-BC10-4229-9D0C-A1CB56C092BA.jpg,/Users/annibauer/Documents/__Photos.nosync/Photos iCloud Sort/B970D7BE-BC10-4229-9D0C-A1CB56C092BA.jpg,True
6294fbfd5bffcef8aff9698cf4fca2f5af261e02dbd2bb01340530f49a44bc3f,/Users/annibauer/Documents/__Coding.nosync/PhotoAssistant/analysis_output/discarded_review/DE813007-26A9-4D0E-B46D-4D343A032DC8.jpg,/Users/annibauer/Documents/__Photos.nosync/Photos iCloud Sort/DE813007-26A9-4D0E-B46D-4D343A032DC8.jpg,True
6a0e620800b2111625272b6be23b126183c4c28f3584ee89d3dc8e337aa04562,/Users/annibauer/Documents/__Coding.nosync/PhotoAssistant/analysis_output/discarded_review/IMG_0031.JPG,/Users/annibauer/Documents/__Photos.nosync/Photos iCloud Sort/IMG_0031.JPG,True
b5308b0644516348834632f0a89cb0060471a3a6d6fc83bb5345326c5a33c25a,/Users/annibauer/Documents/__Coding.nosync/PhotoAssistant/analysis_output/discarded_review/IMG_0036.JPEG,/Users/annibauer/Documents/__Photos.nosync/Photos iCloud Sort/IMG_0036.JPEG,True
7e8880dac32a56c9c3607c38f8e2ff1842f70eb6e3099f6ff0ff3d72e25a105f,/Users/annibauer/Documents/__Coding.nosync/PhotoAssistant/analysis_output/discarded_review/IMG_0036.JPG,/Users/annibauer/Documents/__Photos.nosync/Photos iCloud Sort/IMG_0036.JPG,True
1b88f9c4c921791c78fef6df831ddbf057e07a754e05103d649be5fba6beeebb,/Users/annibauer/Documents/__Coding.nosync/PhotoAssistant/analysis_output/discarded_review/IMG_0052.JPG,/Users/annibauer/Documents/__Photos.nosync/Photos iCloud Sort/IMG_0052.JPG,True
0db725b55e4d5030f0a90f29952879054e391a8749ca941d67dd02cbb0333725,/Users/annibauer/Documents/__Coding.nosync/PhotoAssistant/analysis_output/discarded_review/IMG_0080.JPEG,/Users/annibauer/Documents/__Photos.nosync/Photos iCloud Sort/IMG_0080.JPEG,True
1065f7b7aa855b25811426ec839e17fba30991cadc79d983ec4ef414c7902cf0,/Users/annibauer/Documents/__Coding.nosync/PhotoAssistant/analysis_output/discarded_review/IMG_0094.JPG,/Users/annibauer/Documents/__Photos.nosync/Photos iCloud Sort/IMG_0094.JPG,True
83e712cb82da407ad01775b8336497cbf5cdd4ee9b646503fa817a1387fa3032,/Users/annibauer/Documents/__Coding.nosync/PhotoAssistant/analysis_output/discarded_review/IMG_0095.JPG,/Users/annibauer/Documents/__Photos.nosync/Photos iCloud Sort/IMG_0095.JPG,True
5948ac2b8adcce28baea28acc24c63ea3d32fdf9f7d411e5ef3d5280f51bb8cc,/Users/annibauer/Documents/__Coding.nosync/PhotoAssistant/analysis_output/discarded_review/IMG_0096.JPG,/Users/annibauer/Documents/__Photos.nosync/Photos iCloud Sort/IMG_0096.JPG,True
f2d32864172775421507c990373c363264c2f16010374962cbf6e4a7467e0c57,/Users/annibauer/Documents/__Coding.nosync/PhotoAssistant/analysis_output/discarded_review/IMG_0097.JPG,/Users/annibauer/Documents/__Photos.nosync/Photos iCloud Sort/IMG_0097.JPG,True
09f7f78930e6e07665f39099941c10f5cc93892143440d18c6070acb27e29d13,/Users/annibauer/Documents/__Coding.nosync/PhotoAssistant/analysis_output/discarded_review/IMG_0098.JPG,/Users/annibauer/Documents/__Photos.nosync/Photos iCloud Sort/IMG_0098.JPG,True
050575634a6981b4b0fa7ae8045fabb2d24d35ac57bded0d334085c3022c48e1,/Users/annibauer/Documents/__Coding.nosync/PhotoAssistant/analysis_output/discarded_review/IMG_0100.JPG,/Users/annibauer/Documents/__Photos.nosync/Photos iCloud Sort/IMG_0100.JPG,True
beadedeee463a4c51dbd4c3e38e462fd07099a9e6f89b912bb8f290cf9dc5df7,/Users/annibauer/Documents/__Coding.nosync/PhotoAssistant/analysis_output/discarded_review/IMG_0102.JPG,/Users/annibauer/Documents/__Photos.nosync/Photos iCloud Sort/IMG_0102.JPG,True
ac7b0f005fefb7c49ca7c94993a7dead632a6e37c666c7ac794240622627f44e,/Users/annibauer/Documents/__Coding.nosync/PhotoAssistant/analysis_output/discarded_review/IMG_0103.JPG,/Users/annibauer/Documents/__Photos.nosync/Photos iCloud Sort/IMG_0103.JPG,True
c3bc8e0e31dcb82914ccaee0498ece9fabcd154069987791e75921e4c07b944f,/Users/annibauer/Documents/__Coding.nosync/PhotoAssistant/analysis_output/discarded_review/IMG_0108.JPG,/Users/annibauer/Documents/__Photos.nosync/Photos iCloud Sort/IMG_0108.JPG,True
395b924e3a4c2ffe012be2530ec976751eb0052edbc8b9e3e2257fe5ba23d1c6,/Users/annibauer/Documents/__Coding.nosync/PhotoAssistant/analysis_output/discarded_review/IMG_0109.JPG,/Users/annibauer/Documents/__Photos.nosync/Photos iCloud Sort/IMG_0109.JPG,True
e061af24d95988ef22f912150767eee8c8f7ad3da0edd8df33cac23ac424633e,/Users/annibauer/Documents/__Coding.nosync/PhotoAssistant/analysis_output/discarded_review/IMG_0110.JPG,/Users/annibauer/Documents/__Photos.nosync/Photos iCloud Sort/IMG_0110.JPG,True
6e80df560230d9726dbd3e08de1ca14e7d8e0fd0843cd9114e1dc57c69408d59,/Users/annibauer/Documents/__Coding.nosync/PhotoAssistant/analysis_output/discarded_review/IMG_0146.JPG,/Users/annibauer/Documents/__Photos.nosync/Photos iCloud Sort/IMG_0146.JPG,True
623d39cce088f4b8eaebe7d6a93750334d87626a3d18901306e2bef5db21f228,/Users/annibauer/Documents/__Coding.nosync/PhotoAssistant/analysis_output/discarded_review/IMG_0147.JPEG,/Users/annibauer/Documents/__Photos.nosync/Photos iCloud Sort/IMG_0147.JPEG,True
49f63b1c2dfb02d8d3f88a678397dba489f9a25c6b901b17abe0f18da619b525,/Users/annibauer/Documents/__Coding.nosync/PhotoAssistant/analysis_output/discarded_review/IMG_0147.JPG,/Users/annibauer/Documents/__Photos.nosync/Photos iCloud Sort/IMG_0147.JPG,True
d35e04195920bbcd35bc9105f957e0eccd9c511c48c7e7085d3c054f1cacfcdd,/Users/annibauer/Documents/__Coding.nosync/PhotoAssistant/analysis_output/discarded_review/IMG_0148.JPG,/Users/annibauer/Documents/__Photos.nosync/Photos iCloud Sort/IMG_0148.JPG,True
217843785a68509ddc95decf787d68c7c45ec4136af6e8c9e9e2fdc5e86bde8b,/Users/annibauer/Documents/__Coding.nosync/PhotoAssistant/analysis_output/discarded_review/IMG_0152.JPG,/Users/annibauer/Documents/__Photos.nosync/Photos iCloud Sort/IMG_0152.JPG,True
71a6d50e9cc41d2e678dca80c2bbabf9ba6ffca1e677ea03d154fe3f68c32f1b,/Users/annibauer/Documents/__Coding.nosync/PhotoAssistant/analysis_output/discarded_review/IMG_0153.JPG,/Users/annibauer/Documents/__Photos.nosync/Photos iCloud Sort/IMG_0153.JPG,True
ef81e974ab04d42b98d5440430c73248bb54d609bc509dbb46dba692b25fb24e,/Users/annibauer/Documents/__Coding.nosync/PhotoAssistant/analysis_output/discarded_review/IMG_0155.JPG,/Users/annibauer/Documents/__Photos.nosync/Photos iCloud Sort/IMG_0155.JPG,True
fb2f9564dcd8c2c1d914399bb518bb54a6e75475a6dc8147d50b2c0e0c90ffa2,/Users/annibauer/Documents/__Coding.nosync/PhotoAssistant/analysis_output/discarded_review/IMG_0156.JPG,/Users/annibauer/Documents/__Photos.nosync/Photos iCloud Sort/IMG_0156.JPG,True
05d0141b881c78aa7ae8adc8424f5b1114394f6b9b22811c757ced5feac7296e,/Users/annibauer/Documents/__Coding.nosync/PhotoAssistant/analysis_output/discarded_review/IMG_0158.JPG,/Users/annibauer/Documents/__Photos.nosync/Photos iCloud Sort/IMG_0158.JPG,True
1bc58e4f32f0961f703ca11412c69c924a239bc601b34ac2053d19efeaa1343e,/Users/annibauer/Documents/__Coding.nosync/PhotoAssistant/analysis_output/discarded_review/IMG_3746.JPEG,/Users/annibauer/Documents/__Photos.nosync/Photos iCloud Sort/IMG_3746.JPEG,True
5f95908fca1a517954865f41d483a977b51ccf45082fdaa61a7ba17335680223,/Users/annibauer/Documents/__Coding.nosync/PhotoAssistant/analysis_output/discarded_review/IMG_3753.JPG,/Users/annibauer/Documents/__Photos.nosync/Photos iCloud Sort/IMG_3753.JPG,True
080bc1dbd027a955124ae065bb418c203c8e529957a41aa6565973ae2212b001,/Users/annibauer/Documents/__Coding.nosync/PhotoAssistant/analysis_output/discarded_review/IMG_3758.JPEG,/Users/annibauer/Documents/__Photos.nosync/Photos iCloud Sort/IMG_3758.JPEG,True
29543e363a246b1ca2f1cbfd4095e09bd884f56eb803ce8992e0aa398ca1cb2f,/Users/annibauer/Documents/__Coding.nosync/PhotoAssistant/analysis_output/discarded_review/IMG_3763.JPEG,/Users/annibauer/Documents/__Photos.nosync/Photos iCloud Sort/IMG_3763.JPEG,True
a3b729b1cb596c2305bc97e03c2de86fa904cc1c6084e3ce00beaf5c8424740d,/Users/annibauer/Documents/__Coding.nosync/PhotoAssistant/analysis_output/discarded_review/IMG_3764.JPEG,/Users/annibauer/Documents/__Photos.nosync/Photos iCloud Sort/IMG_3764.JPEG,True
adb898734940764a542ebe69c049b284104c3fe802a24d4574883913ddfab38d,/Users/annibauer/Documents/__Coding.nosync/PhotoAssistant/analysis_output/discarded_review/IMG_4702.JPG,/Users/annibauer/Documents/__Photos.nosync/Photos iCloud Sort/IMG_4702.JPG,True
16da444993337b801b6dbf0dfff0226784e41cfb02e6707f672c04edb9917873,/Users/annibauer/Documents/__Coding.nosync/PhotoAssistant/analysis_output/discarded_review/IMG_4786.JPG,/Users/annibauer/Documents/__Photos.nosync/Photos iCloud Sort/IMG_4786.JPG,True
adbf5d09496ee4f5c61392e820571ea7980d7fc000c6fdc87079b05183d74bd2,/Users/annibauer/Documents/__Coding.nosync/PhotoAssistant/analysis_output/discarded_review/IMG_6852.JPG,/Users/annibauer/Documents/__Photos.nosync/Photos iCloud Sort/IMG_6852.JPG,True
adbf5d09496ee4f5c61392e820571ea7980d7fc000c6fdc87079b05183d74bd2,/Users/annibauer/Documents/__Coding.nosync/PhotoAssistant/analysis_output/discarded_review/IMG_6852_1.JPG,/Users/annibauer/Documents/__Photos.nosync/Photos iCloud Sort/IMG_6852.JPG,False
66625eb710d03aab4f0f3568444cab74417cb65720b1f5d2200e7adbee9b5d72,/Users/annibauer/Documents/__Coding.nosync/PhotoAssistant/analysis_output/discarded_review/IMG_6853.JPG,/Users/annibauer/Documents/__Photos.nosync/Photos iCloud Sort/IMG_6853.JPG,True
66625eb710d03aab4f0f3568444cab74417cb65720b1f5d2200e7adbee9b5d72,/Users/annibauer/Documents/__Coding.nosync/PhotoAssistant/analysis_output/discarded_review/IMG_6853_1.JPG,/Users/annibauer/Documents/__Photos.nosync/Photos iCloud Sort/IMG_6853.JPG,False
c9be1aac784447feaeb550aa85a946ef3f40149e26d8960a8cb38a95c30f3474,/Users/annibauer/Documents/__Coding.nosync/PhotoAssistant/analysis_output/discarded_review/IMG_6915.JPG,/Users/annibauer/Documents/__Photos.nosync/Photos iCloud Sort/IMG_6915.JPG,True
dd09a4cab1db68fed094c46395bd9a2bc3ad2844439ac8eaf42b762424867cd9,/Users/annibauer/Documents/__Coding.nosync/PhotoAssistant/analysis_output/discarded_review/IMG_6916.JPG,/Users/annibauer/Documents/__Photos.nosync/Photos iCloud Sort/IMG_6916.JPG,True
8a1f98d1195c6d12dc4503fec1886cef949bd6b6dc9c38eb3a00824e6cb1bf19,/Users/annibauer/Documents/__Coding.nosync/PhotoAssistant/analysis_output/discarded_review/IMG_6980.JPG,/Users/annibauer/Documents/__Photos.nosync/Photos iCloud Sort/IMG_6980.JPG,True
8a1f98d1195c6d12dc4503fec1886cef949bd6b6dc9c38eb3a00824e6cb1bf19,/Users/annibauer/Documents/__Coding.nosync/PhotoAssistant/analysis_output/discarded_review/IMG_6980_1.JPG,/Users/annibauer/Documents/__Photos.nosync/Photos iCloud Sort/IMG_6980.JPG,False
e48143459e5ba2e923c8e69d99222cba5903b5505f4563683081fe93c8fe1604,/Users/annibauer/Documents/__Coding.nosync/PhotoAssistant/analysis_output/discarded_review/IMG_7002.JPG,/Users/annibauer/Documents/__Photos.nosync/Photos iCloud Sort/IMG_7002.JPG,True
e48143459e5ba2e923c8e69d99222cba5903b5505f4563683081fe93c8fe1604,/Users/annibauer/Documents/__Coding.nosync/PhotoAssistant/analysis_output/discarded_review/IMG_7002_1.JPG,/Users/annibauer/Documents/__Photos.nosync/Photos iCloud Sort/IMG_7002.JPG,False
dd82ed155df1d7a37b57d470388d3569425be805c063bb69fd8f3bc0778963ad,/Users/annibauer/Documents/__Coding.nosync/PhotoAssistant/analysis_output/discarded_review/IMG_7003.JPG,/Users/annibauer/Documents/__Photos.nosync/Photos iCloud Sort/IMG_7003.JPG,True
dd82ed155df1d7a37b57d470388d3569425be805c063bb69fd8f3bc0778963ad,/Users/annibauer/Documents/__Coding.nosync/PhotoAssistant/analysis_output/discarded_review/IMG_7003_1.JPG,/Users/annibauer/Documents/__Photos.nosync/Photos iCloud Sort/IMG_7003.JPG,False
3edd605fbaf3314c45e4c3a7684d4b8ae2332ad3c1bd5e746a0c756fead9c057,/Users/annibauer/Documents/__Coding.nosync/PhotoAssistant/analysis_output/discarded_review/IMG_7004.JPG,/Users/annibauer/Documents/__Photos.nosync/Photos iCloud Sort/IMG_7004.JPG,True
3edd605fbaf3314c45e4c3a7684d4b8ae2332ad3c1bd5e746a0c756fead9c057,/Users/annibauer/Documents/__Coding.nosync/PhotoAssistant/analysis_output/discarded_review/IMG_7004_1.JPG,/Users/annibauer/Documents/__Photos.nosync/Photos iCloud Sort/IMG_7004.JPG,False
42749f555b39aab1a926caf67e9b00a0676157503b741bdb770c061a3db95182,/Users/annibauer/Documents/__Coding.nosync/PhotoAssistant/analysis_output/discarded_review/IMG_7009.JPG,/Users/annibauer/Documents/__Photos.nosync/Photos iCloud Sort/IMG_7009.JPG,True
42749f555b39aab1a926caf67e9b00a0676157503b741bdb770c061a3db95182,/Users/annibauer/Documents/__Coding.nosync/PhotoAssistant/analysis_output/discarded_review/IMG_7009_1.JPG,/Users/annibauer/Documents/__Photos.nosync/Photos iCloud Sort/IMG_7009.JPG,False
88ba7e1a19fc8703b8e43e5cec26a022f6bfee8cea76a882ccb899448b57684e,/Users/annibauer/Documents/__Coding.nosync/PhotoAssistant/analysis_output/discarded_review/IMG_7010.JPG,/Users/annibauer/Documents/__Photos.nosync/Photos iCloud Sort/IMG_7010.JPG,True
88ba7e1a19fc8703b8e43e5cec26a022f6bfee8cea76a882ccb899448b57684e,/Users/annibauer/Documents/__Coding.nosync/PhotoAssistant/analysis_output/discarded_review/IMG_7010_1.JPG,/Users/annibauer/Documents/__Photos.nosync/Photos iCloud Sort/IMG_7010.JPG,False
db858dba57a356cc4e7541679b5b457cfe8abf8f98db14e409cee74404153069,/Users/annibauer/Documents/__Coding.nosync/PhotoAssistant/analysis_output/discarded_review/IMG_7011.JPG,/Users/annibauer/Documents/__Photos.nosync/Photos iCloud Sort/IMG_7011.JPG,True
db858dba57a356cc4e7541679b5b457cfe8abf8f98db14e409cee74404153069,/Users/annibauer/Documents/__Coding.nosync/PhotoAssistant/analysis_output/discarded_review/IMG_7011_1.JPG,/Users/annibauer/Documents/__Photos.nosync/Photos iCloud Sort/IMG_7011.JPG,False
6e4021907b7348136fb3472bc07d1a76b9d074605b1ac50acf340a4b86323b2a,/Users/annibauer/Documents/__Coding.nosync/PhotoAssistant/analysis_output/discarded_review/IMG_7012.JPG,/Users/annibauer/Documents/__Photos.nosync/Photos iCloud Sort/IMG_7012.JPG,True
6e4021907b7348136fb3472bc07d1a76b9d074605b1ac50acf340a4b86323b2a,/Users/annibauer/Documents/__Coding.nosync/PhotoAssistant/analysis_output/discarded_review/IMG_7012_1.JPG,/Users/annibauer/Documents/__Photos.nosync/Photos iCloud Sort/IMG_7012.JPG,False
7ba47394f2f77cea69a5ee0726c05726dd6972a1624bfd8a394ea5196b7c2bf3,/Users/annibauer/Documents/__Coding.nosync/PhotoAssistant/analysis_output/discarded_review/IMG_7014.JPG,/Users/annibauer/Documents/__Photos.nosync/Photos iCloud Sort/IMG_7014.JPG,True
7ba47394f2f77cea69a5ee0726c05726dd6972a1624bfd8a394ea5196b7c2bf3,/Users/annibauer/Documents/__Coding.nosync/PhotoAssistant/analysis_output/discarded_review/IMG_7014_1.JPG,/Users/annibauer/Documents/__Photos.nosync/Photos iCloud Sort/IMG_7014.JPG,False
320e0de0dc402653c3cb048ec2f234871b70fc6897729c4b42107ec01cd5193c,/Users/annibauer/Documents/__Coding.nosync/PhotoAssistant/analysis_output/discarded_review/IMG_7015.JPG,/Users/annibauer/Documents/__Photos.nosync/Photos iCloud Sort/IMG_7015.JPG,True
320e0de0dc402653c3cb048ec2f234871b70fc6897729c4b42107ec01cd5193c,/Users/annibauer/Documents/__Coding.nosync/PhotoAssistant/analysis_output/discarded_review/IMG_7015_1.JPG,/Users/annibauer/Documents/__Photos.nosync/Photos iCloud Sort/IMG_7015.JPG,False
fe023b879e6e4474eb9606aec73a8ce7f0a72c08468e11792e13c3a93021b272,/Users/annibauer/Documents/__Coding.nosync/PhotoAssistant/analysis_output/discarded_review/IMG_7018.JPG,/Users/annibauer/Documents/__Photos.nosync/Photos iCloud Sort/IMG_7018.JPG,True
fe023b879e6e4474eb9606aec73a8ce7f0a72c08468e11792e13c3a93021b272,/Users/annibauer/Documents/__Coding.nosync/PhotoAssistant/analysis_output/discarded_review/IMG_7018_1.JPG,/Users/annibauer/Documents/__Photos.nosync/Photos iCloud Sort/IMG_7018.JPG,False
ae3c34db5d1cb6c0021055be003b0965bfc0e1de8858c4e746e7d0371784c347,/Users/annibauer/Documents/__Coding.nosync/PhotoAssistant/analysis_output/discarded_review/IMG_7020.JPG,/Users/annibauer/Documents/__Photos.nosync/Photos iCloud Sort/IMG_7020.JPG,True
ae3c34db5d1cb6c0021055be003b0965bfc0e1de8858c4e746e7d0371784c347,/Users/annibauer/Documents/__Coding.nosync/PhotoAssistant/analysis_output/discarded_review/IMG_7020_1.JPG,/Users/annibauer/Documents/__Photos.nosync/Photos iCloud Sort/IMG_7020.JPG,False
a956856c409260a6e64e8dd123fc22c925c041d44015cb560176f46c08e78747,/Users/annibauer/Documents/__Coding.nosync/PhotoAssistant/analysis_output/discarded_review/IMG_7031.JPG,/Users/annibauer/Documents/__Photos.nosync/Photos iCloud Sort/IMG_7031.JPG,True
a956856c409260a6e64e8dd123fc22c925c041d44015cb560176f46c08e78747,/Users/annibauer/Documents/__Coding.nosync/PhotoAssistant/analysis_output/discarded_review/IMG_7031_1.JPG,/Users/annibauer/Documents/__Photos.nosync/Photos iCloud Sort/IMG_7031.JPG,False
c479cb353b7988f3fbb4d8ca46bbb91a3d16ebf68386f928c6d9b0806f62e657,/Users/annibauer/Documents/__Coding.nosync/PhotoAssistant/analysis_output/discarded_review/IMG_7048.JPG,/Users/annibauer/Documents/__Photos.nosync/Photos iCloud Sort/IMG_7048.JPG,True
c479cb353b7988f3fbb4d8ca46bbb91a3d16ebf68386f928c6d9b0806f62e657,/Users/annibauer/Documents/__Coding.nosync/PhotoAssistant/analysis_output/discarded_review/IMG_7048_1.JPG,/Users/annibauer/Documents/__Photos.nosync/Photos iCloud Sort/IMG_7048.JPG,False
73ac7bebeae1c3efb5893c2900de3c6e4f20367ee6e389c1de64ed33b5c210e4,/Users/annibauer/Documents/__Coding.nosync/PhotoAssistant/analysis_output/discarded_review/IMG_7051.JPG,/Users/annibauer/Documents/__Photos.nosync/Photos iCloud Sort/IMG_7051.JPG,True
73ac7bebeae1c3efb5893c2900de3c6e4f20367ee6e389c1de64ed33b5c210e4,/Users/annibauer/Documents/__Coding.nosync/PhotoAssistant/analysis_output/discarded_review/IMG_7051_1.JPG,/Users/annibauer/Documents/__Photos.nosync/Photos iCloud Sort/IMG_7051.JPG,False
65740ded096afb56580528dd506a6875dd4027aeb7c9144b96ea4d7b7b9a8e80,/Users/annibauer/Documents/__Coding.nosync/PhotoAssistant/analysis_output/discarded_review/IMG_7052.JPG,/Users/annibauer/Documents/__Photos.nosync/Photos iCloud Sort/IMG_7052.JPG,True
cc02507885b75792e15efd23c6307671941cc93db2328414eb43c128a4b7cd2d,/Users/annibauer/Documents/__Coding.nosync/PhotoAssistant/analysis_output/discarded_review/IMG_7053.JPG,/Users/annibauer/Documents/__Photos.nosync/Photos iCloud Sort/IMG_7053.JPG,True
cc02507885b75792e15efd23c6307671941cc93db2328414eb43c128a4b7cd2d,/Users/annibauer/Documents/__Coding.nosync/PhotoAssistant/analysis_output/discarded_review/IMG_7053_1.JPG,/Users/annibauer/Documents/__Photos.nosync/Photos iCloud Sort/IMG_7053.JPG,False
01958dcaf716be9b938cbb10de440c0a72af06501f14aa7c0dd6f464a1d98d6f,/Users/annibauer/Documents/__Coding.nosync/PhotoAssistant/analysis_output/discarded_review/IMG_7054.JPG,/Users/annibauer/Documents/__Photos.nosync/Photos iCloud Sort/IMG_7054.JPG,True
01958dcaf716be9b938cbb10de440c0a72af06501f14aa7c0dd6f464a1d98d6f,/Users/annibauer/Documents/__Coding.nosync/PhotoAssistant/analysis_output/discarded_review/IMG_7054_1.JPG,/Users/annibauer/Documents/__Photos.nosync/Photos iCloud Sort/IMG_7054.JPG,False
6f26f6219488739c3b19d75dae98b79a24f1c275896f6fe01d433b88e12950f0,/Users/annibauer/Documents/__Coding.nosync/PhotoAssistant/analysis_output/discarded_review/IMG_7056.JPG,/Users/annibauer/Documents/__Photos.nosync/Photos iCloud Sort/IMG_7056.JPG,True
6f26f6219488739c3b19d75dae98b79a24f1c275896f6fe01d433b88e12950f0,/Users/annibauer/Documents/__Coding.nosync/PhotoAssistant/analysis_output/discarded_review/IMG_7056_1.JPG,/Users/annibauer/Documents/__Photos.nosync/Photos iCloud Sort/IMG_7056.JPG,False
b995089d0d2fb8d0f769534d3fe7ebec3f50d9f8eb46d22a5c457d2c2bfdf5b0,/Users/annibauer/Documents/__Coding.nosync/PhotoAssistant/analysis_output/discarded_review/IMG_7066.JPG,/Users/annibauer/Documents/__Photos.nosync/Photos iCloud Sort/IMG_7066.JPG,True
b995089d0d2fb8d0f769534d3fe7ebec3f50d9f8eb46d22a5c457d2c2bfdf5b0,/Users/annibauer/Documents/__Coding.nosync/PhotoAssistant/analysis_output/discarded_review/IMG_7066_1.JPG,/Users/annibauer/Documents/__Photos.nosync/Photos iCloud Sort/IMG_7066.JPG,False
450296453263eb9fce747e387d1e20da33b3fa3c09cb585e189fa61719226f7e,/Users/annibauer/Documents/__Coding.nosync/PhotoAssistant/analysis_output/discarded_review/IMG_7070.JPG,/Users/annibauer/Documents/__Photos.nosync/Photos iCloud Sort/IMG_7070.JPG,True
450296453263eb9fce747e387d1e20da33b3fa3c09cb585e189fa61719226f7e,/Users/annibauer/Documents/__Coding.nosync/PhotoAssistant/analysis_output/discarded_review/IMG_7070_1.JPG,/Users/annibauer/Documents/__Photos.nosync/Photos iCloud Sort/IMG_7070.JPG,False
6ffe3564a6a17d23c11d004abefe997714ef919e4a65090ddad04a4774be180f,/Users/annibauer/Documents/__Coding.nosync/PhotoAssistant/analysis_output/discarded_review/IMG_7071.JPG,/Users/annibauer/Documents/__Photos.nosync/Photos iCloud Sort/IMG_7071.JPG,True
6ffe3564a6a17d23c11d004abefe997714ef919e4a65090ddad04a4774be180f,/Users/annibauer/Documents/__Coding.nosync/PhotoAssistant/analysis_output/discarded_review/IMG_7071_1.JPG,/Users/annibauer/Documents/__Photos.nosync/Photos iCloud Sort/IMG_7071.JPG,False
9d9b67ec27adf20f8952d8145afc4d3e608552304cf1b560a2f12047fd8812a3,/Users/annibauer/Documents/__Coding.nosync/PhotoAssistant/analysis_output/discarded_review/IMG_7078_1.JPG,/Users/annibauer/Documents/__Photos.nosync/Photos iCloud Sort/IMG_7078.JPG,False
f530ccc1bdc6e343621e4d305e43837f5155821c5b50f56c238a61c20ff13dd6,/Users/annibauer/Documents/__Coding.nosync/PhotoAssistant/analysis_output/discarded_review/IMG_7080.JPG,/Users/annibauer/Documents/__Photos.nosync/Photos iCloud Sort/IMG_7080.JPG,True
f530ccc1bdc6e343621e4d305e43837f5155821c5b50f56c238a61c20ff13dd6,/Users/annibauer/Documents/__Coding.nosync/PhotoAssistant/analysis_output/discarded_review/IMG_7080_1.JPG,/Users/annibauer/Documents/__Photos.nosync/Photos iCloud Sort/IMG_7080.JPG,False
f8870249c577453a0faf0c8ac7939f827de5f0dfd35200da36ef7f36c14fb75c,/Users/annibauer/Documents/__Coding.nosync/PhotoAssistant/analysis_output/discarded_review/IMG_7082.JPG,/Users/annibauer/Documents/__Photos.nosync/Photos iCloud Sort/IMG_7082.JPG,True
f8870249c577453a0faf0c8ac7939f827de5f0dfd35200da36ef7f36c14fb75c,/Users/annibauer/Documents/__Coding.nosync/PhotoAssistant/analysis_output/discarded_review/IMG_7082_1.JPG,/Users/annibauer/Documents/__Photos.nosync/Photos iCloud Sort/IMG_7082.JPG,False
263fd61a4b6d5fcb79d6a2a912c6779116cabd77f6e488ff30f9206dbb001218,/Users/annibauer/Documents/__Coding.nosync/PhotoAssistant/analysis_output/discarded_review/IMG_7083.JPG,/Users/annibauer/Documents/__Photos.nosync/Photos iCloud Sort/IMG_7083.JPG,True
263fd61a4b6d5fcb79d6a2a912c6779116cabd77f6e488ff30f9206dbb001218,/Users/annibauer/Documents/__Coding.nosync/PhotoAssistant/analysis_output/discarded_review/IMG_7083_1.JPG,/Users/annibauer/Documents/__Photos.nosync/Photos iCloud Sort/IMG_7083.JPG,False
c7df7a3aef08e4acffbddd64e7757dc576680669af371bde38b9136138fafd3b,/Users/annibauer/Documents/__Coding.nosync/PhotoAssistant/analysis_output/discarded_review/IMG_7084.JPG,/Users/annibauer/Documents/__Photos.nosync/Photos iCloud Sort/IMG_7084.JPG,True
c7df7a3aef08e4acffbddd64e7757dc576680669af371bde38b9136138fafd3b,/Users/annibauer/Documents/__Coding.nosync/PhotoAssistant/analysis_output/discarded_review/IMG_7084_1.JPG,/Users/annibauer/Documents/__Photos.nosync/Photos iCloud Sort/IMG_7084.JPG,False
978321ed6c1230c7d3cb53a7f26da36f0bc9cd1c4fc663f7a4629a0b0bcdc6e8,/Users/annibauer/Documents/__Coding.nosync/PhotoAssistant/analysis_output/discarded_review/IMG_7088.JPG,/Users/annibauer/Documents/__Photos.nosync/Photos iCloud Sort/IMG_7088.JPG,True
978321ed6c1230c7d3cb53a7f26da36f0bc9cd1c4fc663f7a4629a0b0bcdc6e8,/Users/annibauer/Documents/__Coding.nosync/PhotoAssistant/analysis_output/discarded_review/IMG_7088_1.JPG,/Users/annibauer/Documents/__Photos.nosync/Photos iCloud Sort/IMG_7088.JPG,False
f9baf67b30a15d4cde4b0f208aeb6ce879ebbd35fecf49aa53851099da66cad4,/Users/annibauer/Documents/__Coding.nosync/PhotoAssistant/analysis_output/discarded_review/IMG_7091.JPG,/Users/annibauer/Documents/__Photos.nosync/Photos iCloud Sort/IMG_7091.JPG,True
f9baf67b30a15d4cde4b0f208aeb6ce879ebbd35fecf49aa53851099da66cad4,/Users/annibauer/Documents/__Coding.nosync/PhotoAssistant/analysis_output/discarded_review/IMG_7091_1.JPG,/Users/annibauer/Documents/__Photos.nosync/Photos iCloud Sort/IMG_7091.JPG,False
981868ac2a22d6df55730b4d185bf4c3d26b6377766b7a638340ba748025d956,/Users/annibauer/Documents/__Coding.nosync/PhotoAssistant/analysis_output/discarded_review/IMG_7095.JPG,/Users/annibauer/Documents/__Photos.nosync/Photos iCloud Sort/IMG_7095.JPG,True
981868ac2a22d6df55730b4d185bf4c3d26b6377766b7a638340ba748025d956,/Users/annibauer/Documents/__Coding.nosync/PhotoAssistant/analysis_output/discarded_review/IMG_7095_1.JPG,/Users/annibauer/Documents/__Photos.nosync/Photos iCloud Sort/IMG_7095.JPG,False
7885021bc6cabaafc5eb239be582dd72110e387ae875f57c938824414f477796,/Users/annibauer/Documents/__Coding.nosync/PhotoAssistant/analysis_output/discarded_review/IMG_7096.JPG,/Users/annibauer/Documents/__Photos.nosync/Photos iCloud Sort/IMG_7096.JPG,True
7885021bc6cabaafc5eb239be582dd72110e387ae875f57c938824414f477796,/Users/annibauer/Documents/__Coding.nosync/PhotoAssistant/analysis_output/discarded_review/IMG_7096_1.JPG,/Users/annibauer/Documents/__Photos.nosync/Photos iCloud Sort/IMG_7096.JPG,False
d32322f2e90f4049e6eea7b0ffb2691d0ef8b0e99c79fd48f897c4d6d1be2854,/Users/annibauer/Documents/__Coding.nosync/PhotoAssistant/analysis_output/discarded_review/IMG_7098.JPG,/Users/annibauer/Documents/__Photos.nosync/Photos iCloud Sort/IMG_7098.JPG,True
d32322f2e90f4049e6eea7b0ffb2691d0ef8b0e99c79fd48f897c4d6d1be2854,/Users/annibauer/Documents/__Coding.nosync/PhotoAssistant/analysis_output/discarded_review/IMG_7098_1.JPG,/Users/annibauer/Documents/__Photos.nosync/Photos iCloud Sort/IMG_7098.JPG,False
aff313bd2a114bffe006914b2710c6a39f7219b026c54c5396ec7ea8469df55a,/Users/annibauer/Documents/__Coding.nosync/PhotoAssistant/analysis_output/discarded_review/IMG_7099.JPG,/Users/annibauer/Documents/__Photos.nosync/Photos iCloud Sort/IMG_7099.JPG,True
aff313bd2a114bffe006914b2710c6a39f7219b026c54c5396ec7ea8469df55a,/Users/annibauer/Documents/__Coding.nosync/PhotoAssistant/analysis_output/discarded_review/IMG_7099_1.JPG,/Users/annibauer/Documents/__Photos.nosync/Photos iCloud Sort/IMG_7099.JPG,False
fd5152dfab4b8f818f1f14bee3c4c0b34763a2dab21dfdc49ca8734ec09845bc,/Users/annibauer/Documents/__Coding.nosync/PhotoAssistant/analysis_output/discarded_review/IMG_7101.JPG,/Users/annibauer/Documents/__Photos.nosync/Photos iCloud Sort/IMG_7101.JPG,True
fd5152dfab4b8f818f1f14bee3c4c0b34763a2dab21dfdc49ca8734ec09845bc,/Users/annibauer/Documents/__Coding.nosync/PhotoAssistant/analysis_output/discarded_review/IMG_7101_1.JPG,/Users/annibauer/Documents/__Photos.nosync/Photos iCloud Sort/IMG_7101.JPG,False
601db7aeff2ea20139083347a610d071313684a9a00099a6b78e85369539b155,/Users/annibauer/Documents/__Coding.nosync/PhotoAssistant/analysis_output/discarded_review/IMG_7102.JPG,/Users/annibauer/Documents/__Photos.nosync/Photos iCloud Sort/IMG_7102.JPG,True
601db7aeff2ea20139083347a610d071313684a9a00099a6b78e85369539b155,/Users/annibauer/Documents/__Coding.nosync/PhotoAssistant/analysis_output/discarded_review/IMG_7102_1.JPG,/Users/annibauer/Documents/__Photos.nosync/Photos iCloud Sort/IMG_7102.JPG,False
37edff9f4d2b69de96d4f6e74580cc3837694c29058376b1d04b4904c2cac8ae,/Users/annibauer/Documents/__Coding.nosync/PhotoAssistant/analysis_output/discarded_review/IMG_7103.JPG,/Users/annibauer/Documents/__Photos.nosync/Photos iCloud Sort/IMG_7103.JPG,True
37edff9f4d2b69de96d4f6e74580cc3837694c29058376b1d04b4904c2cac8ae,/Users/annibauer/Documents/__Coding.nosync/PhotoAssistant/analysis_output/discarded_review/IMG_7103_1.JPG,/Users/annibauer/Documents/__Photos.nosync/Photos iCloud Sort/IMG_7103.JPG,False
2665cf20e2358f4502d975318a5b81980fef4e1feed70bbd2f8f2d06bb7144b7,/Users/annibauer/Documents/__Coding.nosync/PhotoAssistant/analysis_output/discarded_review/IMG_7104.JPG,/Users/annibauer/Documents/__Photos.nosync/Photos iCloud Sort/IMG_7104.JPG,True
2665cf20e2358f4502d975318a5b81980fef4e1feed70bbd2f8f2d06bb7144b7,/Users/annibauer/Documents/__Coding.nosync/PhotoAssistant/analysis_output/discarded_review/IMG_7104_1.JPG,/Users/annibauer/Documents/__Photos.nosync/Photos iCloud Sort/IMG_7104.JPG,False
84642e9b7d11031a40dfddaa0877787d46262d5ed876eaacfcd43668ed328104,/Users/annibauer/Documents/__Coding.nosync/PhotoAssistant/analysis_output/discarded_review/IMG_7105.JPG,/Users/annibauer/Documents/__Photos.nosync/Photos iCloud Sort/IMG_7105.JPG,True
84642e9b7d11031a40dfddaa0877787d46262d5ed876eaacfcd43668ed328104,/Users/annibauer/Documents/__Coding.nosync/PhotoAssistant/analysis_output/discarded_review/IMG_7105_1.JPG,/Users/annibauer/Documents/__Photos.nosync/Photos iCloud Sort/IMG_7105.JPG,False
c406342d72e1eac5724cb75506fded8b10cf0f7fe86c52f652b95d3d1b170ce2,/Users/annibauer/Documents/__Coding.nosync/PhotoAssistant/analysis_output/discarded_review/IMG_7107.JPG,/Users/annibauer/Documents/__Photos.nosync/Photos iCloud Sort/IMG_7107.JPG,True
c406342d72e1eac5724cb75506fded8b10cf0f7fe86c52f652b95d3d1b170ce2,/Users/annibauer/Documents/__Coding.nosync/PhotoAssistant/analysis_output/discarded_review/IMG_7107_1.JPG,/Users/annibauer/Documents/__Photos.nosync/Photos iCloud Sort/IMG_7107.JPG,False
c60dbd04d930262e77104b0b8a1c3455c9b72224de4914299def4f77f9b56b59,/Users/annibauer/Documents/__Coding.nosync/PhotoAssistant/analysis_output/discarded_review/IMG_7108.JPG,/Users/annibauer/Documents/__Photos.nosync/Photos iCloud Sort/IMG_7108.JPG,True
c60dbd04d930262e77104b0b8a1c3455c9b72224de4914299def4f77f9b56b59,/Users/annibauer/Documents/__Coding.nosync/PhotoAssistant/analysis_output/discarded_review/IMG_7108_1.JPG,/Users/annibauer/Documents/__Photos.nosync/Photos iCloud Sort/IMG_7108.JPG,False
ab8337c3724632915a497046f6ac75229543fa016cf50905ffcda838809ca557,/Users/annibauer/Documents/__Coding.nosync/PhotoAssistant/analysis_output/discarded_review/IMG_7109.JPG,/Users/annibauer/Documents/__Photos.nosync/Photos iCloud Sort/IMG_7109.JPG,True
a86745c9d933621c9daf50da2c52498dac62fe526603b6a7cf853289c4055a0e,/Users/annibauer/Documents/__Coding.nosync/PhotoAssistant/analysis_output/discarded_review/IMG_7110.JPG,/Users/annibauer/Documents/__Photos.nosync/Photos iCloud Sort/IMG_7110.JPG,True
a86745c9d933621c9daf50da2c52498dac62fe526603b6a7cf853289c4055a0e,/Users/annibauer/Documents/__Coding.nosync/PhotoAssistant/analysis_output/discarded_review/IMG_7110_1.JPG,/Users/annibauer/Documents/__Photos.nosync/Photos iCloud Sort/IMG_7110.JPG,False
28f4071e3b8a9b2b4a7cc7c3ac1aad1bc3ffd5198ec68532ff53b41ede2feeae,/Users/annibauer/Documents/__Coding.nosync/PhotoAssistant/analysis_output/discarded_review/IMG_7111.JPG,/Users/annibauer/Documents/__Photos.nosync/Photos iCloud Sort/IMG_7111.JPG,True
28f4071e3b8a9b2b4a7cc7c3ac1aad1bc3ffd5198ec68532ff53b41ede2feeae,/Users/annibauer/Documents/__Coding.nosync/PhotoAssistant/analysis_output/discarded_review/IMG_7111_1.JPG,/Users/annibauer/Documents/__Photos.nosync/Photos iCloud Sort/IMG_7111.JPG,False
9421a38780f203a6ec14aba4fbff284ce15dad2b1b1ef89a244ac4a78c0f2414,/Users/annibauer/Documents/__Coding.nosync/PhotoAssistant/analysis_output/discarded_review/IMG_7112.JPG,/Users/annibauer/Documents/__Photos.nosync/Photos iCloud Sort/IMG_7112.JPG,True
9421a38780f203a6ec14aba4fbff284ce15dad2b1b1ef89a244ac4a78c0f2414,/Users/annibauer/Documents/__Coding.nosync/PhotoAssistant/analysis_output/discarded_review/IMG_7112_1.JPG,/Users/annibauer/Documents/__Photos.nosync/Photos iCloud Sort/IMG_7112.JPG,False
fc7a4d769ad424d45087a908f8903768e44254e50de6952a647863146a81b4f4,/Users/annibauer/Documents/__Coding.nosync/PhotoAssistant/analysis_output/discarded_review/IMG_7113.JPG,/Users/annibauer/Documents/__Photos.nosync/Photos iCloud Sort/IMG_7113.JPG,True
fc7a4d769ad424d45087a908f8903768e44254e50de6952a647863146a81b4f4,/Users/annibauer/Documents/__Coding.nosync/PhotoAssistant/analysis_output/discarded_review/IMG_7113_1.JPG,/Users/annibauer/Documents/__Photos.nosync/Photos iCloud Sort/IMG_7113.JPG,False
b77cc11253c2d0150971af3f5e6520e99603ce03c43ec434ca6d1cefd05e12cb,/Users/annibauer/Documents/__Coding.nosync/PhotoAssistant/analysis_output/discarded_review/IMG_7114.JPG,/Users/annibauer/Documents/__Photos.nosync/Photos iCloud Sort/IMG_7114.JPG,True
b77cc11253c2d0150971af3f5e6520e99603ce03c43ec434ca6d1cefd05e12cb,/Users/annibauer/Documents/__Coding.nosync/PhotoAssistant/analysis_output/discarded_review/IMG_7114_1.JPG,/Users/annibauer/Documents/__Photos.nosync/Photos iCloud Sort/IMG_7114.JPG,False
b510db8328ef81806d4e403f825e8ac3375c13d41c842b10df1e0b25775a0ec3,/Users/annibauer/Documents/__Coding.nosync/PhotoAssistant/analysis_output/discarded_review/IMG_7115.JPG,/Users/annibauer/Documents/__Photos.nosync/Photos iCloud Sort/IMG_7115.JPG,True
b510db8328ef81806d4e403f825e8ac3375c13d41c842b10df1e0b25775a0ec3,/Users/annibauer/Documents/__Coding.nosync/PhotoAssistant/analysis_output/discarded_review/IMG_7115_1.JPG,/Users/annibauer/Documents/__Photos.nosync/Photos iCloud Sort/IMG_7115.JPG,False
2411a72a2ec5ebe9f483a82203a127c7a17cf99f6e00ca7e8dad520c52f3411e,/Users/annibauer/Documents/__Coding.nosync/PhotoAssistant/analysis_output/discarded_review/IMG_7116.JPG,/Users/annibauer/Documents/__Photos.nosync/Photos iCloud Sort/IMG_7116.JPG,True
2411a72a2ec5ebe9f483a82203a127c7a17cf99f6e00ca7e8dad520c52f3411e,/Users/annibauer/Documents/__Coding.nosync/PhotoAssistant/analysis_output/discarded_review/IMG_7116_1.JPG,/Users/annibauer/Documents/__Photos.nosync/Photos iCloud Sort/IMG_7116.JPG,False
eb7540f7af7c9db2f6da1652ffdf13b439d97824c6b1c104970b7ecbe4924b33,/Users/annibauer/Documents/__Coding.nosync/PhotoAssistant/analysis_output/discarded_review/IMG_7117.JPG,/Users/annibauer/Documents/__Photos.nosync/Photos iCloud Sort/IMG_7117.JPG,True
eb7540f7af7c9db2f6da1652ffdf13b439d97824c6b1c104970b7ecbe4924b33,/Users/annibauer/Documents/__Coding.nosync/PhotoAssistant/analysis_output/discarded_review/IMG_7117_1.JPG,/Users/annibauer/Documents/__Photos.nosync/Photos iCloud Sort/IMG_7117.JPG,False
95f40fd1d3c8a1f5ba2ab38c0168dd4e24f061b8dbcb808cb20256f6150472ec,/Users/annibauer/Documents/__Coding.nosync/PhotoAssistant/analysis_output/discarded_review/IMG_7118.JPG,/Users/annibauer/Documents/__Photos.nosync/Photos iCloud Sort/IMG_7118.JPG,True
95f40fd1d3c8a1f5ba2ab38c0168dd4e24f061b8dbcb808cb20256f6150472ec,/Users/annibauer/Documents/__Coding.nosync/PhotoAssistant/analysis_output/discarded_review/IMG_7118_1.JPG,/Users/annibauer/Documents/__Photos.nosync/Photos iCloud Sort/IMG_7118.JPG,False
e7c14dfda8e84a498025146d42a8c1aeb79a33b2ba7a857f4d8830b83c1d3fac,/Users/annibauer/Documents/__Coding.nosync/PhotoAssistant/analysis_output/discarded_review/IMG_7121-1.JPG,/Users/annibauer/Documents/__Photos.nosync/Photos iCloud Sort/IMG_7121-1.JPG,True
e7c14dfda8e84a498025146d42a8c1aeb79a33b2ba7a857f4d8830b83c1d3fac,/Users/annibauer/Documents/__Coding.nosync/PhotoAssistant/analysis_output/discarded_review/IMG_7121-2.JPG,/Users/annibauer/Documents/__Photos.nosync/Photos iCloud Sort/IMG_7121-1.JPG,False
e7c14dfda8e84a498025146d42a8c1aeb79a33b2ba7a857f4d8830b83c1d3fac,/Users/annibauer/Documents/__Coding.nosync/PhotoAssistant/analysis_output/discarded_review/IMG_7121-2_1.JPG,/Users/annibauer/Documents/__Photos.nosync/Photos iCloud Sort/IMG_7121-1.JPG,False
e7c14dfda8e84a498025146d42a8c1aeb79a33b2ba7a857f4d8830b83c1d3fac,/Users/annibauer/Documents/__Coding.nosync/PhotoAssistant/analysis_output/discarded_review/IMG_7121.JPG,/Users/annibauer/Documents/__Photos.nosync/Photos iCloud Sort/IMG_7121-1.JPG,False
e7c14dfda8e84a498025146d42a8c1aeb79a33b2ba7a857f4d8830b83c1d3fac,/Users/annibauer/Documents/__Coding.nosync/PhotoAssistant/analysis_output/discarded_review/IMG_7121_1.JPG,/Users/annibauer/Documents/__Photos.nosync/Photos iCloud Sort/IMG_7121-1.JPG,False
e7c14dfda8e84a498025146d42a8c1aeb79a33b2ba7a857f4d8830b83c1d3fac,/Users/annibauer/Documents/__Coding.nosync/PhotoAssistant/analysis_output/discarded_review/IMG_7121_2.JPG,/Users/annibauer/Documents/__Photos.nosync/Photos iCloud Sort/IMG_7121-1.JPG,False
3531bcb04a8ab9cb6d0228a9060c6a567b6b6aa39ff3bb4d217b20c585fe0b60,/Users/annibauer/Documents/__Coding.nosync/PhotoAssistant/analysis_output/discarded_review/IMG_7122.JPG,/Users/annibauer/Documents/__Photos.nosync/Photos iCloud Sort/IMG_7122.JPG,True
3531bcb04a8ab9cb6d0228a9060c6a567b6b6aa39ff3bb4d217b20c585fe0b60,/Users/annibauer/Documents/__Coding.nosync/PhotoAssistant/analysis_output/discarded_review/IMG_7122_1.JPG,/Users/annibauer/Documents/__Photos.nosync/Photos iCloud Sort/IMG_7122.JPG,False
a955fcbf9a6aedad72fe87631cf78713893f171454b88d3546258ceb8e90fcdd,/Users/annibauer/Documents/__Coding.nosync/PhotoAssistant/analysis_output/discarded_review/IMG_7123.JPG,/Users/annibauer/Documents/__Photos.nosync/Photos iCloud Sort/IMG_7123.JPG,True
a955fcbf9a6aedad72fe87631cf78713893f171454b88d3546258ceb8e90fcdd,/Users/annibauer/Documents/__Coding.nosync/PhotoAssistant/analysis_output/discarded_review/IMG_7123_1.JPG,/Users/annibauer/Documents/__Photos.nosync/Photos iCloud Sort/IMG_7123.JPG,False
3e1db8720cd4bd34b8d12e8e957a16e67880197fee427b3de40f685277ca25ff,/Users/annibauer/Documents/__Coding.nosync/PhotoAssistant/analysis_output/discarded_review/IMG_7124.JPG,/Users/annibauer/Documents/__Photos.nosync/Photos iCloud Sort/IMG_7124.JPG,True
3e1db8720cd4bd34b8d12e8e957a16e67880197fee427b3de40f685277ca25ff,/Users/annibauer/Documents/__Coding.nosync/PhotoAssistant/analysis_output/discarded_review/IMG_7124_1.JPG,/Users/annibauer/Documents/__Photos.nosync/Photos iCloud Sort/IMG_7124.JPG,False
ee57b03ffde9f1580964d77a01add4b193a7e250e8d0d2516446f68aa245aa6b,/Users/annibauer/Documents/__Coding.nosync/PhotoAssistant/analysis_output/discarded_review/IMG_7125.JPG,/Users/annibauer/Documents/__Photos.nosync/Photos iCloud Sort/IMG_7125.JPG,True
ee57b03ffde9f1580964d77a01add4b193a7e250e8d0d2516446f68aa245aa6b,/Users/annibauer/Documents/__Coding.nosync/PhotoAssistant/analysis_output/discarded_review/IMG_7125_1.JPG,/Users/annibauer/Documents/__Photos.nosync/Photos iCloud Sort/IMG_7125.JPG,False
a4c45680a6231252f2027ba322aaba3820be385edd935e58d35febf91db6b7ad,/Users/annibauer/Documents/__Coding.nosync/PhotoAssistant/analysis_output/discarded_review/IMG_7126.JPG,/Users/annibauer/Documents/__Photos.nosync/Photos iCloud Sort/IMG_7126.JPG,True
a4c45680a6231252f2027ba322aaba3820be385edd935e58d35febf91db6b7ad,/Users/annibauer/Documents/__Coding.nosync/PhotoAssistant/analysis_output/discarded_review/IMG_7126_1.JPG,/Users/annibauer/Documents/__Photos.nosync/Photos iCloud Sort/IMG_7126.JPG,False
3d023c26a8e00e87e39553150538b05a8b9c038b4ab3110edda4b2e306882367,/Users/annibauer/Documents/__Coding.nosync/PhotoAssistant/analysis_output/discarded_review/IMG_7127.JPG,/Users/annibauer/Documents/__Photos.nosync/Photos iCloud Sort/IMG_7127.JPG,True
3d023c26a8e00e87e39553150538b05a8b9c038b4ab3110edda4b2e306882367,/Users/annibauer/Documents/__Coding.nosync/PhotoAssistant/analysis_output/discarded_review/IMG_7127_1.JPG,/Users/annibauer/Documents/__Photos.nosync/Photos iCloud Sort/IMG_7127.JPG,False
ca6c1002b8811db9ccc0c599b6708bda3d8f2666e1a1cd87076a43538a69120d,/Users/annibauer/Documents/__Coding.nosync/PhotoAssistant/analysis_output/discarded_review/IMG_7129.JPG,/Users/annibauer/Documents/__Photos.nosync/Photos iCloud Sort/IMG_7129.JPG,True
ca6c1002b8811db9ccc0c599b6708bda3d8f2666e1a1cd87076a43538a69120d,/Users/annibauer/Documents/__Coding.nosync/PhotoAssistant/analysis_output/discarded_review/IMG_7129_1.JPG,/Users/annibauer/Documents/__Photos.nosync/Photos iCloud Sort/IMG_7129.JPG,False
fe0874dd9eea3d17c1d2c8892e0dc31942a3eabe0270f145ffc63eac8901704e,/Users/annibauer/Documents/__Coding.nosync/PhotoAssistant/analysis_output/discarded_review/IMG_7130.JPG,/Users/annibauer/Documents/__Photos.nosync/Photos iCloud Sort/IMG_7130.JPG,True
fe0874dd9eea3d17c1d2c8892e0dc31942a3eabe0270f145ffc63eac8901704e,/Users/annibauer/Documents/__Coding.nosync/PhotoAssistant/analysis_output/discarded_review/IMG_7130_1.JPG,/Users/annibauer/Documents/__Photos.nosync/Photos iCloud Sort/IMG_7130.JPG,False
94612ad9a4c7a62e67c63e318a849fb99f69bd75dbac8b96b817140fbcddbf77,/Users/annibauer/Documents/__Coding.nosync/PhotoAssistant/analysis_output/discarded_review/IMG_7132.JPG,/Users/annibauer/Documents/__Photos.nosync/Photos iCloud Sort/IMG_7132.JPG,True
94612ad9a4c7a62e67c63e318a849fb99f69bd75dbac8b96b817140fbcddbf77,/Users/annibauer/Documents/__Coding.nosync/PhotoAssistant/analysis_output/discarded_review/IMG_7132_1.JPG,/Users/annibauer/Documents/__Photos.nosync/Photos iCloud Sort/IMG_7132.JPG,False
f950d79610b7e63e959183003eaa6f8636b813986d00c39d6f55512dc0582ba7,/Users/annibauer/Documents/__Coding.nosync/PhotoAssistant/analysis_output/discarded_review/IMG_7134.JPG,/Users/annibauer/Documents/__Photos.nosync/Photos iCloud Sort/IMG_7134.JPG,True
f950d79610b7e63e959183003eaa6f8636b813986d00c39d6f55512dc0582ba7,/Users/annibauer/Documents/__Coding.nosync/PhotoAssistant/analysis_output/discarded_review/IMG_7134_1.JPG,/Users/annibauer/Documents/__Photos.nosync/Photos iCloud Sort/IMG_7134.JPG,False
38aa3cb4ffd5b0609d8bc44dc96977491080ef4e4cb8b5292561991cd46b0fcc,/Users/annibauer/Documents/__Coding.nosync/PhotoAssistant/analysis_output/discarded_review/IMG_7135.JPG,/Users/annibauer/Documents/__Photos.nosync/Photos iCloud Sort/IMG_7135.JPG,True
38aa3cb4ffd5b0609d8bc44dc96977491080ef4e4cb8b5292561991cd46b0fcc,/Users/annibauer/Documents/__Coding.nosync/PhotoAssistant/analysis_output/discarded_review/IMG_7135_1.JPG,/Users/annibauer/Documents/__Photos.nosync/Photos iCloud Sort/IMG_7135.JPG,False
26c63a38a9993ee69b8a01336853e8076eb63e4ce95bed03f3598d0d42562501,/Users/annibauer/Documents/__Coding.nosync/PhotoAssistant/analysis_output/discarded_review/IMG_7136.JPG,/Users/annibauer/Documents/__Photos.nosync/Photos iCloud Sort/IMG_7136.JPG,True
26c63a38a9993ee69b8a01336853e8076eb63e4ce95bed03f3598d0d42562501,/Users/annibauer/Documents/__Coding.nosync/PhotoAssistant/analysis_output/discarded_review/IMG_7136_1.JPG,/Users/annibauer/Documents/__Photos.nosync/Photos iCloud Sort/IMG_7136.JPG,False
97f413498c394eb325c97dadf1131e38690f04a956c06cee368312b5c01bee8e,/Users/annibauer/Documents/__Coding.nosync/PhotoAssistant/analysis_output/discarded_review/IMG_7137.JPG,/Users/annibauer/Documents/__Photos.nosync/Photos iCloud Sort/IMG_7137.JPG,True
9373b673bf02f4ebf131419d3df389c73c79ac641caea7abb2b645d8bb17911f,/Users/annibauer/Documents/__Coding.nosync/PhotoAssistant/analysis_output/discarded_review/IMG_7138.JPG,/Users/annibauer/Documents/__Photos.nosync/Photos iCloud Sort/IMG_7138.JPG,True
7238dbda27190f3ace4b05f7854a8f06d99fae08aa3eb676d922a199f93626da,/Users/annibauer/Documents/__Coding.nosync/PhotoAssistant/analysis_output/discarded_review/IMG_7139.JPG,/Users/annibauer/Documents/__Photos.nosync/Photos iCloud Sort/IMG_7139.JPG,True
7238dbda27190f3ace4b05f7854a8f06d99fae08aa3eb676d922a199f93626da,/Users/annibauer/Documents/__Coding.nosync/PhotoAssistant/analysis_output/discarded_review/IMG_7139_1.JPG,/Users/annibauer/Documents/__Photos.nosync/Photos iCloud Sort/IMG_7139.JPG,False
22e4574aa0cc725844cd9516a5a031a4d2cfd1485730285b6d02fc0eac395250,/Users/annibauer/Documents/__Coding.nosync/PhotoAssistant/analysis_output/discarded_review/IMG_7140.JPG,/Users/annibauer/Documents/__Photos.nosync/Photos iCloud Sort/IMG_7140.JPG,True
d1a5b987f7f9bd20bb03d25b8e8f4c23fb7e79b1ef581aff46c7ed516b0540f2,/Users/annibauer/Documents/__Coding.nosync/PhotoAssistant/analysis_output/discarded_review/IMG_7142.JPG,/Users/annibauer/Documents/__Photos.nosync/Photos iCloud Sort/IMG_7142.JPG,True
d1a5b987f7f9bd20bb03d25b8e8f4c23fb7e79b1ef581aff46c7ed516b0540f2,/Users/annibauer/Documents/__Coding.nosync/PhotoAssistant/analysis_output/discarded_review/IMG_7142_1.JPG,/Users/annibauer/Documents/__Photos.nosync/Photos iCloud Sort/IMG_7142.JPG,False
90ac6d59c93aa6885a8aedca555814933d6d402595774754f167b78cd39b6bbc,/Users/annibauer/Documents/__Coding.nosync/PhotoAssistant/analysis_output/discarded_review/IMG_7145.JPG,/Users/annibauer/Documents/__Photos.nosync/Photos iCloud Sort/IMG_7145.JPG,True
90ac6d59c93aa6885a8aedca555814933d6d402595774754f167b78cd39b6bbc,/Users/annibauer/Documents/__Coding.nosync/PhotoAssistant/analysis_output/discarded_review/IMG_7145_1.JPG,/Users/annibauer/Documents/__Photos.nosync/Photos iCloud Sort/IMG_7145.JPG,False
699d1757b1e5d499a8057e2f28fcd4bbd099659c4fca9e4a4b944537a37668e2,/Users/annibauer/Documents/__Coding.nosync/PhotoAssistant/analysis_output/discarded_review/IMG_7149.JPG,/Users/annibauer/Documents/__Photos.nosync/Photos iCloud Sort/IMG_7149.JPG,True
699d1757b1e5d499a8057e2f28fcd4bbd099659c4fca9e4a4b944537a37668e2,/Users/annibauer/Documents/__Coding.nosync/PhotoAssistant/analysis_output/discarded_review/IMG_7149_1.JPG,/Users/annibauer/Documents/__Photos.nosync/Photos iCloud Sort/IMG_7149.JPG,False
8779bca9a6db66582edd251a3ea7a80344f6c94a93f32c007130aa46b536e939,/Users/annibauer/Documents/__Coding.nosync/PhotoAssistant/analysis_output/discarded_review/IMG_7150.JPG,/Users/annibauer/Documents/__Photos.nosync/Photos iCloud Sort/IMG_7150.JPG,True
8779bca9a6db66582edd251a3ea7a80344f6c94a93f32c007130aa46b536e939,/Users/annibauer/Documents/__Coding.nosync/PhotoAssistant/analysis_output/discarded_review/IMG_7150_1.JPG,/Users/annibauer/Documents/__Photos.nosync/Photos iCloud Sort/IMG_7150.JPG,False
ca7a77fade8d58eb746caed62fc7028bee358f647093fe03f52972a0d8e03372,/Users/annibauer/Documents/__Coding.nosync/PhotoAssistant/analysis_output/discarded_review/IMG_7154.JPG,/Users/annibauer/Documents/__Photos.nosync/Photos iCloud Sort/IMG_7154.JPG,True
ca7a77fade8d58eb746caed62fc7028bee358f647093fe03f52972a0d8e03372,/Users/annibauer/Documents/__Coding.nosync/PhotoAssistant/analysis_output/discarded_review/IMG_7154_1.JPG,/Users/annibauer/Documents/__Photos.nosync/Photos iCloud Sort/IMG_7154.JPG,False
2244d6a026b9155e47017cc8358bd8bd1998bc3fe120c4096752581fb3c4ed7d,/Users/annibauer/Documents/__Coding.nosync/PhotoAssistant/analysis_output/discarded_review/IMG_7159.JPG,/Users/annibauer/Documents/__Photos.nosync/Photos iCloud Sort/IMG_7159.JPG,True
2244d6a026b9155e47017cc8358bd8bd1998bc3fe120c4096752581fb3c4ed7d,/Users/annibauer/Documents/__Coding.nosync/PhotoAssistant/analysis_output/discarded_review/IMG_7159_1.JPG,/Users/annibauer/Documents/__Photos.nosync/Photos iCloud Sort/IMG_7159.JPG,False
121746da2068a51ad49ff866a04c8ddfd533dcabc7fa39b2f4e0495d9a29100f,/Users/annibauer/Documents/__Coding.nosync/PhotoAssistant/analysis_output/discarded_review/IMG_7163.JPG,/Users/annibauer/Documents/__Photos.nosync/Photos iCloud Sort/IMG_7163.JPG,True
121746da2068a51ad49ff866a04c8ddfd533dcabc7fa39b2f4e0495d9a29100f,/Users/annibauer/Documents/__Coding.nosync/PhotoAssistant/analysis_output/discarded_review/IMG_7163_1.JPG,/Users/annibauer/Documents/__Photos.nosync/Photos iCloud Sort/IMG_7163.JPG,False
6c28111af1b676fbe587285b85c4d8eae74d1feda638abcd7a9c50a422c8f804,/Users/annibauer/Documents/__Coding.nosync/PhotoAssistant/analysis_output/discarded_review/IMG_7165.JPG,/Users/annibauer/Documents/__Photos.nosync/Photos iCloud Sort/IMG_7165.JPG,True
6c28111af1b676fbe587285b85c4d8eae74d1feda638abcd7a9c50a422c8f804,/Users/annibauer/Documents/__Coding.nosync/PhotoAssistant/analysis_output/discarded_review/IMG_7165_1.JPG,/Users/annibauer/Documents/__Photos.nosync/Photos iCloud Sort/IMG_7165.JPG,False
69ddeafbc63eec99b2ded90c9b02479c8cce1695aa9fe2df9e9f2920da82d570,/Users/annibauer/Documents/__Coding.nosync/PhotoAssistant/analysis_output/discarded_review/IMG_7166.JPG,/Users/annibauer/Documents/__Photos.nosync/Photos iCloud Sort/IMG_7166.JPG,True
69ddeafbc63eec99b2ded90c9b02479c8cce1695aa9fe2df9e9f2920da82d570,/Users/annibauer/Documents/__Coding.nosync/PhotoAssistant/analysis_output/discarded_review/IMG_7166_1.JPG,/Users/annibauer/Documents/__Photos.nosync/Photos iCloud Sort/IMG_7166.JPG,False
01a6eead1f259abfa381f783d3329a43b282cb045cfbdc9c8e887a215eb57e3b,/Users/annibauer/Documents/__Coding.nosync/PhotoAssistant/analysis_output/discarded_review/IMG_7167.JPG,/Users/annibauer/Documents/__Photos.nosync/Photos iCloud Sort/IMG_7167.JPG,True
01a6eead1f259abfa381f783d3329a43b282cb045cfbdc9c8e887a215eb57e3b,/Users/annibauer/Documents/__Coding.nosync/PhotoAssistant/analysis_output/discarded_review/IMG_7167_1.JPG,/Users/annibauer/Documents/__Photos.nosync/Photos iCloud Sort/IMG_7167.JPG,False
d11cf2b230c2a9dc97fe9ea0d453a841c2a586eae41e91e50d96048c19392dd2,/Users/annibauer/Documents/__Coding.nosync/PhotoAssistant/analysis_output/discarded_review/IMG_7169.JPG,/Users/annibauer/Documents/__Photos.nosync/Photos iCloud Sort/IMG_7169.JPG,True
d11cf2b230c2a9dc97fe9ea0d453a841c2a586eae41e91e50d96048c19392dd2,/Users/annibauer/Documents/__Coding.nosync/PhotoAssistant/analysis_output/discarded_review/IMG_7169_1.JPG,/Users/annibauer/Documents/__Photos.nosync/Photos iCloud Sort/IMG_7169.JPG,False
e4ebc0cf4d94431873765aed8e2b83b5487caeb9100135eee2f68405cf9ff9a6,/Users/annibauer/Documents/__Coding.nosync/PhotoAssistant/analysis_output/discarded_review/IMG_7170.JPG,/Users/annibauer/Documents/__Photos.nosync/Photos iCloud Sort/IMG_7170.JPG,True
e4ebc0cf4d94431873765aed8e2b83b5487caeb9100135eee2f68405cf9ff9a6,/Users/annibauer/Documents/__Coding.nosync/PhotoAssistant/analysis_output/discarded_review/IMG_7170_1.JPG,/Users/annibauer/Documents/__Photos.nosync/Photos iCloud Sort/IMG_7170.JPG,False
473f7c5f4d0b2440fc7730bb0bcfa597f9b4eef9f40012b27da098e0976bb816,/Users/annibauer/Documents/__Coding.nosync/PhotoAssistant/analysis_output/discarded_review/IMG_7183.JPG,/Users/annibauer/Documents/__Photos.nosync/Photos iCloud Sort/IMG_7183.JPG,True
473f7c5f4d0b2440fc7730bb0bcfa597f9b4eef9f40012b27da098e0976bb816,/Users/annibauer/Documents/__Coding.nosync/PhotoAssistant/analysis_output/discarded_review/IMG_7183_1.JPG,/Users/annibauer/Documents/__Photos.nosync/Photos iCloud Sort/IMG_7183.JPG,False
1c88fbd0d6a79f3814d09b9d1ee1e12da1aec0fadd96b6daf59f9408328317c2,/Users/annibauer/Documents/__Coding.nosync/PhotoAssistant/analysis_output/discarded_review/IMG_7185.JPG,/Users/annibauer/Documents/__Photos.nosync/Photos iCloud Sort/IMG_7185.JPG,True
1c88fbd0d6a79f3814d09b9d1ee1e12da1aec0fadd96b6daf59f9408328317c2,/Users/annibauer/Documents/__Coding.nosync/PhotoAssistant/analysis_output/discarded_review/IMG_7185_1.JPG,/Users/annibauer/Documents/__Photos.nosync/Photos iCloud Sort/IMG_7185.JPG,False
5cec5debcf67e91d14f3690ca64883cc8af815842ceebc97220d5bfc57b4d87d,/Users/annibauer/Documents/__Coding.nosync/PhotoAssistant/analysis_output/discarded_review/IMG_7188.JPG,/Users/annibauer/Documents/__Photos.nosync/Photos iCloud Sort/IMG_7188.JPG,True
5cec5debcf67e91d14f3690ca64883cc8af815842ceebc97220d5bfc57b4d87d,/Users/annibauer/Documents/__Coding.nosync/PhotoAssistant/analysis_output/discarded_review/IMG_7188_1.JPG,/Users/annibauer/Documents/__Photos.nosync/Photos iCloud Sort/IMG_7188.JPG,False
6ccf936e47829b7dfeb6942a42f59116f64b725809e701c1d20a06dd29fad087,/Users/annibauer/Documents/__Coding.nosync/PhotoAssistant/analysis_output/discarded_review/IMG_7189.JPG,/Users/annibauer/Documents/__Photos.nosync/Photos iCloud Sort/IMG_7189.JPG,True
cd8a654fd031efb65c042f8026f0e4ce46caacf5fb2cca8955fb6ce24ec435a3,/Users/annibauer/Documents/__Coding.nosync/PhotoAssistant/analysis_output/discarded_review/IMG_7190.JPG,/Users/annibauer/Documents/__Photos.nosync/Photos iCloud Sort/IMG_7190.JPG,True
c836df3783089d7d72beb5808fc58d521065edbcc02a3e44e17e78710539bc86,/Users/annibauer/Documents/__Coding.nosync/PhotoAssistant/analysis_output/discarded_review/IMG_7191.JPG,/Users/annibauer/Documents/__Photos.nosync/Photos iCloud Sort/IMG_7191.JPG,True
c836df3783089d7d72beb5808fc58d521065edbcc02a3e44e17e78710539bc86,/Users/annibauer/Documents/__Coding.nosync/PhotoAssistant/analysis_output/discarded_review/IMG_7191_1.JPG,/Users/annibauer/Documents/__Photos.nosync/Photos iCloud Sort/IMG_7191.JPG,False
183762b151dc494dbe7727d037e8ffc5fb921e69a20dbe720ee8a79961a4fc51,/Users/annibauer/Documents/__Coding.nosync/PhotoAssistant/analysis_output/discarded_review/IMG_7192.JPG,/Users/annibauer/Documents/__Photos.nosync/Photos iCloud Sort/IMG_7192.JPG,True
183762b151dc494dbe7727d037e8ffc5fb921e69a20dbe720ee8a79961a4fc51,/Users/annibauer/Documents/__Coding.nosync/PhotoAssistant/analysis_output/discarded_review/IMG_7192_1.JPG,/Users/annibauer/Documents/__Photos.nosync/Photos iCloud Sort/IMG_7192.JPG,False
a00e210d0ad828533ca8e4b515ca327d5427dc15dd15e53823ab30b7fb55511c,/Users/annibauer/Documents/__Coding.nosync/PhotoAssistant/analysis_output/discarded_review/IMG_7193.JPG,/Users/annibauer/Documents/__Photos.nosync/Photos iCloud Sort/IMG_7193.JPG,True
a00e210d0ad828533ca8e4b515ca327d5427dc15dd15e53823ab30b7fb55511c,/Users/annibauer/Documents/__Coding.nosync/PhotoAssistant/analysis_output/discarded_review/IMG_7193_1.JPG,/Users/annibauer/Documents/__Photos.nosync/Photos iCloud Sort/IMG_7193.JPG,False
ef70e3dafe012cb9255993ca9da270d32053b916a9d8708df8fb58c8f9f1457b,/Users/annibauer/Documents/__Coding.nosync/PhotoAssistant/analysis_output/discarded_review/IMG_7194.JPG,/Users/annibauer/Documents/__Photos.nosync/Photos iCloud Sort/IMG_7194.JPG,True
ef70e3dafe012cb9255993ca9da270d32053b916a9d8708df8fb58c8f9f1457b,/Users/annibauer/Documents/__Coding.nosync/PhotoAssistant/analysis_output/discarded_review/IMG_7194_1.JPG,/Users/annibauer/Documents/__Photos.nosync/Photos iCloud Sort/IMG_7194.JPG,False
712a96c47b88c0a962e43f054660561fec8a2413f9fa95f119881356e4e8e4e1,/Users/annibauer/Documents/__Coding.nosync/PhotoAssistant/analysis_output/discarded_review/IMG_7195.JPG,/Users/annibauer/Documents/__Photos.nosync/Photos iCloud Sort/IMG_7195.JPG,True
712a96c47b88c0a962e43f054660561fec8a2413f9fa95f119881356e4e8e4e1,/Users/annibauer/Documents/__Coding.nosync/PhotoAssistant/analysis_output/discarded_review/IMG_7195_1.JPG,/Users/annibauer/Documents/__Photos.nosync/Photos iCloud Sort/IMG_7195.JPG,False
17c6ed70e4ba838a088fcebc7a5d8905ace994aa1e8535f39d80c8379d025be6,/Users/annibauer/Documents/__Coding.nosync/PhotoAssistant/analysis_output/discarded_review/IMG_7196.JPG,/Users/annibauer/Documents/__Photos.nosync/Photos iCloud Sort/IMG_7196.JPG,True
569f13aab9a0620216829e0c83f39a07d90f497332de95c1b51df345a13aa9c5,/Users/annibauer/Documents/__Coding.nosync/PhotoAssistant/analysis_output/discarded_review/IMG_7197.PNG,/Users/annibauer/Documents/__Photos.nosync/Photos iCloud Sort/IMG_7197.PNG,True
569f13aab9a0620216829e0c83f39a07d90f497332de95c1b51df345a13aa9c5,/Users/annibauer/Documents/__Coding.nosync/PhotoAssistant/analysis_output/discarded_review/IMG_7197_1.PNG,/Users/annibauer/Documents/__Photos.nosync/Photos iCloud Sort/IMG_7197.PNG,False
efca93295c00834f0b5613a52e1a325181437d9eb3bec37640231c36487d0f46,/Users/annibauer/Documents/__Coding.nosync/PhotoAssistant/analysis_output/discarded_review/IMG_7201.JPG,/Users/annibauer/Documents/__Photos.nosync/Photos iCloud Sort/IMG_7201.JPG,True
efca93295c00834f0b5613a52e1a325181437d9eb3bec37640231c36487d0f46,/Users/annibauer/Documents/__Coding.nosync/PhotoAssistant/analysis_output/discarded_review/IMG_7201_1.JPG,/Users/annibauer/Documents/__Photos.nosync/Photos iCloud Sort/IMG_7201.JPG,False
c5f32033ac393849c261a3e6c82a555b6b17451f1a3e473a8729a739baf37165,/Users/annibauer/Documents/__Coding.nosync/PhotoAssistant/analysis_output/discarded_review/IMG_7202.JPG,/Users/annibauer/Documents/__Photos.nosync/Photos iCloud Sort/IMG_7202.JPG,True
c5f32033ac393849c261a3e6c82a555b6b17451f1a3e473a8729a739baf37165,/Users/annibauer/Documents/__Coding.nosync/PhotoAssistant/analysis_output/discarded_review/IMG_7202_1.JPG,/Users/annibauer/Documents/__Photos.nosync/Photos iCloud Sort/IMG_7202.JPG,False
e3040367175bdfc302257c9799e8e0a78c543da7b97e3aa41491b1d940ceb436,/Users/annibauer/Documents/__Coding.nosync/PhotoAssistant/analysis_output/discarded_review/IMG_7209.JPG,/Users/annibauer/Documents/__Photos.nosync/Photos iCloud Sort/IMG_7209.JPG,True
e3040367175bdfc302257c9799e8e0a78c543da7b97e3aa41491b1d940ceb436,/Users/annibauer/Documents/__Coding.nosync/PhotoAssistant/analysis_output/discarded_review/IMG_7209_1.JPG,/Users/annibauer/Documents/__Photos.nosync/Photos iCloud Sort/IMG_7209.JPG,False
221642e184e920038375c0abf276ea08640e4a1b33d43a7a611f43065fb6c85b,/Users/annibauer/Documents/__Coding.nosync/PhotoAssistant/analysis_output/discarded_review/IMG_7213.JPG,/Users/annibauer/Documents/__Photos.nosync/Photos iCloud Sort/IMG_7213.JPG,True
221642e184e920038375c0abf276ea08640e4a1b33d43a7a611f43065fb6c85b,/Users/annibauer/Documents/__Coding.nosync/PhotoAssistant/analysis_output/discarded_review/IMG_7213_1.JPG,/Users/annibauer/Documents/__Photos.nosync/Photos iCloud Sort/IMG_7213.JPG,False
88afc804abfd1385bbdaeea91fe17779fb7b8b4c9ece9df2fa74609fe10583d0,/Users/annibauer/Documents/__Coding.nosync/PhotoAssistant/analysis_output/discarded_review/IMG_7217.JPG,/Users/annibauer/Documents/__Photos.nosync/Photos iCloud Sort/IMG_7217.JPG,True
88afc804abfd1385bbdaeea91fe17779fb7b8b4c9ece9df2fa74609fe10583d0,/Users/annibauer/Documents/__Coding.nosync/PhotoAssistant/analysis_output/discarded_review/IMG_7217_1.JPG,/Users/annibauer/Documents/__Photos.nosync/Photos iCloud Sort/IMG_7217.JPG,False
14f3ea836948766fa7f5e199f09c97a221e3eb2767d6238e1faf7bd96e412d8f,/Users/annibauer/Documents/__Coding.nosync/PhotoAssistant/analysis_output/discarded_review/IMG_7219.JPG,/Users/annibauer/Documents/__Photos.nosync/Photos iCloud Sort/IMG_7219.JPG,True
14f3ea836948766fa7f5e199f09c97a221e3eb2767d6238e1faf7bd96e412d8f,/Users/annibauer/Documents/__Coding.nosync/PhotoAssistant/analysis_output/discarded_review/IMG_7219_1.JPG,/Users/annibauer/Documents/__Photos.nosync/Photos iCloud Sort/IMG_7219.JPG,False
0f90ea923dfe053386be6dd72973f269bc989db62b16c6d2c7e63f551d845366,/Users/annibauer/Documents/__Coding.nosync/PhotoAssistant/analysis_output/discarded_review/IMG_7223.JPG,/Users/annibauer/Documents/__Photos.nosync/Photos iCloud Sort/IMG_7223.JPG,True
0f90ea923dfe053386be6dd72973f269bc989db62b16c6d2c7e63f551d845366,/Users/annibauer/Documents/__Coding.nosync/PhotoAssistant/analysis_output/discarded_review/IMG_7223_1.JPG,/Users/annibauer/Documents/__Photos.nosync/Photos iCloud Sort/IMG_7223.JPG,False
55391f23290a609a42a49382a2472fc69bc48096b8d3f1735dcde16071c2e808,/Users/annibauer/Documents/__Coding.nosync/PhotoAssistant/analysis_output/discarded_review/IMG_7226.JPG,/Users/annibauer/Documents/__Photos.nosync/Photos iCloud Sort/IMG_7226.JPG,True
55391f23290a609a42a49382a2472fc69bc48096b8d3f1735dcde16071c2e808,/Users/annibauer/Documents/__Coding.nosync/PhotoAssistant/analysis_output/discarded_review/IMG_7226_1.JPG,/Users/annibauer/Documents/__Photos.nosync/Photos iCloud Sort/IMG_7226.JPG,False
250c96c2c5aa71d3fe1bec09491ec223b5a5c668cfb7bf5e7b89a3fd42783d2c,/Users/annibauer/Documents/__Coding.nosync/PhotoAssistant/analysis_output/discarded_review/IMG_7227.JPG,/Users/annibauer/Documents/__Photos.nosync/Photos iCloud Sort/IMG_7227.JPG,True
250c96c2c5aa71d3fe1bec09491ec223b5a5c668cfb7bf5e7b89a3fd42783d2c,/Users/annibauer/Documents/__Coding.nosync/PhotoAssistant/analysis_output/discarded_review/IMG_7227_1.JPG,/Users/annibauer/Documents/__Photos.nosync/Photos iCloud Sort/IMG_7227.JPG,False
ecad61b68018fd0218af0c66ca15db5845561a470b015a999e139299c49a0143,/Users/annibauer/Documents/__Coding.nosync/PhotoAssistant/analysis_output/discarded_review/IMG_7228.JPG,/Users/annibauer/Documents/__Photos.nosync/Photos iCloud Sort/IMG_7228.JPG,True
ecad61b68018fd0218af0c66ca15db5845561a470b015a999e139299c49a0143,/Users/annibauer/Documents/__Coding.nosync/PhotoAssistant/analysis_output/discarded_review/IMG_7228_1.JPG,/Users/annibauer/Documents/__Photos.nosync/Photos iCloud Sort/IMG_7228.JPG,False
958a47a6f5c1f7a307d65b1959cd37c75879737b7cabeb320c887000c9e157ce,/Users/annibauer/Documents/__Coding.nosync/PhotoAssistant/analysis_output/discarded_review/IMG_7229.JPG,/Users/annibauer/Documents/__Photos.nosync/Photos iCloud Sort/IMG_7229.JPG,True
958a47a6f5c1f7a307d65b1959cd37c75879737b7cabeb320c887000c9e157ce,/Users/annibauer/Documents/__Coding.nosync/PhotoAssistant/analysis_output/discarded_review/IMG_7229_1.JPG,/Users/annibauer/Documents/__Photos.nosync/Photos iCloud Sort/IMG_7229.JPG,False
326440d1dc7658ba97bfff885e5a33b85ccfc2b7cceb0aa87ac2d27b023fc14b,/Users/annibauer/Documents/__Coding.nosync/PhotoAssistant/analysis_output/discarded_review/IMG_7230.JPG,/Users/annibauer/Documents/__Photos.nosync/Photos iCloud Sort/IMG_7230.JPG,True
326440d1dc7658ba97bfff885e5a33b85ccfc2b7cceb0aa87ac2d27b023fc14b,/Users/annibauer/Documents/__Coding.nosync/PhotoAssistant/analysis_output/discarded_review/IMG_7230_1.JPG,/Users/annibauer/Documents/__Photos.nosync/Photos iCloud Sort/IMG_7230.JPG,False
615bcef9bb2993ba31c05979e63833b35ce4affe183640f0a2c494c39b5408e2,/Users/annibauer/Documents/__Coding.nosync/PhotoAssistant/analysis_output/discarded_review/IMG_7232.JPG,/Users/annibauer/Documents/__Photos.nosync/Photos iCloud Sort/IMG_7232.JPG,True
615bcef9bb2993ba31c05979e63833b35ce4affe183640f0a2c494c39b5408e2,/Users/annibauer/Documents/__Coding.nosync/PhotoAssistant/analysis_output/discarded_review/IMG_7232_1.JPG,/Users/annibauer/Documents/__Photos.nosync/Photos iCloud Sort/IMG_7232.JPG,False
30772ffb16a4a1cfecce90d35b7cd5e9f0f6ddd7739c854b91d64d33b96fa3ec,/Users/annibauer/Documents/__Coding.nosync/PhotoAssistant/analysis_output/discarded_review/IMG_7233.JPG,/Users/annibauer/Documents/__Photos.nosync/Photos iCloud Sort/IMG_7233.JPG,True
30772ffb16a4a1cfecce90d35b7cd5e9f0f6ddd7739c854b91d64d33b96fa3ec,/Users/annibauer/Documents/__Coding.nosync/PhotoAssistant/analysis_output/discarded_review/IMG_7233_1.JPG,/Users/annibauer/Documents/__Photos.nosync/Photos iCloud Sort/IMG_7233.JPG,False
769bfcb692f48a542c6843402b2674992224910bde27fd5e862f914dee3e3fd1,/Users/annibauer/Documents/__Coding.nosync/PhotoAssistant/analysis_output/discarded_review/IMG_7234.JPG,/Users/annibauer/Documents/__Photos.nosync/Photos iCloud Sort/IMG_7234.JPG,True
769bfcb692f48a542c6843402b2674992224910bde27fd5e862f914dee3e3fd1,/Users/annibauer/Documents/__Coding.nosync/PhotoAssistant/analysis_output/discarded_review/IMG_7234_1.JPG,/Users/annibauer/Documents/__Photos.nosync/Photos iCloud Sort/IMG_7234.JPG,False
e3a1ffe67dd948d81116f3e7a9a58e4a66b74c1477a8abd414d4f8e046acfddd,/Users/annibauer/Documents/__Coding.nosync/PhotoAssistant/analysis_output/discarded_review/IMG_7235.JPG,/Users/annibauer/Documents/__Photos.nosync/Photos iCloud Sort/IMG_7235.JPG,True
e3a1ffe67dd948d81116f3e7a9a58e4a66b74c1477a8abd414d4f8e046acfddd,/Users/annibauer/Documents/__Coding.nosync/PhotoAssistant/analysis_output/discarded_review/IMG_7235_1.JPG,/Users/annibauer/Documents/__Photos.nosync/Photos iCloud Sort/IMG_7235.JPG,False
8a2cdc9e9caf7f8cccb3ed6b576245934e24eb1e68fa3734d8256ebfb805e1e3,/Users/annibauer/Documents/__Coding.nosync/PhotoAssistant/analysis_output/discarded_review/IMG_7236.JPG,/Users/annibauer/Documents/__Photos.nosync/Photos iCloud Sort/IMG_7236.JPG,True
8a2cdc9e9caf7f8cccb3ed6b576245934e24eb1e68fa3734d8256ebfb805e1e3,/Users/annibauer/Documents/__Coding.nosync/PhotoAssistant/analysis_output/discarded_review/IMG_7236_1.JPG,/Users/annibauer/Documents/__Photos.nosync/Photos iCloud Sort/IMG_7236.JPG,False
36907c854624b888b30fc86ae51689df7bf4649edfde0a2bd480b3a0f18abeff,/Users/annibauer/Documents/__Coding.nosync/PhotoAssistant/analysis_output/discarded_review/IMG_7237.JPG,/Users/annibauer/Documents/__Photos.nosync/Photos iCloud Sort/IMG_7237.JPG,True
36907c854624b888b30fc86ae51689df7bf4649edfde0a2bd480b3a0f18abeff,/Users/annibauer/Documents/__Coding.nosync/PhotoAssistant/analysis_output/discarded_review/IMG_7237_1.JPG,/Users/annibauer/Documents/__Photos.nosync/Photos iCloud Sort/IMG_7237.JPG,False
071119bf7ee3a867c69ac360c21a1fa38918caccaff9bf2bcefa09d6a1ad6341,/Users/annibauer/Documents/__Coding.nosync/PhotoAssistant/analysis_output/discarded_review/IMG_7238.JPG,/Users/annibauer/Documents/__Photos.nosync/Photos iCloud Sort/IMG_7238.JPG,True
071119bf7ee3a867c69ac360c21a1fa38918caccaff9bf2bcefa09d6a1ad6341,/Users/annibauer/Documents/__Coding.nosync/PhotoAssistant/analysis_output/discarded_review/IMG_7238_1.JPG,/Users/annibauer/Documents/__Photos.nosync/Photos iCloud Sort/IMG_7238.JPG,False
448516b016d09edf3e7219b1876318d32c0449015d605d0226c7e116f6ee6b7e,/Users/annibauer/Documents/__Coding.nosync/PhotoAssistant/analysis_output/discarded_review/IMG_7240.JPG,/Users/annibauer/Documents/__Photos.nosync/Photos iCloud Sort/IMG_7240.JPG,True
448516b016d09edf3e7219b1876318d32c0449015d605d0226c7e116f6ee6b7e,/Users/annibauer/Documents/__Coding.nosync/PhotoAssistant/analysis_output/discarded_review/IMG_7240_1.JPG,/Users/annibauer/Documents/__Photos.nosync/Photos iCloud Sort/IMG_7240.JPG,False
647dbcb94b67ec861152ee5d1530499924c356bcf9ca687c2d82ee3b8d1c74c7,/Users/annibauer/Documents/__Coding.nosync/PhotoAssistant/analysis_output/discarded_review/IMG_7242.JPG,/Users/annibauer/Documents/__Photos.nosync/Photos iCloud Sort/IMG_7242.JPG,True
647dbcb94b67ec861152ee5d1530499924c356bcf9ca687c2d82ee3b8d1c74c7,/Users/annibauer/Documents/__Coding.nosync/PhotoAssistant/analysis_output/discarded_review/IMG_7242_1.JPG,/Users/annibauer/Documents/__Photos.nosync/Photos iCloud Sort/IMG_7242.JPG,False
5bc6969d9f2b309ac716424827e71c3054b4ca140fe52d0c8edf46bd385400e3,/Users/annibauer/Documents/__Coding.nosync/PhotoAssistant/analysis_output/discarded_review/IMG_7243.JPG,/Users/annibauer/Documents/__Photos.nosync/Photos iCloud Sort/IMG_7243.JPG,True
5bc6969d9f2b309ac716424827e71c3054b4ca140fe52d0c8edf46bd385400e3,/Users/annibauer/Documents/__Coding.nosync/PhotoAssistant/analysis_output/discarded_review/IMG_7243_1.JPG,/Users/annibauer/Documents/__Photos.nosync/Photos iCloud Sort/IMG_7243.JPG,False
867be0f8222aceac362fc4948625935fc2d8f7127e18222456285428654b743f,/Users/annibauer/Documents/__Coding.nosync/PhotoAssistant/analysis_output/discarded_review/IMG_7244.JPG,/Users/annibauer/Documents/__Photos.nosync/Photos iCloud Sort/IMG_7244.JPG,True
867be0f8222aceac362fc4948625935fc2d8f7127e18222456285428654b743f,/Users/annibauer/Documents/__Coding.nosync/PhotoAssistant/analysis_output/discarded_review/IMG_7244_1.JPG,/Users/annibauer/Documents/__Photos.nosync/Photos iCloud Sort/IMG_7244.JPG,False
3402c582034b38f963bc00ba047e9f82dcf0fc3e7e9fb1a786b1510dc5275af5,/Users/annibauer/Documents/__Coding.nosync/PhotoAssistant/analysis_output/discarded_review/IMG_7245.JPG,/Users/annibauer/Documents/__Photos.nosync/Photos iCloud Sort/IMG_7245.JPG,True
3402c582034b38f963bc00ba047e9f82dcf0fc3e7e9fb1a786b1510dc5275af5,/Users/annibauer/Documents/__Coding.nosync/PhotoAssistant/analysis_output/discarded_review/IMG_7245_1.JPG,/Users/annibauer/Documents/__Photos.nosync/Photos iCloud Sort/IMG_7245.JPG,False
9e52d51fd56c17cef1456e9792097d115bff28032323323f79628ef7240da922,/Users/annibauer/Documents/__Coding.nosync/PhotoAssistant/analysis_output/discarded_review/IMG_7246.JPG,/Users/annibauer/Documents/__Photos.nosync/Photos iCloud Sort/IMG_7246.JPG,True
9e52d51fd56c17cef1456e9792097d115bff28032323323f79628ef7240da922,/Users/annibauer/Documents/__Coding.nosync/PhotoAssistant/analysis_output/discarded_review/IMG_7246_1.JPG,/Users/annibauer/Documents/__Photos.nosync/Photos iCloud Sort/IMG_7246.JPG,False
b1afc1ce2a542aa09204540c93a09c651a19198f21e6758b98a5a48be8ad9c9e,/Users/annibauer/Documents/__Coding.nosync/PhotoAssistant/analysis_output/discarded_review/IMG_7248.JPG,/Users/annibauer/Documents/__Photos.nosync/Photos iCloud Sort/IMG_7248.JPG,True
b1afc1ce2a542aa09204540c93a09c651a19198f21e6758b98a5a48be8ad9c9e,/Users/annibauer/Documents/__Coding.nosync/PhotoAssistant/analysis_output/discarded_review/IMG_7248_1.JPG,/Users/annibauer/Documents/__Photos.nosync/Photos iCloud Sort/IMG_7248.JPG,False
02c9a224d7a1d933298041b386cf511684382944d57ec1556fb2539872234ac4,/Users/annibauer/Documents/__Coding.nosync/PhotoAssistant/analysis_output/discarded_review/IMG_7249.JPG,/Users/annibauer/Documents/__Photos.nosync/Photos iCloud Sort/IMG_7249.JPG,True
02c9a224d7a1d933298041b386cf511684382944d57ec1556fb2539872234ac4,/Users/annibauer/Documents/__Coding.nosync/PhotoAssistant/analysis_output/discarded_review/IMG_7249_1.JPG,/Users/annibauer/Documents/__Photos.nosync/Photos iCloud Sort/IMG_7249.JPG,False
3074a37050d39009e1da11812066714511543c6a84bf4fa6a98ec6ca48615468,/Users/annibauer/Documents/__Coding.nosync/PhotoAssistant/analysis_output/discarded_review/IMG_7250.JPG,/Users/annibauer/Documents/__Photos.nosync/Photos iCloud Sort/IMG_7250.JPG,True
3074a37050d39009e1da11812066714511543c6a84bf4fa6a98ec6ca48615468,/Users/annibauer/Documents/__Coding.nosync/PhotoAssistant/analysis_output/discarded_review/IMG_7250_1.JPG,/Users/annibauer/Documents/__Photos.nosync/Photos iCloud Sort/IMG_7250.JPG,False
99a5b959531981e7a30ade41dae67e4badeb19236010c1bea0c085188ddbd1dd,/Users/annibauer/Documents/__Coding.nosync/PhotoAssistant/analysis_output/discarded_review/IMG_7252.JPG,/Users/annibauer/Documents/__Photos.nosync/Photos iCloud Sort/IMG_7252.JPG,True
99a5b959531981e7a30ade41dae67e4badeb19236010c1bea0c085188ddbd1dd,/Users/annibauer/Documents/__Coding.nosync/PhotoAssistant/analysis_output/discarded_review/IMG_7252_1.JPG,/Users/annibauer/Documents/__Photos.nosync/Photos iCloud Sort/IMG_7252.JPG,False
6191d98b852b8593aac6e9491c7d3f5fd61eabf08a91f93bc99b452a46a66574,/Users/annibauer/Documents/__Coding.nosync/PhotoAssistant/analysis_output/discarded_review/IMG_7253.JPG,/Users/annibauer/Documents/__Photos.nosync/Photos iCloud Sort/IMG_7253.JPG,True
6191d98b852b8593aac6e9491c7d3f5fd61eabf08a91f93bc99b452a46a66574,/Users/annibauer/Documents/__Coding.nosync/PhotoAssistant/analysis_output/discarded_review/IMG_7253_1.JPG,/Users/annibauer/Documents/__Photos.nosync/Photos iCloud Sort/IMG_7253.JPG,False
b543f5df180e77e077aeb1d351617653340633b19025912f5096ea77317cf761,/Users/annibauer/Documents/__Coding.nosync/PhotoAssistant/analysis_output/discarded_review/IMG_7254.JPG,/Users/annibauer/Documents/__Photos.nosync/Photos iCloud Sort/IMG_7254.JPG,True
b543f5df180e77e077aeb1d351617653340633b19025912f5096ea77317cf761,/Users/annibauer/Documents/__Coding.nosync/PhotoAssistant/analysis_output/discarded_review/IMG_7254_1.JPG,/Users/annibauer/Documents/__Photos.nosync/Photos iCloud Sort/IMG_7254.JPG,False
cf71e62f397b4f8ce790fa62d2ab616ef9254c5dd36ebf7b9f5f5ce427db5996,/Users/annibauer/Documents/__Coding.nosync/PhotoAssistant/analysis_output/discarded_review/IMG_7255.JPG,/Users/annibauer/Documents/__Photos.nosync/Photos iCloud Sort/IMG_7255.JPG,True
cf71e62f397b4f8ce790fa62d2ab616ef9254c5dd36ebf7b9f5f5ce427db5996,/Users/annibauer/Documents/__Coding.nosync/PhotoAssistant/analysis_output/discarded_review/IMG_7255_1.JPG,/Users/annibauer/Documents/__Photos.nosync/Photos iCloud Sort/IMG_7255.JPG,False
d522e13392bd136a1d789c8bff857de545f01d81a7004a5805cc8f973b379601,/Users/annibauer/Documents/__Coding.nosync/PhotoAssistant/analysis_output/discarded_review/IMG_7256.JPG,/Users/annibauer/Documents/__Photos.nosync/Photos iCloud Sort/IMG_7256.JPG,True
d522e13392bd136a1d789c8bff857de545f01d81a7004a5805cc8f973b379601,/Users/annibauer/Documents/__Coding.nosync/PhotoAssistant/analysis_output/discarded_review/IMG_7256_1.JPG,/Users/annibauer/Documents/__Photos.nosync/Photos iCloud Sort/IMG_7256.JPG,False
7d6e7dcdc65fd4788d2490fffe616efad091e70c4f5e0e529910d45f8896b298,/Users/annibauer/Documents/__Coding.nosync/PhotoAssistant/analysis_output/discarded_review/IMG_7257.JPG,/Users/annibauer/Documents/__Photos.nosync/Photos iCloud Sort/IMG_7257.JPG,True
7d6e7dcdc65fd4788d2490fffe616efad091e70c4f5e0e529910d45f8896b298,/Users/annibauer/Documents/__Coding.nosync/PhotoAssistant/analysis_output/discarded_review/IMG_7257_1.JPG,/Users/annibauer/Documents/__Photos.nosync/Photos iCloud Sort/IMG_7257.JPG,False
29b83131d467f1cc236ef0314c67071553a4498da849ebe4634184bde709b20f,/Users/annibauer/Documents/__Coding.nosync/PhotoAssistant/analysis_output/discarded_review/IMG_7258.JPG,/Users/annibauer/Documents/__Photos.nosync/Photos iCloud Sort/IMG_7258.JPG,True
29b83131d467f1cc236ef0314c67071553a4498da849ebe4634184bde709b20f,/Users/annibauer/Documents/__Coding.nosync/PhotoAssistant/analysis_output/discarded_review/IMG_7258_1.JPG,/Users/annibauer/Documents/__Photos.nosync/Photos iCloud Sort/IMG_7258.JPG,False
3cb55ead8ab3f593b91f122ea95141543a4e403e6bee9de4d71491616ce3dfa4,/Users/annibauer/Documents/__Coding.nosync/PhotoAssistant/analysis_output/discarded_review/IMG_7260.JPG,/Users/annibauer/Documents/__Photos.nosync/Photos iCloud Sort/IMG_7260.JPG,True
3cb55ead8ab3f593b91f122ea95141543a4e403e6bee9de4d71491616ce3dfa4,/Users/annibauer/Documents/__Coding.nosync/PhotoAssistant/analysis_output/discarded_review/IMG_7260_1.JPG,/Users/annibauer/Documents/__Photos.nosync/Photos iCloud Sort/IMG_7260.JPG,False
c01193c40c60b5814409c01530350d1b230015a2a71b53e7570a983d52cebf65,/Users/annibauer/Documents/__Coding.nosync/PhotoAssistant/analysis_output/discarded_review/IMG_7261.JPG,/Users/annibauer/Documents/__Photos.nosync/Photos iCloud Sort/IMG_7261.JPG,True
c01193c40c60b5814409c01530350d1b230015a2a71b53e7570a983d52cebf65,/Users/annibauer/Documents/__Coding.nosync/PhotoAssistant/analysis_output/discarded_review/IMG_7261_1.JPG,/Users/annibauer/Documents/__Photos.nosync/Photos iCloud Sort/IMG_7261.JPG,False
e43b50b6e13068542981ec3e6b60d98474407f26b87a03bdb774f26d45c96fe3,/Users/annibauer/Documents/__Coding.nosync/PhotoAssistant/analysis_output/discarded_review/IMG_7262.JPG,/Users/annibauer/Documents/__Photos.nosync/Photos iCloud Sort/IMG_7262.JPG,True
e43b50b6e13068542981ec3e6b60d98474407f26b87a03bdb774f26d45c96fe3,/Users/annibauer/Documents/__Coding.nosync/PhotoAssistant/analysis_output/discarded_review/IMG_7262_1.JPG,/Users/annibauer/Documents/__Photos.nosync/Photos iCloud Sort/IMG_7262.JPG,False
482b953e1f1efaa531efc2ad06bba2c401d02317846c6cc5a9ba0fc8e63cfdc5,/Users/annibauer/Documents/__Coding.nosync/PhotoAssistant/analysis_output/discarded_review/IMG_7263.JPG,/Users/annibauer/Documents/__Photos.nosync/Photos iCloud Sort/IMG_7263.JPG,True
482b953e1f1efaa531efc2ad06bba2c401d02317846c6cc5a9ba0fc8e63cfdc5,/Users/annibauer/Documents/__Coding.nosync/PhotoAssistant/analysis_output/discarded_review/IMG_7263_1.JPG,/Users/annibauer/Documents/__Photos.nosync/Photos iCloud Sort/IMG_7263.JPG,False
3fbadbf9144fcb19dc54e73be58d3ac253f1757b8473d7f27a4f97375d03c6e8,/Users/annibauer/Documents/__Coding.nosync/PhotoAssistant/analysis_output/discarded_review/IMG_7267.JPG,/Users/annibauer/Documents/__Photos.nosync/Photos iCloud Sort/IMG_7267.JPG,True
3fbadbf9144fcb19dc54e73be58d3ac253f1757b8473d7f27a4f97375d03c6e8,/Users/annibauer/Documents/__Coding.nosync/PhotoAssistant/analysis_output/discarded_review/IMG_7267_1.JPG,/Users/annibauer/Documents/__Photos.nosync/Photos iCloud Sort/IMG_7267.JPG,False
95b32b204092a540a01d6166cd5763536ac99b193a75915a3425968524a82722,/Users/annibauer/Documents/__Coding.nosync/PhotoAssistant/analysis_output/discarded_review/IMG_7270.JPG,/Users/annibauer/Documents/__Photos.nosync/Photos iCloud Sort/IMG_7270.JPG,True
95b32b204092a540a01d6166cd5763536ac99b193a75915a3425968524a82722,/Users/annibauer/Documents/__Coding.nosync/PhotoAssistant/analysis_output/discarded_review/IMG_7270_1.JPG,/Users/annibauer/Documents/__Photos.nosync/Photos iCloud Sort/IMG_7270.JPG,False
66a1ce5a02064018de1536a584d779ddb65abaf7170a5ae8d43ef3996f00d60b,/Users/annibauer/Documents/__Coding.nosync/PhotoAssistant/analysis_output/discarded_review/IMG_7272.JPG,/Users/annibauer/Documents/__Photos.nosync/Photos iCloud Sort/IMG_7272.JPG,True
66a1ce5a02064018de1536a584d779ddb65abaf7170a5ae8d43ef3996f00d60b,/Users/annibauer/Documents/__Coding.nosync/PhotoAssistant/analysis_output/discarded_review/IMG_7272_1.JPG,/Users/annibauer/Documents/__Photos.nosync/Photos iCloud Sort/IMG_7272.JPG,False
85fa0021770c8a852623726de0d4781ae2fc45fffc18c23e354dfd19baad6484,/Users/annibauer/Documents/__Coding.nosync/PhotoAssistant/analysis_output/discarded_review/IMG_7273.JPG,/Users/annibauer/Documents/__Photos.nosync/Photos iCloud Sort/IMG_7273.JPG,True
85fa0021770c8a852623726de0d4781ae2fc45fffc18c23e354dfd19baad6484,/Users/annibauer/Documents/__Coding.nosync/PhotoAssistant/analysis_output/discarded_review/IMG_7273_1.JPG,/Users/annibauer/Documents/__Photos.nosync/Photos iCloud Sort/IMG_7273.JPG,False
c7d400d88b2f672bdd652040c15ce9bbcf0f7f0a681415011fc0f5d44052168a,/Users/annibauer/Documents/__Coding.nosync/PhotoAssistant/analysis_output/discarded_review/IMG_7277.JPG,/Users/annibauer/Documents/__Photos.nosync/Photos iCloud Sort/IMG_7277.JPG,True
c7d400d88b2f672bdd652040c15ce9bbcf0f7f0a681415011fc0f5d44052168a,/Users/annibauer/Documents/__Coding.nosync/PhotoAssistant/analysis_output/discarded_review/IMG_7277_1.JPG,/Users/annibauer/Documents/__Photos.nosync/Photos iCloud Sort/IMG_7277.JPG,False
920a6518637cd8bfaca083095cb21ffacdfdad5cc155401129bab6f4be82db71,/Users/annibauer/Documents/__Coding.nosync/PhotoAssistant/analysis_output/discarded_review/IMG_7279.JPG,/Users/annibauer/Documents/__Photos.nosync/Photos iCloud Sort/IMG_7279.JPG,True
920a6518637cd8bfaca083095cb21ffacdfdad5cc155401129bab6f4be82db71,/Users/annibauer/Documents/__Coding.nosync/PhotoAssistant/analysis_output/discarded_review/IMG_7279_1.JPG,/Users/annibauer/Documents/__Photos.nosync/Photos iCloud Sort/IMG_7279.JPG,False
3b9daa2b0756ecfe3a9951b907b7c1b8242cdc52e21ddd6e97a669e4c69cbec1,/Users/annibauer/Documents/__Coding.nosync/PhotoAssistant/analysis_output/discarded_review/IMG_7282.JPG,/Users/annibauer/Documents/__Photos.nosync/Photos iCloud Sort/IMG_7282.JPG,True
3b9daa2b0756ecfe3a9951b907b7c1b8242cdc52e21ddd6e97a669e4c69cbec1,/Users/annibauer/Documents/__Coding.nosync/PhotoAssistant/analysis_output/discarded_review/IMG_7282_1.JPG,/Users/annibauer/Documents/__Photos.nosync/Photos iCloud Sort/IMG_7282.JPG,False
e0876d4b324a847ac3bf785f2d8fc423c50c7c1e5e64a3ff2da908da362e3cb6,/Users/annibauer/Documents/__Coding.nosync/PhotoAssistant/analysis_output/discarded_review/IMG_7283.JPG,/Users/annibauer/Documents/__Photos.nosync/Photos iCloud Sort/IMG_7283.JPG,True
e0876d4b324a847ac3bf785f2d8fc423c50c7c1e5e64a3ff2da908da362e3cb6,/Users/annibauer/Documents/__Coding.nosync/PhotoAssistant/analysis_output/discarded_review/IMG_7283_1.JPG,/Users/annibauer/Documents/__Photos.nosync/Photos iCloud Sort/IMG_7283.JPG,False
25f1554e8376644fff0c92918caf81161ee79340809381b8a8753f56490d91cb,/Users/annibauer/Documents/__Coding.nosync/PhotoAssistant/analysis_output/discarded_review/IMG_7284.JPG,/Users/annibauer/Documents/__Photos.nosync/Photos iCloud Sort/IMG_7284.JPG,True
25f1554e8376644fff0c92918caf81161ee79340809381b8a8753f56490d91cb,/Users/annibauer/Documents/__Coding.nosync/PhotoAssistant/analysis_output/discarded_review/IMG_7284_1.JPG,/Users/annibauer/Documents/__Photos.nosync/Photos iCloud Sort/IMG_7284.JPG,False
808150a2d82cc1baeafd7b066bb5d22e57e72484e530dd4fda1d948800e16d14,/Users/annibauer/Documents/__Coding.nosync/PhotoAssistant/analysis_output/discarded_review/IMG_7286.JPG,/Users/annibauer/Documents/__Photos.nosync/Photos iCloud Sort/IMG_7286.JPG,True
808150a2d82cc1baeafd7b066bb5d22e57e72484e530dd4fda1d948800e16d14,/Users/annibauer/Documents/__Coding.nosync/PhotoAssistant/analysis_output/discarded_review/IMG_7286_1.JPG,/Users/annibauer/Documents/__Photos.nosync/Photos iCloud Sort/IMG_7286.JPG,False
3a5aa53e47322af713c06db449b64364b49081583cc60cad608be5f4be42a455,/Users/annibauer/Documents/__Coding.nosync/PhotoAssistant/analysis_output/discarded_review/IMG_7287.JPG,/Users/annibauer/Documents/__Photos.nosync/Photos iCloud Sort/IMG_7287.JPG,True
3a5aa53e47322af713c06db449b64364b49081583cc60cad608be5f4be42a455,/Users/annibauer/Documents/__Coding.nosync/PhotoAssistant/analysis_output/discarded_review/IMG_7287_1.JPG,/Users/annibauer/Documents/__Photos.nosync/Photos iCloud Sort/IMG_7287.JPG,False
c55e387279674343259ca8d3e3c41ebaa37794e8848ebce8a65109a1f9fdde9d,/Users/annibauer/Documents/__Coding.nosync/PhotoAssistant/analysis_output/discarded_review/IMG_7289.JPEG,/Users/annibauer/Documents/__Photos.nosync/Photos iCloud Sort/IMG_7289.JPEG,True
c55e387279674343259ca8d3e3c41ebaa37794e8848ebce8a65109a1f9fdde9d,/Users/annibauer/Documents/__Coding.nosync/PhotoAssistant/analysis_output/discarded_review/IMG_7289_1.JPEG,/Users/annibauer/Documents/__Photos.nosync/Photos iCloud Sort/IMG_7289.JPEG,False
42f450bb91eefcd646c6c0a32273b794cef237a85a29c534f9564491e7bd1ab0,/Users/annibauer/Documents/__Coding.nosync/PhotoAssistant/analysis_output/discarded_review/IMG_7291.JPG,/Users/annibauer/Documents/__Photos.nosync/Photos iCloud Sort/IMG_7291.JPG,True
42f450bb91eefcd646c6c0a32273b794cef237a85a29c534f9564491e7bd1ab0,/Users/annibauer/Documents/__Coding.nosync/PhotoAssistant/analysis_output/discarded_review/IMG_7291_1.JPG,/Users/annibauer/Documents/__Photos.nosync/Photos iCloud Sort/IMG_7291.JPG,False
b841357a6f731ee8ad06b73361c3a4c80cdab292b4a3dda01ec1f2f5188f7359,/Users/annibauer/Documents/__Coding.nosync/PhotoAssistant/analysis_output/discarded_review/IMG_7294.JPG,/Users/annibauer/Documents/__Photos.nosync/Photos iCloud Sort/IMG_7294.JPG,True
b841357a6f731ee8ad06b73361c3a4c80cdab292b4a3dda01ec1f2f5188f7359,/Users/annibauer/Documents/__Coding.nosync/PhotoAssistant/analysis_output/discarded_review/IMG_7294_1.JPG,/Users/annibauer/Documents/__Photos.nosync/Photos iCloud Sort/IMG_7294.JPG,False
d22c772e31f317d8ca9843f8b47b3925740616b085d2af1aa1ce78ac09ee8c64,/Users/annibauer/Documents/__Coding.nosync/PhotoAssistant/analysis_output/discarded_review/IMG_7295.JPG,/Users/annibauer/Documents/__Photos.nosync/Photos iCloud Sort/IMG_7295.JPG,True
d22c772e31f317d8ca9843f8b47b3925740616b085d2af1aa1ce78ac09ee8c64,/Users/annibauer/Documents/__Coding.nosync/PhotoAssistant/analysis_output/discarded_review/IMG_7295_1.JPG,/Users/annibauer/Documents/__Photos.nosync/Photos iCloud Sort/IMG_7295.JPG,False
9fa3f74d215c81ef144a1afc3e3665e52c1141968f8959bd6ab4a78ff9d9505f,/Users/annibauer/Documents/__Coding.nosync/PhotoAssistant/analysis_output/discarded_review/IMG_7296.JPG,/Users/annibauer/Documents/__Photos.nosync/Photos iCloud Sort/IMG_7296.JPG,True
9fa3f74d215c81ef144a1afc3e3665e52c1141968f8959bd6ab4a78ff9d9505f,/Users/annibauer/Documents/__Coding.nosync/PhotoAssistant/analysis_output/discarded_review/IMG_7296_1.JPG,/Users/annibauer/Documents/__Photos.nosync/Photos iCloud Sort/IMG_7296.JPG,False
250c1342cd31118d054bb421fcfd717635ccd06c9857c429b87d7b53a04a90fc,/Users/annibauer/Documents/__Coding.nosync/PhotoAssistant/analysis_output/discarded_review/IMG_7300.JPG,/Users/annibauer/Documents/__Photos.nosync/Photos iCloud Sort/IMG_7300.JPG,True
250c1342cd31118d054bb421fcfd717635ccd06c9857c429b87d7b53a04a90fc,/Users/annibauer/Documents/__Coding.nosync/PhotoAssistant/analysis_output/discarded_review/IMG_7300_1.JPG,/Users/annibauer/Documents/__Photos.nosync/Photos iCloud Sort/IMG_7300.JPG,False
f48479496ac934842214f0b9309f0326d88d589b3208a37250eee7664cf54722,/Users/annibauer/Documents/__Coding.nosync/PhotoAssistant/analysis_output/discarded_review/IMG_7301-1.JPG,/Users/annibauer/Documents/__Photos.nosync/Photos iCloud Sort/IMG_7301-1.JPG,True
f48479496ac934842214f0b9309f0326d88d589b3208a37250eee7664cf54722,/Users/annibauer/Documents/__Coding.nosync/PhotoAssistant/analysis_output/discarded_review/IMG_7301-1_1.JPG,/Users/annibauer/Documents/__Photos.nosync/Photos iCloud Sort/IMG_7301-1.JPG,False
f48479496ac934842214f0b9309f0326d88d589b3208a37250eee7664cf54722,/Users/annibauer/Documents/__Coding.nosync/PhotoAssistant/analysis_output/discarded_review/IMG_7301.JPG,/Users/annibauer/Documents/__Photos.nosync/Photos iCloud Sort/IMG_7301-1.JPG,False
f48479496ac934842214f0b9309f0326d88d589b3208a37250eee7664cf54722,/Users/annibauer/Documents/__Coding.nosync/PhotoAssistant/analysis_output/discarded_review/IMG_7301_1.JPG,/Users/annibauer/Documents/__Photos.nosync/Photos iCloud Sort/IMG_7301-1.JPG,False
f48479496ac934842214f0b9309f0326d88d589b3208a37250eee7664cf54722,/Users/annibauer/Documents/__Coding.nosync/PhotoAssistant/analysis_output/discarded_review/IMG_7301_2.JPG,/Users/annibauer/Documents/__Photos.nosync/Photos iCloud Sort/IMG_7301-1.JPG,False
4b26e89ee33a4a396c760e0a1f7adf04f35212ae3919d9a79450da2d07e953f4,/Users/annibauer/Documents/__Coding.nosync/PhotoAssistant/analysis_output/discarded_review/IMG_7302-1.JPG,/Users/annibauer/Documents/__Photos.nosync/Photos iCloud Sort/IMG_7302-1.JPG,True
4b26e89ee33a4a396c760e0a1f7adf04f35212ae3919d9a79450da2d07e953f4,/Users/annibauer/Documents/__Coding.nosync/PhotoAssistant/analysis_output/discarded_review/IMG_7302-1_1.JPG,/Users/annibauer/Documents/__Photos.nosync/Photos iCloud Sort/IMG_7302-1.JPG,False
4b26e89ee33a4a396c760e0a1f7adf04f35212ae3919d9a79450da2d07e953f4,/Users/annibauer/Documents/__Coding.nosync/PhotoAssistant/analysis_output/discarded_review/IMG_7302.JPG,/Users/annibauer/Documents/__Photos.nosync/Photos iCloud Sort/IMG_7302-1.JPG,False
4b26e89ee33a4a396c760e0a1f7adf04f35212ae3919d9a79450da2d07e953f4,/Users/annibauer/Documents/__Coding.nosync/PhotoAssistant/analysis_output/discarded_review/IMG_7302_1.JPG,/Users/annibauer/Documents/__Photos.nosync/Photos iCloud Sort/IMG_7302-1.JPG,False
4b26e89ee33a4a396c760e0a1f7adf04f35212ae3919d9a79450da2d07e953f4,/Users/annibauer/Documents/__Coding.nosync/PhotoAssistant/analysis_output/discarded_review/IMG_7302_2.JPG,/Users/annibauer/Documents/__Photos.nosync/Photos iCloud Sort/IMG_7302-1.JPG,False
90604723605f6fa95c132685aed8731e31390e0a98ff499246380c4c3b7685dd,/Users/annibauer/Documents/__Coding.nosync/PhotoAssistant/analysis_output/discarded_review/IMG_7303.JPG,/Users/annibauer/Documents/__Photos.nosync/Photos iCloud Sort/IMG_7303.JPG,True
90604723605f6fa95c132685aed8731e31390e0a98ff499246380c4c3b7685dd,/Users/annibauer/Documents/__Coding.nosync/PhotoAssistant/analysis_output/discarded_review/IMG_7303_1.JPG,/Users/annibauer/Documents/__Photos.nosync/Photos iCloud Sort/IMG_7303.JPG,False
b2a44e0672396574da2bbbc7ea4bf9541b03d4a648897bfe392d4473265e6dc6,/Users/annibauer/Documents/__Coding.nosync/PhotoAssistant/analysis_output/discarded_review/IMG_7304.JPG,/Users/annibauer/Documents/__Photos.nosync/Photos iCloud Sort/IMG_7304.JPG,True
b2a44e0672396574da2bbbc7ea4bf9541b03d4a648897bfe392d4473265e6dc6,/Users/annibauer/Documents/__Coding.nosync/PhotoAssistant/analysis_output/discarded_review/IMG_7304_1.JPG,/Users/annibauer/Documents/__Photos.nosync/Photos iCloud Sort/IMG_7304.JPG,False
c2609cb8d8977faa65b73b336f441713a310b9e84f0903750a534e5636ee1b52,/Users/annibauer/Documents/__Coding.nosync/PhotoAssistant/analysis_output/discarded_review/IMG_7305.JPG,/Users/annibauer/Documents/__Photos.nosync/Photos iCloud Sort/IMG_7305.JPG,True
c2609cb8d8977faa65b73b336f441713a310b9e84f0903750a534e5636ee1b52,/Users/annibauer/Documents/__Coding.nosync/PhotoAssistant/analysis_output/discarded_review/IMG_7305_1.JPG,/Users/annibauer/Documents/__Photos.nosync/Photos iCloud Sort/IMG_7305.JPG,False
8335aebef4e26491ec1953de214567beb36560ddd72040bb7d119247d7481b18,/Users/annibauer/Documents/__Coding.nosync/PhotoAssistant/analysis_output/discarded_review/IMG_7308.JPG,/Users/annibauer/Documents/__Photos.nosync/Photos iCloud Sort/IMG_7308.JPG,True
8335aebef4e26491ec1953de214567beb36560ddd72040bb7d119247d7481b18,/Users/annibauer/Documents/__Coding.nosync/PhotoAssistant/analysis_output/discarded_review/IMG_7308_1.JPG,/Users/annibauer/Documents/__Photos.nosync/Photos iCloud Sort/IMG_7308.JPG,False
8e0aaff138e88845d2e752b9bc05d6ad6215c32c88d76c86f2d5e38d3af9ba8e,/Users/annibauer/Documents/__Coding.nosync/PhotoAssistant/analysis_output/discarded_review/IMG_7309.JPG,/Users/annibauer/Documents/__Photos.nosync/Photos iCloud Sort/IMG_7309.JPG,True
8e0aaff138e88845d2e752b9bc05d6ad6215c32c88d76c86f2d5e38d3af9ba8e,/Users/annibauer/Documents/__Coding.nosync/PhotoAssistant/analysis_output/discarded_review/IMG_7309_1.JPG,/Users/annibauer/Documents/__Photos.nosync/Photos iCloud Sort/IMG_7309.JPG,False
96a6b45464d78dc101d99456f20b74b0b85ab7a55ae03b9f7a39e651a2ae2084,/Users/annibauer/Documents/__Coding.nosync/PhotoAssistant/analysis_output/discarded_review/IMG_7315.JPG,/Users/annibauer/Documents/__Photos.nosync/Photos iCloud Sort/IMG_7315.JPG,True
96a6b45464d78dc101d99456f20b74b0b85ab7a55ae03b9f7a39e651a2ae2084,/Users/annibauer/Documents/__Coding.nosync/PhotoAssistant/analysis_output/discarded_review/IMG_7315_1.JPG,/Users/annibauer/Documents/__Photos.nosync/Photos iCloud Sort/IMG_7315.JPG,False
884e41858e6e0f3bac515c038af15c8010ae2dcbb78ac9eb07eec14c3c564ca3,/Users/annibauer/Documents/__Coding.nosync/PhotoAssistant/analysis_output/discarded_review/IMG_7319.JPG,/Users/annibauer/Documents/__Photos.nosync/Photos iCloud Sort/IMG_7319.JPG,True
884e41858e6e0f3bac515c038af15c8010ae2dcbb78ac9eb07eec14c3c564ca3,/Users/annibauer/Documents/__Coding.nosync/PhotoAssistant/analysis_output/discarded_review/IMG_7319_1.JPG,/Users/annibauer/Documents/__Photos.nosync/Photos iCloud Sort/IMG_7319.JPG,False
ad11734534a2c5553ba1842eed1673765840c1ccef0fcf6089b4075192eb744c,/Users/annibauer/Documents/__Coding.nosync/PhotoAssistant/analysis_output/discarded_review/IMG_7320.JPG,/Users/annibauer/Documents/__Photos.nosync/Photos iCloud Sort/IMG_7320.JPG,True
ad11734534a2c5553ba1842eed1673765840c1ccef0fcf6089b4075192eb744c,/Users/annibauer/Documents/__Coding.nosync/PhotoAssistant/analysis_output/discarded_review/IMG_7320_1.JPG,/Users/annibauer/Documents/__Photos.nosync/Photos iCloud Sort/IMG_7320.JPG,False
dcbcdf288192e6e13433f0f6e3e676497e6cbe95980ca58ad8ec8d1d0df4fd25,/Users/annibauer/Documents/__Coding.nosync/PhotoAssistant/analysis_output/discarded_review/IMG_7321.JPG,/Users/annibauer/Documents/__Photos.nosync/Photos iCloud Sort/IMG_7321.JPG,True
dcbcdf288192e6e13433f0f6e3e676497e6cbe95980ca58ad8ec8d1d0df4fd25,/Users/annibauer/Documents/__Coding.nosync/PhotoAssistant/analysis_output/discarded_review/IMG_7321_1.JPG,/Users/annibauer/Documents/__Photos.nosync/Photos iCloud Sort/IMG_7321.JPG,False
0ce9bae1f9f73cc642da7e6ac3e3339735c85f682fd271b2aee5c709b49a76a8,/Users/annibauer/Documents/__Coding.nosync/PhotoAssistant/analysis_output/discarded_review/IMG_7326.JPG,/Users/annibauer/Documents/__Photos.nosync/Photos iCloud Sort/IMG_7326.JPG,True
0ce9bae1f9f73cc642da7e6ac3e3339735c85f682fd271b2aee5c709b49a76a8,/Users/annibauer/Documents/__Coding.nosync/PhotoAssistant/analysis_output/discarded_review/IMG_7326_1.JPG,/Users/annibauer/Documents/__Photos.nosync/Photos iCloud Sort/IMG_7326.JPG,False
762a0ff0689fe9d83d1e08c2daa2c0214fcc05b6e4c286e81a4edeec7912832c,/Users/annibauer/Documents/__Coding.nosync/PhotoAssistant/analysis_output/discarded_review/IMG_7327.JPG,/Users/annibauer/Documents/__Photos.nosync/Photos iCloud Sort/IMG_7327.JPG,True
762a0ff0689fe9d83d1e08c2daa2c0214fcc05b6e4c286e81a4edeec7912832c,/Users/annibauer/Documents/__Coding.nosync/PhotoAssistant/analysis_output/discarded_review/IMG_7327_1.JPG,/Users/annibauer/Documents/__Photos.nosync/Photos iCloud Sort/IMG_7327.JPG,False
a99af12a3e34fb524bdbbef183085a7a48619241278898f3b366cab6d5cbc540,/Users/annibauer/Documents/__Coding.nosync/PhotoAssistant/analysis_output/discarded_review/IMG_7328.JPG,/Users/annibauer/Documents/__Photos.nosync/Photos iCloud Sort/IMG_7328.JPG,True
a99af12a3e34fb524bdbbef183085a7a48619241278898f3b366cab6d5cbc540,/Users/annibauer/Documents/__Coding.nosync/PhotoAssistant/analysis_output/discarded_review/IMG_7328_1.JPG,/Users/annibauer/Documents/__Photos.nosync/Photos iCloud Sort/IMG_7328.JPG,False
6cb731732b7a9081141eb10eed67be8ee6c4e810bfbdd9a25f39ee7acc35a589,/Users/annibauer/Documents/__Coding.nosync/PhotoAssistant/analysis_output/discarded_review/IMG_7329.JPG,/Users/annibauer/Documents/__Photos.nosync/Photos iCloud Sort/IMG_7329.JPG,True
6cb731732b7a9081141eb10eed67be8ee6c4e810bfbdd9a25f39ee7acc35a589,/Users/annibauer/Documents/__Coding.nosync/PhotoAssistant/analysis_output/discarded_review/IMG_7329_1.JPG,/Users/annibauer/Documents/__Photos.nosync/Photos iCloud Sort/IMG_7329.JPG,False
506ab2c1b580ad0e8b71381b208781c615a2e98acefbb60accb0d61971ce0256,/Users/annibauer/Documents/__Coding.nosync/PhotoAssistant/analysis_output/discarded_review/IMG_7333.JPG,/Users/annibauer/Documents/__Photos.nosync/Photos iCloud Sort/IMG_7333.JPG,True
506ab2c1b580ad0e8b71381b208781c615a2e98acefbb60accb0d61971ce0256,/Users/annibauer/Documents/__Coding.nosync/PhotoAssistant/analysis_output/discarded_review/IMG_7333_1.JPG,/Users/annibauer/Documents/__Photos.nosync/Photos iCloud Sort/IMG_7333.JPG,False
4f20c7d3d8a4fc204d846c7580fb2dbb4bee45d4ed39f4e4d477f31cc8a7d5af,/Users/annibauer/Documents/__Coding.nosync/PhotoAssistant/analysis_output/discarded_review/IMG_7334.JPG,/Users/annibauer/Documents/__Photos.nosync/Photos iCloud Sort/IMG_7334.JPG,True
4f20c7d3d8a4fc204d846c7580fb2dbb4bee45d4ed39f4e4d477f31cc8a7d5af,/Users/annibauer/Documents/__Coding.nosync/PhotoAssistant/analysis_output/discarded_review/IMG_7334_1.JPG,/Users/annibauer/Documents/__Photos.nosync/Photos iCloud Sort/IMG_7334.JPG,False
a88b185fdeeff294515f6ccbc14f5a4db415f919af1f603a823804809c7f4749,/Users/annibauer/Documents/__Coding.nosync/PhotoAssistant/analysis_output/discarded_review/IMG_7336.JPG,/Users/annibauer/Documents/__Photos.nosync/Photos iCloud Sort/IMG_7336.JPG,True
a88b185fdeeff294515f6ccbc14f5a4db415f919af1f603a823804809c7f4749,/Users/annibauer/Documents/__Coding.nosync/PhotoAssistant/analysis_output/discarded_review/IMG_7336_1.JPG,/Users/annibauer/Documents/__Photos.nosync/Photos iCloud Sort/IMG_7336.JPG,False
3e96a70638969bfb16e0f449eb8fd7f5b49ab572fdcf6c67a315e1cf39a65d8b,/Users/annibauer/Documents/__Coding.nosync/PhotoAssistant/analysis_output/discarded_review/IMG_7337.JPG,/Users/annibauer/Documents/__Photos.nosync/Photos iCloud Sort/IMG_7337.JPG,True
3e96a70638969bfb16e0f449eb8fd7f5b49ab572fdcf6c67a315e1cf39a65d8b,/Users/annibauer/Documents/__Coding.nosync/PhotoAssistant/analysis_output/discarded_review/IMG_7337_1.JPG,/Users/annibauer/Documents/__Photos.nosync/Photos iCloud Sort/IMG_7337.JPG,False
91c58cab49a9ee5da884f40268493d4c78d085534188c66bed06426a628582a0,/Users/annibauer/Documents/__Coding.nosync/PhotoAssistant/analysis_output/discarded_review/IMG_7339.JPG,/Users/annibauer/Documents/__Photos.nosync/Photos iCloud Sort/IMG_7339.JPG,True
91c58cab49a9ee5da884f40268493d4c78d085534188c66bed06426a628582a0,/Users/annibauer/Documents/__Coding.nosync/PhotoAssistant/analysis_output/discarded_review/IMG_7339_1.JPG,/Users/annibauer/Documents/__Photos.nosync/Photos iCloud Sort/IMG_7339.JPG,False
e18806eb9496608a0244ec84fd176486517d33a41ac5d78b2237b2a242288716,/Users/annibauer/Documents/__Coding.nosync/PhotoAssistant/analysis_output/discarded_review/IMG_7340.JPG,/Users/annibauer/Documents/__Photos.nosync/Photos iCloud Sort/IMG_7340.JPG,True
e18806eb9496608a0244ec84fd176486517d33a41ac5d78b2237b2a242288716,/Users/annibauer/Documents/__Coding.nosync/PhotoAssistant/analysis_output/discarded_review/IMG_7340_1.JPG,/Users/annibauer/Documents/__Photos.nosync/Photos iCloud Sort/IMG_7340.JPG,False
bb4c93b7f10bfce531219a261497b17de7175b5ffcb04fd62cf2111573e19331,/Users/annibauer/Documents/__Coding.nosync/PhotoAssistant/analysis_output/discarded_review/IMG_7342.JPG,/Users/annibauer/Documents/__Photos.nosync/Photos iCloud Sort/IMG_7342.JPG,True
bb4c93b7f10bfce531219a261497b17de7175b5ffcb04fd62cf2111573e19331,/Users/annibauer/Documents/__Coding.nosync/PhotoAssistant/analysis_output/discarded_review/IMG_7342_1.JPG,/Users/annibauer/Documents/__Photos.nosync/Photos iCloud Sort/IMG_7342.JPG,False
3a23a37a30a799432207b4f65d752b6840f256846c454f4ed9fc3e63aebb5ef7,/Users/annibauer/Documents/__Coding.nosync/PhotoAssistant/analysis_output/discarded_review/IMG_7343.JPG,/Users/annibauer/Documents/__Photos.nosync/Photos iCloud Sort/IMG_7343.JPG,True
3a23a37a30a799432207b4f65d752b6840f256846c454f4ed9fc3e63aebb5ef7,/Users/annibauer/Documents/__Coding.nosync/PhotoAssistant/analysis_output/discarded_review/IMG_7343_1.JPG,/Users/annibauer/Documents/__Photos.nosync/Photos iCloud Sort/IMG_7343.JPG,False
9a25a7fb4b3ae68a9c96f1e502ce079e1be8a30af34b66be0eb8f1302d752bb8,/Users/annibauer/Documents/__Coding.nosync/PhotoAssistant/analysis_output/discarded_review/IMG_7345.JPG,/Users/annibauer/Documents/__Photos.nosync/Photos iCloud Sort/IMG_7345.JPG,True
9a25a7fb4b3ae68a9c96f1e502ce079e1be8a30af34b66be0eb8f1302d752bb8,/Users/annibauer/Documents/__Coding.nosync/PhotoAssistant/analysis_output/discarded_review/IMG_7345_1.JPG,/Users/annibauer/Documents/__Photos.nosync/Photos iCloud Sort/IMG_7345.JPG,False
1f69b9782215078c517a73ebd3a23210d5ab4d38cb177f20f23f1053181c3f9e,/Users/annibauer/Documents/__Coding.nosync/PhotoAssistant/analysis_output/discarded_review/IMG_7346.JPG,/Users/annibauer/Documents/__Photos.nosync/Photos iCloud Sort/IMG_7346.JPG,True
1f69b9782215078c517a73ebd3a23210d5ab4d38cb177f20f23f1053181c3f9e,/Users/annibauer/Documents/__Coding.nosync/PhotoAssistant/analysis_output/discarded_review/IMG_7346_1.JPG,/Users/annibauer/Documents/__Photos.nosync/Photos iCloud Sort/IMG_7346.JPG,False
24a029362f4e108d619f473286ad69de1be5beb0819c50f9da4c6c91bf740767,/Users/annibauer/Documents/__Coding.nosync/PhotoAssistant/analysis_output/discarded_review/IMG_7347.JPG,/Users/annibauer/Documents/__Photos.nosync/Photos iCloud Sort/IMG_7347.JPG,True
24a029362f4e108d619f473286ad69de1be5beb0819c50f9da4c6c91bf740767,/Users/annibauer/Documents/__Coding.nosync/PhotoAssistant/analysis_output/discarded_review/IMG_7347_1.JPG,/Users/annibauer/Documents/__Photos.nosync/Photos iCloud Sort/IMG_7347.JPG,False
0483c627224184f7d88797221fad926161b6289414e371dc3994369ff7b57bb6,/Users/annibauer/Documents/__Coding.nosync/PhotoAssistant/analysis_output/discarded_review/IMG_7348.JPG,/Users/annibauer/Documents/__Photos.nosync/Photos iCloud Sort/IMG_7348.JPG,True
0483c627224184f7d88797221fad926161b6289414e371dc3994369ff7b57bb6,/Users/annibauer/Documents/__Coding.nosync/PhotoAssistant/analysis_output/discarded_review/IMG_7348_1.JPG,/Users/annibauer/Documents/__Photos.nosync/Photos iCloud Sort/IMG_7348.JPG,False
db10e005e8eaed0a58780d50558c870480d897e772651e06fea2e9119084245a,/Users/annibauer/Documents/__Coding.nosync/PhotoAssistant/analysis_output/discarded_review/IMG_7349.JPG,/Users/annibauer/Documents/__Photos.nosync/Photos iCloud Sort/IMG_7349.JPG,True
db10e005e8eaed0a58780d50558c870480d897e772651e06fea2e9119084245a,/Users/annibauer/Documents/__Coding.nosync/PhotoAssistant/analysis_output/discarded_review/IMG_7349_1.JPG,/Users/annibauer/Documents/__Photos.nosync/Photos iCloud Sort/IMG_7349.JPG,False
2d055813fc430255f819639759289c82ab5db009ed4e50b0679d6886a0031107,/Users/annibauer/Documents/__Coding.nosync/PhotoAssistant/analysis_output/discarded_review/IMG_7350.JPG,/Users/annibauer/Documents/__Photos.nosync/Photos iCloud Sort/IMG_7350.JPG,True
2d055813fc430255f819639759289c82ab5db009ed4e50b0679d6886a0031107,/Users/annibauer/Documents/__Coding.nosync/PhotoAssistant/analysis_output/discarded_review/IMG_7350_1.JPG,/Users/annibauer/Documents/__Photos.nosync/Photos iCloud Sort/IMG_7350.JPG,False
c7443f9d909719997160c91f76c29dc03bc9a9a7af0049715c1271d385f38b00,/Users/annibauer/Documents/__Coding.nosync/PhotoAssistant/analysis_output/discarded_review/IMG_7353.JPG,/Users/annibauer/Documents/__Photos.nosync/Photos iCloud Sort/IMG_7353.JPG,True
c7443f9d909719997160c91f76c29dc03bc9a9a7af0049715c1271d385f38b00,/Users/annibauer/Documents/__Coding.nosync/PhotoAssistant/analysis_output/discarded_review/IMG_7353_1.JPG,/Users/annibauer/Documents/__Photos.nosync/Photos iCloud Sort/IMG_7353.JPG,False
7aaf8e2d0a7af7505cd4b5b891ee760abe67783207f879c499a04d983c1e2b5e,/Users/annibauer/Documents/__Coding.nosync/PhotoAssistant/analysis_output/discarded_review/IMG_7354.JPG,/Users/annibauer/Documents/__Photos.nosync/Photos iCloud Sort/IMG_7354.JPG,True
7aaf8e2d0a7af7505cd4b5b891ee760abe67783207f879c499a04d983c1e2b5e,/Users/annibauer/Documents/__Coding.nosync/PhotoAssistant/analysis_output/discarded_review/IMG_7354_1.JPG,/Users/annibauer/Documents/__Photos.nosync/Photos iCloud Sort/IMG_7354.JPG,False
f7a01a7f50921dccabac86a76157a6a9852a1b2279fa1e3b687a21135372c36a,/Users/annibauer/Documents/__Coding.nosync/PhotoAssistant/analysis_output/discarded_review/IMG_7357.JPG,/Users/annibauer/Documents/__Photos.nosync/Photos iCloud Sort/IMG_7357.JPG,True
f7a01a7f50921dccabac86a76157a6a9852a1b2279fa1e3b687a21135372c36a,/Users/annibauer/Documents/__Coding.nosync/PhotoAssistant/analysis_output/discarded_review/IMG_7357_1.JPG,/Users/annibauer/Documents/__Photos.nosync/Photos iCloud Sort/IMG_7357.JPG,False
31b8e502f9d204f92574fafaf8fe3618e3ca7abe52877fa51ed06acbb0dd4701,/Users/annibauer/Documents/__Coding.nosync/PhotoAssistant/analysis_output/discarded_review/IMG_7362.JPG,/Users/annibauer/Documents/__Photos.nosync/Photos iCloud Sort/IMG_7362.JPG,True
31b8e502f9d204f92574fafaf8fe3618e3ca7abe52877fa51ed06acbb0dd4701,/Users/annibauer/Documents/__Coding.nosync/PhotoAssistant/analysis_output/discarded_review/IMG_7362_1.JPG,/Users/annibauer/Documents/__Photos.nosync/Photos iCloud Sort/IMG_7362.JPG,False
7200620e65c97e28d376d2b2fe30e74253a7b52ffc0f357ef9522ad87569194e,/Users/annibauer/Documents/__Coding.nosync/PhotoAssistant/analysis_output/discarded_review/IMG_7363.JPG,/Users/annibauer/Documents/__Photos.nosync/Photos iCloud Sort/IMG_7363.JPG,True
7200620e65c97e28d376d2b2fe30e74253a7b52ffc0f357ef9522ad87569194e,/Users/annibauer/Documents/__Coding.nosync/PhotoAssistant/analysis_output/discarded_review/IMG_7363_1.JPG,/Users/annibauer/Documents/__Photos.nosync/Photos iCloud Sort/IMG_7363.JPG,False
db37d8cb39e6e580af586b5edb712491d2647395a818c23c752d98303145c504,/Users/annibauer/Documents/__Coding.nosync/PhotoAssistant/analysis_output/discarded_review/IMG_7364.JPG,/Users/annibauer/Documents/__Photos.nosync/Photos iCloud Sort/IMG_7364.JPG,True
db37d8cb39e6e580af586b5edb712491d2647395a818c23c752d98303145c504,/Users/annibauer/Documents/__Coding.nosync/PhotoAssistant/analysis_output/discarded_review/IMG_7364_1.JPG,/Users/annibauer/Documents/__Photos.nosync/Photos iCloud Sort/IMG_7364.JPG,False
194dd981333a81f3c9ef1bbc3ba64f15b5b8517a430af0d23f9a23f017b5c4fe,/Users/annibauer/Documents/__Coding.nosync/PhotoAssistant/analysis_output/discarded_review/IMG_7366.JPG,/Users/annibauer/Documents/__Photos.nosync/Photos iCloud Sort/IMG_7366.JPG,True
194dd981333a81f3c9ef1bbc3ba64f15b5b8517a430af0d23f9a23f017b5c4fe,/Users/annibauer/Documents/__Coding.nosync/PhotoAssistant/analysis_output/discarded_review/IMG_7366_1.JPG,/Users/annibauer/Documents/__Photos.nosync/Photos iCloud Sort/IMG_7366.JPG,False
310635870775a25d1d05becb88ae20d201a4956a25e56f7d6dc0406ca277ca10,/Users/annibauer/Documents/__Coding.nosync/PhotoAssistant/analysis_output/discarded_review/IMG_7371.JPG,/Users/annibauer/Documents/__Photos.nosync/Photos iCloud Sort/IMG_7371.JPG,True
310635870775a25d1d05becb88ae20d201a4956a25e56f7d6dc0406ca277ca10,/Users/annibauer/Documents/__Coding.nosync/PhotoAssistant/analysis_output/discarded_review/IMG_7371_1.JPG,/Users/annibauer/Documents/__Photos.nosync/Photos iCloud Sort/IMG_7371.JPG,False
5ccd338a0b1d7483c802bb2c524408f3c3487c9f07872928f59edf1cbde3c237,/Users/annibauer/Documents/__Coding.nosync/PhotoAssistant/analysis_output/discarded_review/IMG_7378.JPG,/Users/annibauer/Documents/__Photos.nosync/Photos iCloud Sort/IMG_7378.JPG,True
0afbb814647a14a12ebfb0ab70d66d5870ba29463d030f0f24801bdc60f21960,/Users/annibauer/Documents/__Coding.nosync/PhotoAssistant/analysis_output/discarded_review/IMG_7383.JPG,/Users/annibauer/Documents/__Photos.nosync/Photos iCloud Sort/IMG_7383.JPG,True
ecfb8885c1cbf6720382d0ba93db95cf323849c1e9ad45aabb9c5006db1a9f61,/Users/annibauer/Documents/__Coding.nosync/PhotoAssistant/analysis_output/discarded_review/IMG_7391.JPG,/Users/annibauer/Documents/__Photos.nosync/Photos iCloud Sort/IMG_7391.JPG,True
ecfb8885c1cbf6720382d0ba93db95cf323849c1e9ad45aabb9c5006db1a9f61,/Users/annibauer/Documents/__Coding.nosync/PhotoAssistant/analysis_output/discarded_review/IMG_7391_1.JPG,/Users/annibauer/Documents/__Photos.nosync/Photos iCloud Sort/IMG_7391.JPG,False
6875e0b8098cb9ffe4f46cdf3df8c6a7020e268a70c0788f58849319ecbd7558,/Users/annibauer/Documents/__Coding.nosync/PhotoAssistant/analysis_output/discarded_review/IMG_7397.JPG,/Users/annibauer/Documents/__Photos.nosync/Photos iCloud Sort/IMG_7397.JPG,True
6875e0b8098cb9ffe4f46cdf3df8c6a7020e268a70c0788f58849319ecbd7558,/Users/annibauer/Documents/__Coding.nosync/PhotoAssistant/analysis_output/discarded_review/IMG_7397_1.JPG,/Users/annibauer/Documents/__Photos.nosync/Photos iCloud Sort/IMG_7397.JPG,False
c963fc2beadf27bd649210ab81bef340e61d5ea729b344a1b33bc7d34b0dbf33,/Users/annibauer/Documents/__Coding.nosync/PhotoAssistant/analysis_output/discarded_review/IMG_7407.JPG,/Users/annibauer/Documents/__Photos.nosync/Photos iCloud Sort/IMG_7407.JPG,True
c963fc2beadf27bd649210ab81bef340e61d5ea729b344a1b33bc7d34b0dbf33,/Users/annibauer/Documents/__Coding.nosync/PhotoAssistant/analysis_output/discarded_review/IMG_7407_1.JPG,/Users/annibauer/Documents/__Photos.nosync/Photos iCloud Sort/IMG_7407.JPG,False
6bc487d3fba98fb46df0e796264e103de01d115b8144186177c7a3225f1b507e,/Users/annibauer/Documents/__Coding.nosync/PhotoAssistant/analysis_output/discarded_review/IMG_7409.JPG,/Users/annibauer/Documents/__Photos.nosync/Photos iCloud Sort/IMG_7409.JPG,True
6bc487d3fba98fb46df0e796264e103de01d115b8144186177c7a3225f1b507e,/Users/annibauer/Documents/__Coding.nosync/PhotoAssistant/analysis_output/discarded_review/IMG_7409_1.JPG,/Users/annibauer/Documents/__Photos.nosync/Photos iCloud Sort/IMG_7409.JPG,False
ab06a987f28eaf2a3c334c3f08010db437f41a304437ba30c1e14c45271405bb,/Users/annibauer/Documents/__Coding.nosync/PhotoAssistant/analysis_output/discarded_review/IMG_7410.JPG,/Users/annibauer/Documents/__Photos.nosync/Photos iCloud Sort/IMG_7410.JPG,True
ab06a987f28eaf2a3c334c3f08010db437f41a304437ba30c1e14c45271405bb,/Users/annibauer/Documents/__Coding.nosync/PhotoAssistant/analysis_output/discarded_review/IMG_7410_1.JPG,/Users/annibauer/Documents/__Photos.nosync/Photos iCloud Sort/IMG_7410.JPG,False
0c425b29793be9d57171b0016a20ec392b52de832a58a2d85e9d6156c02c142c,/Users/annibauer/Documents/__Coding.nosync/PhotoAssistant/analysis_output/discarded_review/IMG_7412.JPG,/Users/annibauer/Documents/__Photos.nosync/Photos iCloud Sort/IMG_7412.JPG,True
0c425b29793be9d57171b0016a20ec392b52de832a58a2d85e9d6156c02c142c,/Users/annibauer/Documents/__Coding.nosync/PhotoAssistant/analysis_output/discarded_review/IMG_7412_1.JPG,/Users/annibauer/Documents/__Photos.nosync/Photos iCloud Sort/IMG_7412.JPG,False
a611006d18b49d9c69fc8f5d422a27b74a80b2461c5f446a8bf9e2b6fcdfd466,/Users/annibauer/Documents/__Coding.nosync/PhotoAssistant/analysis_output/discarded_review/IMG_7414.JPG,/Users/annibauer/Documents/__Photos.nosync/Photos iCloud Sort/IMG_7414.JPG,True
a611006d18b49d9c69fc8f5d422a27b74a80b2461c5f446a8bf9e2b6fcdfd466,/Users/annibauer/Documents/__Coding.nosync/PhotoAssistant/analysis_output/discarded_review/IMG_7414_1.JPG,/Users/annibauer/Documents/__Photos.nosync/Photos iCloud Sort/IMG_7414.JPG,False
564484506f156438f2d25eaa74c2107d060dc927e3ba300b5d7a840415d9f69a,/Users/annibauer/Documents/__Coding.nosync/PhotoAssistant/analysis_output/discarded_review/IMG_7417.JPG,/Users/annibauer/Documents/__Photos.nosync/Photos iCloud Sort/IMG_7417.JPG,True
564484506f156438f2d25eaa74c2107d060dc927e3ba300b5d7a840415d9f69a,/Users/annibauer/Documents/__Coding.nosync/PhotoAssistant/analysis_output/discarded_review/IMG_7417_1.JPG,/Users/annibauer/Documents/__Photos.nosync/Photos iCloud Sort/IMG_7417.JPG,False
7a1c91955c345fe4681787480ab7b64cae0ff69866a9f26ce299869658247f31,/Users/annibauer/Documents/__Coding.nosync/PhotoAssistant/analysis_output/discarded_review/IMG_7418.JPG,/Users/annibauer/Documents/__Photos.nosync/Photos iCloud Sort/IMG_7418.JPG,True
7a1c91955c345fe4681787480ab7b64cae0ff69866a9f26ce299869658247f31,/Users/annibauer/Documents/__Coding.nosync/PhotoAssistant/analysis_output/discarded_review/IMG_7418_1.JPG,/Users/annibauer/Documents/__Photos.nosync/Photos iCloud Sort/IMG_7418.JPG,False
ef05f9ca7def0101732ede2ebdfe3580533b77e9dc2c87139532d968eb021a60,/Users/annibauer/Documents/__Coding.nosync/PhotoAssistant/analysis_output/discarded_review/IMG_7420.JPG,/Users/annibauer/Documents/__Photos.nosync/Photos iCloud Sort/IMG_7420.JPG,True
ef05f9ca7def0101732ede2ebdfe3580533b77e9dc2c87139532d968eb021a60,/Users/annibauer/Documents/__Coding.nosync/PhotoAssistant/analysis_output/discarded_review/IMG_7420_1.JPG,/Users/annibauer/Documents/__Photos.nosync/Photos iCloud Sort/IMG_7420.JPG,False
2e6319e966732ecc401ee5f602e3a870433a4f487f61aa05d7d76da38c1aa50d,/Users/annibauer/Documents/__Coding.nosync/PhotoAssistant/analysis_output/discarded_review/IMG_7421.JPG,/Users/annibauer/Documents/__Photos.nosync/Photos iCloud Sort/IMG_7421.JPG,True
2e6319e966732ecc401ee5f602e3a870433a4f487f61aa05d7d76da38c1aa50d,/Users/annibauer/Documents/__Coding.nosync/PhotoAssistant/analysis_output/discarded_review/IMG_7421_1.JPG,/Users/annibauer/Documents/__Photos.nosync/Photos iCloud Sort/IMG_7421.JPG,False
908bd3a06ef0489870e56e086e802320313dda1dca25389fd37a0b249eeb0d26,/Users/annibauer/Documents/__Coding.nosync/PhotoAssistant/analysis_output/discarded_review/IMG_7422.JPG,/Users/annibauer/Documents/__Photos.nosync/Photos iCloud Sort/IMG_7422.JPG,True
908bd3a06ef0489870e56e086e802320313dda1dca25389fd37a0b249eeb0d26,/Users/annibauer/Documents/__Coding.nosync/PhotoAssistant/analysis_output/discarded_review/IMG_7422_1.JPG,/Users/annibauer/Documents/__Photos.nosync/Photos iCloud Sort/IMG_7422.JPG,False
67ad618f48ddeed7c6021200ecc5d2e7459888895bccddd9fe1e59f786b3c902,/Users/annibauer/Documents/__Coding.nosync/PhotoAssistant/analysis_output/discarded_review/IMG_7424.JPG,/Users/annibauer/Documents/__Photos.nosync/Photos iCloud Sort/IMG_7424.JPG,True
67ad618f48ddeed7c6021200ecc5d2e7459888895bccddd9fe1e59f786b3c902,/Users/annibauer/Documents/__Coding.nosync/PhotoAssistant/analysis_output/discarded_review/IMG_7424_1.JPG,/Users/annibauer/Documents/__Photos.nosync/Photos iCloud Sort/IMG_7424.JPG,False
bebcc8a1be8fefef757617472ed82838a3733191a5163de44f66003a79e9383b,/Users/annibauer/Documents/__Coding.nosync/PhotoAssistant/analysis_output/discarded_review/IMG_7425.JPG,/Users/annibauer/Documents/__Photos.nosync/Photos iCloud Sort/IMG_7425.JPG,True
bebcc8a1be8fefef757617472ed82838a3733191a5163de44f66003a79e9383b,/Users/annibauer/Documents/__Coding.nosync/PhotoAssistant/analysis_output/discarded_review/IMG_7425_1.JPG,/Users/annibauer/Documents/__Photos.nosync/Photos iCloud Sort/IMG_7425.JPG,False
6b783a6bca4509f2231486102244a92a5ff03da4e56a964e16056af4c65d572e,/Users/annibauer/Documents/__Coding.nosync/PhotoAssistant/analysis_output/discarded_review/IMG_7426.JPG,/Users/annibauer/Documents/__Photos.nosync/Photos iCloud Sort/IMG_7426.JPG,True
6b783a6bca4509f2231486102244a92a5ff03da4e56a964e16056af4c65d572e,/Users/annibauer/Documents/__Coding.nosync/PhotoAssistant/analysis_output/discarded_review/IMG_7426_1.JPG,/Users/annibauer/Documents/__Photos.nosync/Photos iCloud Sort/IMG_7426.JPG,False
74cab51320fe1e9abb20f764c37c00b95657d688fbf3d5ba23e52eb517c90d84,/Users/annibauer/Documents/__Coding.nosync/PhotoAssistant/analysis_output/discarded_review/IMG_7428.JPG,/Users/annibauer/Documents/__Photos.nosync/Photos iCloud Sort/IMG_7428.JPG,True
74cab51320fe1e9abb20f764c37c00b95657d688fbf3d5ba23e52eb517c90d84,/Users/annibauer/Documents/__Coding.nosync/PhotoAssistant/analysis_output/discarded_review/IMG_7428_1.JPG,/Users/annibauer/Documents/__Photos.nosync/Photos iCloud Sort/IMG_7428.JPG,False
7f46c7779d787ddd8e3622104fb83449041ae6fb9e16a9e9eb016c96a76b8db6,/Users/annibauer/Documents/__Coding.nosync/PhotoAssistant/analysis_output/discarded_review/IMG_7430.JPG,/Users/annibauer/Documents/__Photos.nosync/Photos iCloud Sort/IMG_7430.JPG,True
7f46c7779d787ddd8e3622104fb83449041ae6fb9e16a9e9eb016c96a76b8db6,/Users/annibauer/Documents/__Coding.nosync/PhotoAssistant/analysis_output/discarded_review/IMG_7430_1.JPG,/Users/annibauer/Documents/__Photos.nosync/Photos iCloud Sort/IMG_7430.JPG,False
635f8046c32d410debe43e12cdf65c0da618d82dc328099293534be1493b0421,/Users/annibauer/Documents/__Coding.nosync/PhotoAssistant/analysis_output/discarded_review/IMG_7432.JPG,/Users/annibauer/Documents/__Photos.nosync/Photos iCloud Sort/IMG_7432.JPG,True
635f8046c32d410debe43e12cdf65c0da618d82dc328099293534be1493b0421,/Users/annibauer/Documents/__Coding.nosync/PhotoAssistant/analysis_output/discarded_review/IMG_7432_1.JPG,/Users/annibauer/Documents/__Photos.nosync/Photos iCloud Sort/IMG_7432.JPG,False
d6cb416c3491b82d65a2cf4010edf356ab78f89be87ebdf2f0fcb4b3341b1739,/Users/annibauer/Documents/__Coding.nosync/PhotoAssistant/analysis_output/discarded_review/IMG_7433.JPG,/Users/annibauer/Documents/__Photos.nosync/Photos iCloud Sort/IMG_7433.JPG,True
d6cb416c3491b82d65a2cf4010edf356ab78f89be87ebdf2f0fcb4b3341b1739,/Users/annibauer/Documents/__Coding.nosync/PhotoAssistant/analysis_output/discarded_review/IMG_7433_1.JPG,/Users/annibauer/Documents/__Photos.nosync/Photos iCloud Sort/IMG_7433.JPG,False
785de8a779342029d884be2dbacb8e49c79f197c346937eaf517aca31777db80,/Users/annibauer/Documents/__Coding.nosync/PhotoAssistant/analysis_output/discarded_review/IMG_7435.JPG,/Users/annibauer/Documents/__Photos.nosync/Photos iCloud Sort/IMG_7435.JPG,True
785de8a779342029d884be2dbacb8e49c79f197c346937eaf517aca31777db80,/Users/annibauer/Documents/__Coding.nosync/PhotoAssistant/analysis_output/discarded_review/IMG_7435_1.JPG,/Users/annibauer/Documents/__Photos.nosync/Photos iCloud Sort/IMG_7435.JPG,False
ef30f9d69e08406784d1b3ca58c9a7ab7369c704f646fa7d8e04f9c0c0417aea,/Users/annibauer/Documents/__Coding.nosync/PhotoAssistant/analysis_output/discarded_review/IMG_7436.JPG,/Users/annibauer/Documents/__Photos.nosync/Photos iCloud Sort/IMG_7436.JPG,True
ef30f9d69e08406784d1b3ca58c9a7ab7369c704f646fa7d8e04f9c0c0417aea,/Users/annibauer/Documents/__Coding.nosync/PhotoAssistant/analysis_output/discarded_review/IMG_7436_1.JPG,/Users/annibauer/Documents/__Photos.nosync/Photos iCloud Sort/IMG_7436.JPG,False
5b9ce99b6d1296a5f69af5768b0a80472b2eafa280dcbad5b2a59c61d9452962,/Users/annibauer/Documents/__Coding.nosync/PhotoAssistant/analysis_output/discarded_review/IMG_7437.JPG,/Users/annibauer/Documents/__Photos.nosync/Photos iCloud Sort/IMG_7437.JPG,True
5b9ce99b6d1296a5f69af5768b0a80472b2eafa280dcbad5b2a59c61d9452962,/Users/annibauer/Documents/__Coding.nosync/PhotoAssistant/analysis_output/discarded_review/IMG_7437_1.JPG,/Users/annibauer/Documents/__Photos.nosync/Photos iCloud Sort/IMG_7437.JPG,False
20d1e33b48bbf9044db272dc57fd8d4c6e0be00d6b250361c6bb2e7ec8621662,/Users/annibauer/Documents/__Coding.nosync/PhotoAssistant/analysis_output/discarded_review/IMG_7438.JPG,/Users/annibauer/Documents/__Photos.nosync/Photos iCloud Sort/IMG_7438.JPG,True
20d1e33b48bbf9044db272dc57fd8d4c6e0be00d6b250361c6bb2e7ec8621662,/Users/annibauer/Documents/__Coding.nosync/PhotoAssistant/analysis_output/discarded_review/IMG_7438_1.JPG,/Users/annibauer/Documents/__Photos.nosync/Photos iCloud Sort/IMG_7438.JPG,False
826279744db72de866d225a949cdc304655932406d11c96c2e782d11de4a7a44,/Users/annibauer/Documents/__Coding.nosync/PhotoAssistant/analysis_output/discarded_review/IMG_7439.JPG,/Users/annibauer/Documents/__Photos.nosync/Photos iCloud Sort/IMG_7439.JPG,True
826279744db72de866d225a949cdc304655932406d11c96c2e782d11de4a7a44,/Users/annibauer/Documents/__Coding.nosync/PhotoAssistant/analysis_output/discarded_review/IMG_7439_1.JPG,/Users/annibauer/Documents/__Photos.nosync/Photos iCloud Sort/IMG_7439.JPG,False
e8e435799333f85cf9e126f34c183eba50f399b49d2fcea439f3f6711fddf248,/Users/annibauer/Documents/__Coding.nosync/PhotoAssistant/analysis_output/discarded_review/IMG_7440.JPG,/Users/annibauer/Documents/__Photos.nosync/Photos iCloud Sort/IMG_7440.JPG,True
e8e435799333f85cf9e126f34c183eba50f399b49d2fcea439f3f6711fddf248,/Users/annibauer/Documents/__Coding.nosync/PhotoAssistant/analysis_output/discarded_review/IMG_7440_1.JPG,/Users/annibauer/Documents/__Photos.nosync/Photos iCloud Sort/IMG_7440.JPG,False
5a3d36b08474c7eb7415384c22f3867b86de4d6a21d1cd74ad499c47e9852c3a,/Users/annibauer/Documents/__Coding.nosync/PhotoAssistant/analysis_output/discarded_review/IMG_7455.JPG,/Users/annibauer/Documents/__Photos.nosync/Photos iCloud Sort/IMG_7455.JPG,True
5a3d36b08474c7eb7415384c22f3867b86de4d6a21d1cd74ad499c47e9852c3a,/Users/annibauer/Documents/__Coding.nosync/PhotoAssistant/analysis_output/discarded_review/IMG_7455_1.JPG,/Users/annibauer/Documents/__Photos.nosync/Photos iCloud Sort/IMG_7455.JPG,False
5ac918c7ac5162f02271682e3e1bc1d984d6c1e2405f8849c34469c0d417fdb1,/Users/annibauer/Documents/__Coding.nosync/PhotoAssistant/analysis_output/discarded_review/IMG_7460.JPG,/Users/annibauer/Documents/__Photos.nosync/Photos iCloud Sort/IMG_7460.JPG,True
5ac918c7ac5162f02271682e3e1bc1d984d6c1e2405f8849c34469c0d417fdb1,/Users/annibauer/Documents/__Coding.nosync/PhotoAssistant/analysis_output/discarded_review/IMG_7460_1.JPG,/Users/annibauer/Documents/__Photos.nosync/Photos iCloud Sort/IMG_7460.JPG,False
0b558fcab2fe778ac4d067724d3932793641ede4d8034291070ae160006672b7,/Users/annibauer/Documents/__Coding.nosync/PhotoAssistant/analysis_output/discarded_review/IMG_7461.JPG,/Users/annibauer/Documents/__Photos.nosync/Photos iCloud Sort/IMG_7461.JPG,True
0b558fcab2fe778ac4d067724d3932793641ede4d8034291070ae160006672b7,/Users/annibauer/Documents/__Coding.nosync/PhotoAssistant/analysis_output/discarded_review/IMG_7461_1.JPG,/Users/annibauer/Documents/__Photos.nosync/Photos iCloud Sort/IMG_7461.JPG,False
a575e43d55881ec4fa5c3cfc0fae31ec72399e7771e936c0796f0c98de0a40d0,/Users/annibauer/Documents/__Coding.nosync/PhotoAssistant/analysis_output/discarded_review/IMG_7462.JPG,/Users/annibauer/Documents/__Photos.nosync/Photos iCloud Sort/IMG_7462.JPG,True
a575e43d55881ec4fa5c3cfc0fae31ec72399e7771e936c0796f0c98de0a40d0,/Users/annibauer/Documents/__Coding.nosync/PhotoAssistant/analysis_output/discarded_review/IMG_7462_1.JPG,/Users/annibauer/Documents/__Photos.nosync/Photos iCloud Sort/IMG_7462.JPG,False
b7ed92c6eb29bde96ea35f3855987e260ab1004f5b000c11ea7f1aa24f177e18,/Users/annibauer/Documents/__Coding.nosync/PhotoAssistant/analysis_output/discarded_review/IMG_7463.JPG,/Users/annibauer/Documents/__Photos.nosync/Photos iCloud Sort/IMG_7463.JPG,True
b7ed92c6eb29bde96ea35f3855987e260ab1004f5b000c11ea7f1aa24f177e18,/Users/annibauer/Documents/__Coding.nosync/PhotoAssistant/analysis_output/discarded_review/IMG_7463_1.JPG,/Users/annibauer/Documents/__Photos.nosync/Photos iCloud Sort/IMG_7463.JPG,False
eddcd2863b4198d9351c6babc936b3634753cd03c730ad8141a0618d61eb838d,/Users/annibauer/Documents/__Coding.nosync/PhotoAssistant/analysis_output/discarded_review/IMG_7465.JPG,/Users/annibauer/Documents/__Photos.nosync/Photos iCloud Sort/IMG_7465.JPG,True
f61f0bccfa29c2f6145c696dba7e0f8eb4942a4982d508df2c62e5cffb5f12e9,/Users/annibauer/Documents/__Coding.nosync/PhotoAssistant/analysis_output/discarded_review/IMG_7467.JPG,/Users/annibauer/Documents/__Photos.nosync/Photos iCloud Sort/IMG_7467.JPG,True
2003a39c8cec3002e8fb91e478922d9057f14e00ca72bc23671bf4e571e01000,/Users/annibauer/Documents/__Coding.nosync/PhotoAssistant/analysis_output/discarded_review/IMG_7468.JPG,/Users/annibauer/Documents/__Photos.nosync/Photos iCloud Sort/IMG_7468.JPG,True
43d5e72a3ac98b94f1ce0b0ecf575c6b12a595e6d579f40b986d6f6195b0a694,/Users/annibauer/Documents/__Coding.nosync/PhotoAssistant/analysis_output/discarded_review/IMG_7469.JPG,/Users/annibauer/Documents/__Photos.nosync/Photos iCloud Sort/IMG_7469.JPG,True
0acc972d3887fd9229e2d0e3716c622a9ad1f1bc604dcab32949e8f39dd03d08,/Users/annibauer/Documents/__Coding.nosync/PhotoAssistant/analysis_output/discarded_review/IMG_7470.JPG,/Users/annibauer/Documents/__Photos.nosync/Photos iCloud Sort/IMG_7470.JPG,True
d780a5abc0752414ecefd0833da8a4d25ee91ea83f3c219fda656c71f776d1c9,/Users/annibauer/Documents/__Coding.nosync/PhotoAssistant/analysis_output/discarded_review/IMG_7471.JPG,/Users/annibauer/Documents/__Photos.nosync/Photos iCloud Sort/IMG_7471.JPG,True
d780a5abc0752414ecefd0833da8a4d25ee91ea83f3c219fda656c71f776d1c9,/Users/annibauer/Documents/__Coding.nosync/PhotoAssistant/analysis_output/discarded_review/IMG_7471_1.JPG,/Users/annibauer/Documents/__Photos.nosync/Photos iCloud Sort/IMG_7471.JPG,False
3f105f8cb8b4f7c49e8251e08eb2efb6e10ab5275d9d6d9beb0f7993fc7b6695,/Users/annibauer/Documents/__Coding.nosync/PhotoAssistant/analysis_output/discarded_review/IMG_7472.JPG,/Users/annibauer/Documents/__Photos.nosync/Photos iCloud Sort/IMG_7472.JPG,True
3f105f8cb8b4f7c49e8251e08eb2efb6e10ab5275d9d6d9beb0f7993fc7b6695,/Users/annibauer/Documents/__Coding.nosync/PhotoAssistant/analysis_output/discarded_review/IMG_7472_1.JPG,/Users/annibauer/Documents/__Photos.nosync/Photos iCloud Sort/IMG_7472.JPG,False
ef7dd039623681f18a3f94e2b9b0e4b4ec79bdcaf75981110296fd81ca8c8657,/Users/annibauer/Documents/__Coding.nosync/PhotoAssistant/analysis_output/discarded_review/IMG_7473.JPG,/Users/annibauer/Documents/__Photos.nosync/Photos iCloud Sort/IMG_7473.JPG,True
ef7dd039623681f18a3f94e2b9b0e4b4ec79bdcaf75981110296fd81ca8c8657,/Users/annibauer/Documents/__Coding.nosync/PhotoAssistant/analysis_output/discarded_review/IMG_7473_1.JPG,/Users/annibauer/Documents/__Photos.nosync/Photos iCloud Sort/IMG_7473.JPG,False
6ef355e3aa76ad45274980c0688ae5d20c33786032670ef67f9b7491e1c874ec,/Users/annibauer/Documents/__Coding.nosync/PhotoAssistant/analysis_output/discarded_review/IMG_7474.JPG,/Users/annibauer/Documents/__Photos.nosync/Photos iCloud Sort/IMG_7474.JPG,True
6ef355e3aa76ad45274980c0688ae5d20c33786032670ef67f9b7491e1c874ec,/Users/annibauer/Documents/__Coding.nosync/PhotoAssistant/analysis_output/discarded_review/IMG_7474_1.JPG,/Users/annibauer/Documents/__Photos.nosync/Photos iCloud Sort/IMG_7474.JPG,False
55d6d23ec64bf129835ce5507e53747160d9d2fa99da71b0b610463d6070b6d7,/Users/annibauer/Documents/__Coding.nosync/PhotoAssistant/analysis_output/discarded_review/IMG_7475.JPG,/Users/annibauer/Documents/__Photos.nosync/Photos iCloud Sort/IMG_7475.JPG,True
55d6d23ec64bf129835ce5507e53747160d9d2fa99da71b0b610463d6070b6d7,/Users/annibauer/Documents/__Coding.nosync/PhotoAssistant/analysis_output/discarded_review/IMG_7475_1.JPG,/Users/annibauer/Documents/__Photos.nosync/Photos iCloud Sort/IMG_7475.JPG,False
aa4c0994a07ceacb22e8b9a2be7e82b1e92ba478b05154df3169f2f124a42c24,/Users/annibauer/Documents/__Coding.nosync/PhotoAssistant/analysis_output/discarded_review/IMG_7477.JPG,/Users/annibauer/Documents/__Photos.nosync/Photos iCloud Sort/IMG_7477.JPG,True
aa4c0994a07ceacb22e8b9a2be7e82b1e92ba478b05154df3169f2f124a42c24,/Users/annibauer/Documents/__Coding.nosync/PhotoAssistant/analysis_output/discarded_review/IMG_7477_1.JPG,/Users/annibauer/Documents/__Photos.nosync/Photos iCloud Sort/IMG_7477.JPG,False
244d008b8f67850033a29731abe7ae0ea5921874a9ed0a01a445d9216e62cbc8,/Users/annibauer/Documents/__Coding.nosync/PhotoAssistant/analysis_output/discarded_review/IMG_7478.JPG,/Users/annibauer/Documents/__Photos.nosync/Photos iCloud Sort/IMG_7478.JPG,True
244d008b8f67850033a29731abe7ae0ea5921874a9ed0a01a445d9216e62cbc8,/Users/annibauer/Documents/__Coding.nosync/PhotoAssistant/analysis_output/discarded_review/IMG_7478_1.JPG,/Users/annibauer/Documents/__Photos.nosync/Photos iCloud Sort/IMG_7478.JPG,False
1921d2852ceb45c7d1df4ace36577c5ff5180b0ac9e3245bf06811d7bb4e4543,/Users/annibauer/Documents/__Coding.nosync/PhotoAssistant/analysis_output/discarded_review/IMG_7479.JPG,/Users/annibauer/Documents/__Photos.nosync/Photos iCloud Sort/IMG_7479.JPG,True
1921d2852ceb45c7d1df4ace36577c5ff5180b0ac9e3245bf06811d7bb4e4543,/Users/annibauer/Documents/__Coding.nosync/PhotoAssistant/analysis_output/discarded_review/IMG_7479_1.JPG,/Users/annibauer/Documents/__Photos.nosync/Photos iCloud Sort/IMG_7479.JPG,False
47b50b581a575682dc493eacc5cf016382adce624076a15bc88b79b9fad4ea40,/Users/annibauer/Documents/__Coding.nosync/PhotoAssistant/analysis_output/discarded_review/IMG_7481.JPG,/Users/annibauer/Documents/__Photos.nosync/Photos iCloud Sort/IMG_7481.JPG,True
81010c6cfa4c8e53f84dcceeca6a4a6003ec63ac2798666f8c8b0318e6366896,/Users/annibauer/Documents/__Coding.nosync/PhotoAssistant/analysis_output/discarded_review/IMG_7485.JPG,/Users/annibauer/Documents/__Photos.nosync/Photos iCloud Sort/IMG_7485.JPG,True
81010c6cfa4c8e53f84dcceeca6a4a6003ec63ac2798666f8c8b0318e6366896,/Users/annibauer/Documents/__Coding.nosync/PhotoAssistant/analysis_output/discarded_review/IMG_7485_1.JPG,/Users/annibauer/Documents/__Photos.nosync/Photos iCloud Sort/IMG_7485.JPG,False
f8e90266ace1a0e0c857d94fbc4ffa6724e0f46dc0a1eb8b33cb9b39dbe8660f,/Users/annibauer/Documents/__Coding.nosync/PhotoAssistant/analysis_output/discarded_review/IMG_7486.JPG,/Users/annibauer/Documents/__Photos.nosync/Photos iCloud Sort/IMG_7486.JPG,True
f8e90266ace1a0e0c857d94fbc4ffa6724e0f46dc0a1eb8b33cb9b39dbe8660f,/Users/annibauer/Documents/__Coding.nosync/PhotoAssistant/analysis_output/discarded_review/IMG_7486_1.JPG,/Users/annibauer/Documents/__Photos.nosync/Photos iCloud Sort/IMG_7486.JPG,False
e1af9a06d1acc97b5f9fc3f3b771b86872112a770d0802a346a881962afeedb2,/Users/annibauer/Documents/__Coding.nosync/PhotoAssistant/analysis_output/discarded_review/IMG_7487.JPG,/Users/annibauer/Documents/__Photos.nosync/Photos iCloud Sort/IMG_7487.JPG,True
e1af9a06d1acc97b5f9fc3f3b771b86872112a770d0802a346a881962afeedb2,/Users/annibauer/Documents/__Coding.nosync/PhotoAssistant/analysis_output/discarded_review/IMG_7487_1.JPG,/Users/annibauer/Documents/__Photos.nosync/Photos iCloud Sort/IMG_7487.JPG,False
193bd1730a5e1d5ac0402a760bd2f98d2be7ac7cef621f446a110a3479dc70e0,/Users/annibauer/Documents/__Coding.nosync/PhotoAssistant/analysis_output/discarded_review/IMG_7488.JPG,/Users/annibauer/Documents/__Photos.nosync/Photos iCloud Sort/IMG_7488.JPG,True
193bd1730a5e1d5ac0402a760bd2f98d2be7ac7cef621f446a110a3479dc70e0,/Users/annibauer/Documents/__Coding.nosync/PhotoAssistant/analysis_output/discarded_review/IMG_7488_1.JPG,/Users/annibauer/Documents/__Photos.nosync/Photos iCloud Sort/IMG_7488.JPG,False
4bf9ce2f7b0fbb5607c779104b9d8ca67d4ba7866cd6e87a1066ff5d72cdf570,/Users/annibauer/Documents/__Coding.nosync/PhotoAssistant/analysis_output/discarded_review/IMG_7489.JPG,/Users/annibauer/Documents/__Photos.nosync/Photos iCloud Sort/IMG_7489.JPG,True
4bf9ce2f7b0fbb5607c779104b9d8ca67d4ba7866cd6e87a1066ff5d72cdf570,/Users/annibauer/Documents/__Coding.nosync/PhotoAssistant/analysis_output/discarded_review/IMG_7489_1.JPG,/Users/annibauer/Documents/__Photos.nosync/Photos iCloud Sort/IMG_7489.JPG,False
57dd092a33366939d84a623fd8dc54f95352d61a1e92ca1303c567fafe51b42a,/Users/annibauer/Documents/__Coding.nosync/PhotoAssistant/analysis_output/discarded_review/IMG_7490.JPG,/Users/annibauer/Documents/__Photos.nosync/Photos iCloud Sort/IMG_7490.JPG,True
57dd092a33366939d84a623fd8dc54f95352d61a1e92ca1303c567fafe51b42a,/Users/annibauer/Documents/__Coding.nosync/PhotoAssistant/analysis_output/discarded_review/IMG_7490_1.JPG,/Users/annibauer/Documents/__Photos.nosync/Photos iCloud Sort/IMG_7490.JPG,False
1567815a4ced51167835e32677970a2ca71987fca1b04fb8870608b1480a2f68,/Users/annibauer/Documents/__Coding.nosync/PhotoAssistant/analysis_output/discarded_review/IMG_7497.JPG,/Users/annibauer/Documents/__Photos.nosync/Photos iCloud Sort/IMG_7497.JPG,True
1567815a4ced51167835e32677970a2ca71987fca1b04fb8870608b1480a2f68,/Users/annibauer/Documents/__Coding.nosync/PhotoAssistant/analysis_output/discarded_review/IMG_7497_1.JPG,/Users/annibauer/Documents/__Photos.nosync/Photos iCloud Sort/IMG_7497.JPG,False
f328d49fa0027f7051a331898da2ad632ce6c71061ea4103c7c74ca00a234497,/Users/annibauer/Documents/__Coding.nosync/PhotoAssistant/analysis_output/discarded_review/IMG_7498.JPG,/Users/annibauer/Documents/__Photos.nosync/Photos iCloud Sort/IMG_7498.JPG,True
f328d49fa0027f7051a331898da2ad632ce6c71061ea4103c7c74ca00a234497,/Users/annibauer/Documents/__Coding.nosync/PhotoAssistant/analysis_output/discarded_review/IMG_7498_1.JPG,/Users/annibauer/Documents/__Photos.nosync/Photos iCloud Sort/IMG_7498.JPG,False
96826b92be5785ed4ad5f49fd405533f15edc689f6cac97057f51343951ce9b9,/Users/annibauer/Documents/__Coding.nosync/PhotoAssistant/analysis_output/discarded_review/IMG_7499.JPG,/Users/annibauer/Documents/__Photos.nosync/Photos iCloud Sort/IMG_7499.JPG,True
96826b92be5785ed4ad5f49fd405533f15edc689f6cac97057f51343951ce9b9,/Users/annibauer/Documents/__Coding.nosync/PhotoAssistant/analysis_output/discarded_review/IMG_7499_1.JPG,/Users/annibauer/Documents/__Photos.nosync/Photos iCloud Sort/IMG_7499.JPG,False
013934b3cc4c39af5c12cb76113340ed3e30e82a6b47c0d887c80cc0cf80f60c,/Users/annibauer/Documents/__Coding.nosync/PhotoAssistant/analysis_output/discarded_review/IMG_7500.JPG,/Users/annibauer/Documents/__Photos.nosync/Photos iCloud Sort/IMG_7500.JPG,True
013934b3cc4c39af5c12cb76113340ed3e30e82a6b47c0d887c80cc0cf80f60c,/Users/annibauer/Documents/__Coding.nosync/PhotoAssistant/analysis_output/discarded_review/IMG_7500_1.JPG,/Users/annibauer/Documents/__Photos.nosync/Photos iCloud Sort/IMG_7500.JPG,False
a002798aac3ff65d6e1b179c0a1b13d65106174feb753f167819f6a3849f22b8,/Users/annibauer/Documents/__Coding.nosync/PhotoAssistant/analysis_output/discarded_review/IMG_7502.JPG,/Users/annibauer/Documents/__Photos.nosync/Photos iCloud Sort/IMG_7502.JPG,True
a002798aac3ff65d6e1b179c0a1b13d65106174feb753f167819f6a3849f22b8,/Users/annibauer/Documents/__Coding.nosync/PhotoAssistant/analysis_output/discarded_review/IMG_7502_1.JPG,/Users/annibauer/Documents/__Photos.nosync/Photos iCloud Sort/IMG_7502.JPG,False
fef9b6b4b3cac566ba217e3e2b35ded45f487d71be67c0b74066cce1e094bb31,/Users/annibauer/Documents/__Coding.nosync/PhotoAssistant/analysis_output/discarded_review/IMG_7503.JPG,/Users/annibauer/Documents/__Photos.nosync/Photos iCloud Sort/IMG_7503.JPG,True
fef9b6b4b3cac566ba217e3e2b35ded45f487d71be67c0b74066cce1e094bb31,/Users/annibauer/Documents/__Coding.nosync/PhotoAssistant/analysis_output/discarded_review/IMG_7503_1.JPG,/Users/annibauer/Documents/__Photos.nosync/Photos iCloud Sort/IMG_7503.JPG,False
7c4c13114710267d249bf626e7a5a4d6ec18d98357968327c4daa4da53eaa4a4,/Users/annibauer/Documents/__Coding.nosync/PhotoAssistant/analysis_output/discarded_review/IMG_7504.JPG,/Users/annibauer/Documents/__Photos.nosync/Photos iCloud Sort/IMG_7504.JPG,True
7c4c13114710267d249bf626e7a5a4d6ec18d98357968327c4daa4da53eaa4a4,/Users/annibauer/Documents/__Coding.nosync/PhotoAssistant/analysis_output/discarded_review/IMG_7504_1.JPG,/Users/annibauer/Documents/__Photos.nosync/Photos iCloud Sort/IMG_7504.JPG,False
1a6f470299e3b81fb8809dac41768e1473ba7071ff26ae9d317d2415696b7c71,/Users/annibauer/Documents/__Coding.nosync/PhotoAssistant/analysis_output/discarded_review/IMG_7505.JPG,/Users/annibauer/Documents/__Photos.nosync/Photos iCloud Sort/IMG_7505.JPG,True
1a6f470299e3b81fb8809dac41768e1473ba7071ff26ae9d317d2415696b7c71,/Users/annibauer/Documents/__Coding.nosync/PhotoAssistant/analysis_output/discarded_review/IMG_7505_1.JPG,/Users/annibauer/Documents/__Photos.nosync/Photos iCloud Sort/IMG_7505.JPG,False
4d6a950e01ff356abe3f57a4009da4082fdcb5c47a4ca9969350bf4a12c0e56a,/Users/annibauer/Documents/__Coding.nosync/PhotoAssistant/analysis_output/discarded_review/IMG_7506.JPG,/Users/annibauer/Documents/__Photos.nosync/Photos iCloud Sort/IMG_7506.JPG,True
4d6a950e01ff356abe3f57a4009da4082fdcb5c47a4ca9969350bf4a12c0e56a,/Users/annibauer/Documents/__Coding.nosync/PhotoAssistant/analysis_output/discarded_review/IMG_7506_1.JPG,/Users/annibauer/Documents/__Photos.nosync/Photos iCloud Sort/IMG_7506.JPG,False
47b5a222a069a1c5b81df5c6676e56664007c8c1f39cc8eaa383285e15f5fedd,/Users/annibauer/Documents/__Coding.nosync/PhotoAssistant/analysis_output/discarded_review/IMG_7507.JPG,/Users/annibauer/Documents/__Photos.nosync/Photos iCloud Sort/IMG_7507.JPG,True
47b5a222a069a1c5b81df5c6676e56664007c8c1f39cc8eaa383285e15f5fedd,/Users/annibauer/Documents/__Coding.nosync/PhotoAssistant/analysis_output/discarded_review/IMG_7507_1.JPG,/Users/annibauer/Documents/__Photos.nosync/Photos iCloud Sort/IMG_7507.JPG,False
154310e7b789dcdabe49dda58b86318709b36512e35e555e187d3550d0f75545,/Users/annibauer/Documents/__Coding.nosync/PhotoAssistant/analysis_output/discarded_review/IMG_7508.JPG,/Users/annibauer/Documents/__Photos.nosync/Photos iCloud Sort/IMG_7508.JPG,True
154310e7b789dcdabe49dda58b86318709b36512e35e555e187d3550d0f75545,/Users/annibauer/Documents/__Coding.nosync/PhotoAssistant/analysis_output/discarded_review/IMG_7508_1.JPG,/Users/annibauer/Documents/__Photos.nosync/Photos iCloud Sort/IMG_7508.JPG,False
e593d068063683cdeff0a5074d1ad75b4dd1cd404af0372e5c1d093aaeea74cb,/Users/annibauer/Documents/__Coding.nosync/PhotoAssistant/analysis_output/discarded_review/IMG_7516.JPG,/Users/annibauer/Documents/__Photos.nosync/Photos iCloud Sort/IMG_7516.JPG,True
e593d068063683cdeff0a5074d1ad75b4dd1cd404af0372e5c1d093aaeea74cb,/Users/annibauer/Documents/__Coding.nosync/PhotoAssistant/analysis_output/discarded_review/IMG_7516_1.JPG,/Users/annibauer/Documents/__Photos.nosync/Photos iCloud Sort/IMG_7516.JPG,False
dc11054e18f03e890e45e015e3bf9b045993a19a4017297d4ff567f14af850c1,/Users/annibauer/Documents/__Coding.nosync/PhotoAssistant/analysis_output/discarded_review/IMG_7517.JPG,/Users/annibauer/Documents/__Photos.nosync/Photos iCloud Sort/IMG_7517.JPG,True
dc11054e18f03e890e45e015e3bf9b045993a19a4017297d4ff567f14af850c1,/Users/annibauer/Documents/__Coding.nosync/PhotoAssistant/analysis_output/discarded_review/IMG_7517_1.JPG,/Users/annibauer/Documents/__Photos.nosync/Photos iCloud Sort/IMG_7517.JPG,False
985d773e443a32cd5d12b856bf1d1660e9c87ff382e134a7ab98dd568c5c9570,/Users/annibauer/Documents/__Coding.nosync/PhotoAssistant/analysis_output/discarded_review/IMG_7526-1.JPG,/Users/annibauer/Documents/__Photos.nosync/Photos iCloud Sort/IMG_7526-1.JPG,True
985d773e443a32cd5d12b856bf1d1660e9c87ff382e134a7ab98dd568c5c9570,/Users/annibauer/Documents/__Coding.nosync/PhotoAssistant/analysis_output/discarded_review/IMG_7526-1_1.JPG,/Users/annibauer/Documents/__Photos.nosync/Photos iCloud Sort/IMG_7526-1.JPG,False
985d773e443a32cd5d12b856bf1d1660e9c87ff382e134a7ab98dd568c5c9570,/Users/annibauer/Documents/__Coding.nosync/PhotoAssistant/analysis_output/discarded_review/IMG_7526.JPG,/Users/annibauer/Documents/__Photos.nosync/Photos iCloud Sort/IMG_7526-1.JPG,False
985d773e443a32cd5d12b856bf1d1660e9c87ff382e134a7ab98dd568c5c9570,/Users/annibauer/Documents/__Coding.nosync/PhotoAssistant/analysis_output/discarded_review/IMG_7526_1.JPG,/Users/annibauer/Documents/__Photos.nosync/Photos iCloud Sort/IMG_7526-1.JPG,False
985d773e443a32cd5d12b856bf1d1660e9c87ff382e134a7ab98dd568c5c9570,/Users/annibauer/Documents/__Coding.nosync/PhotoAssistant/analysis_output/discarded_review/IMG_7526_2.JPG,/Users/annibauer/Documents/__Photos.nosync/Photos iCloud Sort/IMG_7526-1.JPG,False
a2a7ea483aca2a1589afba87ceb0a59e0e66160675def60397f547054c48638b,/Users/annibauer/Documents/__Coding.nosync/PhotoAssistant/analysis_output/discarded_review/IMG_7527-1.JPG,/Users/annibauer/Documents/__Photos.nosync/Photos iCloud Sort/IMG_7527-1.JPG,True
a2a7ea483aca2a1589afba87ceb0a59e0e66160675def60397f547054c48638b,/Users/annibauer/Documents/__Coding.nosync/PhotoAssistant/analysis_output/discarded_review/IMG_7527-1_1.JPG,/Users/annibauer/Documents/__Photos.nosync/Photos iCloud Sort/IMG_7527-1.JPG,False
a2a7ea483aca2a1589afba87ceb0a59e0e66160675def60397f547054c48638b,/Users/annibauer/Documents/__Coding.nosync/PhotoAssistant/analysis_output/discarded_review/IMG_7527-2.JPG,/Users/annibauer/Documents/__Photos.nosync/Photos iCloud Sort/IMG_7527-1.JPG,False
a2a7ea483aca2a1589afba87ceb0a59e0e66160675def60397f547054c48638b,/Users/annibauer/Documents/__Coding.nosync/PhotoAssistant/analysis_output/discarded_review/IMG_7527-2_1.JPG,/Users/annibauer/Documents/__Photos.nosync/Photos iCloud Sort/IMG_7527-1.JPG,False
a2a7ea483aca2a1589afba87ceb0a59e0e66160675def60397f547054c48638b,/Users/annibauer/Documents/__Coding.nosync/PhotoAssistant/analysis_output/discarded_review/IMG_7527-2_2.JPG,/Users/annibauer/Documents/__Photos.nosync/Photos iCloud Sort/IMG_7527-1.JPG,False
a2a7ea483aca2a1589afba87ceb0a59e0e66160675def60397f547054c48638b,/Users/annibauer/Documents/__Coding.nosync/PhotoAssistant/analysis_output/discarded_review/IMG_7527.JPG,/Users/annibauer/Documents/__Photos.nosync/Photos iCloud Sort/IMG_7527-1.JPG,False
a2a7ea483aca2a1589afba87ceb0a59e0e66160675def60397f547054c48638b,/Users/annibauer/Documents/__Coding.nosync/PhotoAssistant/analysis_output/discarded_review/IMG_7527_1.JPG,/Users/annibauer/Documents/__Photos.nosync/Photos iCloud Sort/IMG_7527-1.JPG,False
a2a7ea483aca2a1589afba87ceb0a59e0e66160675def60397f547054c48638b,/Users/annibauer/Documents/__Coding.nosync/PhotoAssistant/analysis_output/discarded_review/IMG_7527_2.JPG,/Users/annibauer/Documents/__Photos.nosync/Photos iCloud Sort/IMG_7527-1.JPG,False
8f4438357fa37a0d263810977060765050edc0215cbc21ae447ff108c96a0dee,/Users/annibauer/Documents/__Coding.nosync/PhotoAssistant/analysis_output/discarded_review/IMG_7529-1.JPG,/Users/annibauer/Documents/__Photos.nosync/Photos iCloud Sort/IMG_7529-1.JPG,True
8f4438357fa37a0d263810977060765050edc0215cbc21ae447ff108c96a0dee,/Users/annibauer/Documents/__Coding.nosync/PhotoAssistant/analysis_output/discarded_review/IMG_7529-1_1.JPG,/Users/annibauer/Documents/__Photos.nosync/Photos iCloud Sort/IMG_7529-1.JPG,False
8f4438357fa37a0d263810977060765050edc0215cbc21ae447ff108c96a0dee,/Users/annibauer/Documents/__Coding.nosync/PhotoAssistant/analysis_output/discarded_review/IMG_7529.JPG,/Users/annibauer/Documents/__Photos.nosync/Photos iCloud Sort/IMG_7529-1.JPG,False
8f4438357fa37a0d263810977060765050edc0215cbc21ae447ff108c96a0dee,/Users/annibauer/Documents/__Coding.nosync/PhotoAssistant/analysis_output/discarded_review/IMG_7529_1.JPG,/Users/annibauer/Documents/__Photos.nosync/Photos iCloud Sort/IMG_7529-1.JPG,False
8f4438357fa37a0d263810977060765050edc0215cbc21ae447ff108c96a0dee,/Users/annibauer/Documents/__Coding.nosync/PhotoAssistant/analysis_output/discarded_review/IMG_7529_2.JPG,/Users/annibauer/Documents/__Photos.nosync/Photos iCloud Sort/IMG_7529-1.JPG,False
d8e425952b3145b609ab28021f8348c68ab7f756a6b8dc7fb4384cd0153d15a6,/Users/annibauer/Documents/__Coding.nosync/PhotoAssistant/analysis_output/discarded_review/IMG_7530.JPG,/Users/annibauer/Documents/__Photos.nosync/Photos iCloud Sort/IMG_7530.JPG,True
d8e425952b3145b609ab28021f8348c68ab7f756a6b8dc7fb4384cd0153d15a6,/Users/annibauer/Documents/__Coding.nosync/PhotoAssistant/analysis_output/discarded_review/IMG_7530_1.JPG,/Users/annibauer/Documents/__Photos.nosync/Photos iCloud Sort/IMG_7530.JPG,False
ee1c6007ac9cda26671956c519dc2daaad9242e8d3e763b6a9b98aa2eb176d61,/Users/annibauer/Documents/__Coding.nosync/PhotoAssistant/analysis_output/discarded_review/IMG_7533.JPG,/Users/annibauer/Documents/__Photos.nosync/Photos iCloud Sort/IMG_7533.JPG,True
ee1c6007ac9cda26671956c519dc2daaad9242e8d3e763b6a9b98aa2eb176d61,/Users/annibauer/Documents/__Coding.nosync/PhotoAssistant/analysis_output/discarded_review/IMG_7533_1.JPG,/Users/annibauer/Documents/__Photos.nosync/Photos iCloud Sort/IMG_7533.JPG,False
8648873318df986f0624f0254ac07cf7e76621e47763aa24678026f3bf8cc728,/Users/annibauer/Documents/__Coding.nosync/PhotoAssistant/analysis_output/discarded_review/IMG_7537.JPG,/Users/annibauer/Documents/__Photos.nosync/Photos iCloud Sort/IMG_7537.JPG,True
8648873318df986f0624f0254ac07cf7e76621e47763aa24678026f3bf8cc728,/Users/annibauer/Documents/__Coding.nosync/PhotoAssistant/analysis_output/discarded_review/IMG_7537_1.JPG,/Users/annibauer/Documents/__Photos.nosync/Photos iCloud Sort/IMG_7537.JPG,False
74a6a5410b9d9e9bfa093cace4ab73a205054623cf62f5cd71693c3268dd22dc,/Users/annibauer/Documents/__Coding.nosync/PhotoAssistant/analysis_output/discarded_review/IMG_7539.JPG,/Users/annibauer/Documents/__Photos.nosync/Photos iCloud Sort/IMG_7539.JPG,True
74a6a5410b9d9e9bfa093cace4ab73a205054623cf62f5cd71693c3268dd22dc,/Users/annibauer/Documents/__Coding.nosync/PhotoAssistant/analysis_output/discarded_review/IMG_7539_1.JPG,/Users/annibauer/Documents/__Photos.nosync/Photos iCloud Sort/IMG_7539.JPG,False
a75f027cc64fb28d1a4932f91e82fc841aae737ab1aca09bf46d915a6ce15ce5,/Users/annibauer/Documents/__Coding.nosync/PhotoAssistant/analysis_output/discarded_review/IMG_7540.JPG,/Users/annibauer/Documents/__Photos.nosync/Photos iCloud Sort/IMG_7540.JPG,True
a75f027cc64fb28d1a4932f91e82fc841aae737ab1aca09bf46d915a6ce15ce5,/Users/annibauer/Documents/__Coding.nosync/PhotoAssistant/analysis_output/discarded_review/IMG_7540_1.JPG,/Users/annibauer/Documents/__Photos.nosync/Photos iCloud Sort/IMG_7540.JPG,False
57745f9e23c0b26124e57e170363c61a671be2e6875d6ecf783abd99b40c56aa,/Users/annibauer/Documents/__Coding.nosync/PhotoAssistant/analysis_output/discarded_review/IMG_7541.JPG,/Users/annibauer/Documents/__Photos.nosync/Photos iCloud Sort/IMG_7541.JPG,True
57745f9e23c0b26124e57e170363c61a671be2e6875d6ecf783abd99b40c56aa,/Users/annibauer/Documents/__Coding.nosync/PhotoAssistant/analysis_output/discarded_review/IMG_7541_1.JPG,/Users/annibauer/Documents/__Photos.nosync/Photos iCloud Sort/IMG_7541.JPG,False
136a003640d74cf84a518f79bc86c44e1b94bca6c4ffc3ccd24129463a0718e8,/Users/annibauer/Documents/__Coding.nosync/PhotoAssistant/analysis_output/discarded_review/IMG_7548.JPG,/Users/annibauer/Documents/__Photos.nosync/Photos iCloud Sort/IMG_7548.JPG,True
a66fcbb01de6bb798abcf43887a4ef282eef9b32df96871e7b2f1d04fd817e19,/Users/annibauer/Documents/__Coding.nosync/PhotoAssistant/analysis_output/discarded_review/IMG_7597.JPG,/Users/annibauer/Documents/__Photos.nosync/Photos iCloud Sort/IMG_7597.JPG,True
a66fcbb01de6bb798abcf43887a4ef282eef9b32df96871e7b2f1d04fd817e19,/Users/annibauer/Documents/__Coding.nosync/PhotoAssistant/analysis_output/discarded_review/IMG_7597_1.JPG,/Users/annibauer/Documents/__Photos.nosync/Photos iCloud Sort/IMG_7597.JPG,False
30d726f62567cc320df8f6be48128c0196c2c3a3a897587b4af29f64a453aef3,/Users/annibauer/Documents/__Coding.nosync/PhotoAssistant/analysis_output/discarded_review/IMG_7598.JPG,/Users/annibauer/Documents/__Photos.nosync/Photos iCloud Sort/IMG_7598.JPG,True
30d726f62567cc320df8f6be48128c0196c2c3a3a897587b4af29f64a453aef3,/Users/annibauer/Documents/__Coding.nosync/PhotoAssistant/analysis_output/discarded_review/IMG_7598_1.JPG,/Users/annibauer/Documents/__Photos.nosync/Photos iCloud Sort/IMG_7598.JPG,False
06ab9e2253093a45c3880a34bf269e6dc9e67f37693d6105f616339212f6034e,/Users/annibauer/Documents/__Coding.nosync/PhotoAssistant/analysis_output/discarded_review/IMG_7599.JPG,/Users/annibauer/Documents/__Photos.nosync/Photos iCloud Sort/IMG_7599.JPG,True
06ab9e2253093a45c3880a34bf269e6dc9e67f37693d6105f616339212f6034e,/Users/annibauer/Documents/__Coding.nosync/PhotoAssistant/analysis_output/discarded_review/IMG_7599_1.JPG,/Users/annibauer/Documents/__Photos.nosync/Photos iCloud Sort/IMG_7599.JPG,False
51179f33ebd11962a78218df04edac003014aa77f7bc35ce98d13723e54c49b9,/Users/annibauer/Documents/__Coding.nosync/PhotoAssistant/analysis_output/discarded_review/IMG_7600.JPG,/Users/annibauer/Documents/__Photos.nosync/Photos iCloud Sort/IMG_7600.JPG,True
51179f33ebd11962a78218df04edac003014aa77f7bc35ce98d13723e54c49b9,/Users/annibauer/Documents/__Coding.nosync/PhotoAssistant/analysis_output/discarded_review/IMG_7600_1.JPG,/Users/annibauer/Documents/__Photos.nosync/Photos iCloud Sort/IMG_7600.JPG,False
ebc6f68044ee4c349fb712f46d4746ddbf95a1bbc4c9cfd70a65e00d0d2ed35f,/Users/annibauer/Documents/__Coding.nosync/PhotoAssistant/analysis_output/discarded_review/IMG_7601.JPG,/Users/annibauer/Documents/__Photos.nosync/Photos iCloud Sort/IMG_7601.JPG,True
ebc6f68044ee4c349fb712f46d4746ddbf95a1bbc4c9cfd70a65e00d0d2ed35f,/Users/annibauer/Documents/__Coding.nosync/PhotoAssistant/analysis_output/discarded_review/IMG_7601_1.JPG,/Users/annibauer/Documents/__Photos.nosync/Photos iCloud Sort/IMG_7601.JPG,False
8e15c66435b87bf6022cb39c7e599b8620645a35abc43dc25c9212a363f2565c,/Users/annibauer/Documents/__Coding.nosync/PhotoAssistant/analysis_output/discarded_review/IMG_7618.JPG,/Users/annibauer/Documents/__Photos.nosync/Photos iCloud Sort/IMG_7618.JPG,True
6fe247369d249d7f105de25e9fe597f3bfef617626de26fe0df8a0e0bc8df662,/Users/annibauer/Documents/__Coding.nosync/PhotoAssistant/analysis_output/discarded_review/IMG_7635.JPG,/Users/annibauer/Documents/__Photos.nosync/Photos iCloud Sort/IMG_7635.JPG,True
6fe247369d249d7f105de25e9fe597f3bfef617626de26fe0df8a0e0bc8df662,/Users/annibauer/Documents/__Coding.nosync/PhotoAssistant/analysis_output/discarded_review/IMG_7635_1.JPG,/Users/annibauer/Documents/__Photos.nosync/Photos iCloud Sort/IMG_7635.JPG,False
d72a34485473e9e524e34359e3a3c9d73cc8c8d42906d145d2b4f4041584f35e,/Users/annibauer/Documents/__Coding.nosync/PhotoAssistant/analysis_output/discarded_review/IMG_7637.JPG,/Users/annibauer/Documents/__Photos.nosync/Photos iCloud Sort/IMG_7637.JPG,True
d72a34485473e9e524e34359e3a3c9d73cc8c8d42906d145d2b4f4041584f35e,/Users/annibauer/Documents/__Coding.nosync/PhotoAssistant/analysis_output/discarded_review/IMG_7637_1.JPG,/Users/annibauer/Documents/__Photos.nosync/Photos iCloud Sort/IMG_7637.JPG,False
eea80ac735b126081edb3d25d20d2424b299d84744980035cf5a15f3a38d16bd,/Users/annibauer/Documents/__Coding.nosync/PhotoAssistant/analysis_output/discarded_review/IMG_7639.JPG,/Users/annibauer/Documents/__Photos.nosync/Photos iCloud Sort/IMG_7639.JPG,True
eea80ac735b126081edb3d25d20d2424b299d84744980035cf5a15f3a38d16bd,/Users/annibauer/Documents/__Coding.nosync/PhotoAssistant/analysis_output/discarded_review/IMG_7639_1.JPG,/Users/annibauer/Documents/__Photos.nosync/Photos iCloud Sort/IMG_7639.JPG,False
3faf2259b515fc64f2fbf971003e18d7386968548b9b551948a0ff0abe222a9a,/Users/annibauer/Documents/__Coding.nosync/PhotoAssistant/analysis_output/discarded_review/IMG_7641.JPG,/Users/annibauer/Documents/__Photos.nosync/Photos iCloud Sort/IMG_7641.JPG,True
3faf2259b515fc64f2fbf971003e18d7386968548b9b551948a0ff0abe222a9a,/Users/annibauer/Documents/__Coding.nosync/PhotoAssistant/analysis_output/discarded_review/IMG_7641_1.JPG,/Users/annibauer/Documents/__Photos.nosync/Photos iCloud Sort/IMG_7641.JPG,False
cd7a231f410c402b81f76f13fc50c304b57460f701571a39508020491ba07ad9,/Users/annibauer/Documents/__Coding.nosync/PhotoAssistant/analysis_output/discarded_review/IMG_7642.JPG,/Users/annibauer/Documents/__Photos.nosync/Photos iCloud Sort/IMG_7642.JPG,True
cd7a231f410c402b81f76f13fc50c304b57460f701571a39508020491ba07ad9,/Users/annibauer/Documents/__Coding.nosync/PhotoAssistant/analysis_output/discarded_review/IMG_7642_1.JPG,/Users/annibauer/Documents/__Photos.nosync/Photos iCloud Sort/IMG_7642.JPG,False
fa257d84d7e66ee3f2f2c744e36fa0f48598244bfd19bb66de4dea5e9ec4534b,/Users/annibauer/Documents/__Coding.nosync/PhotoAssistant/analysis_output/discarded_review/IMG_7643.JPG,/Users/annibauer/Documents/__Photos.nosync/Photos iCloud Sort/IMG_7643.JPG,True
fa257d84d7e66ee3f2f2c744e36fa0f48598244bfd19bb66de4dea5e9ec4534b,/Users/annibauer/Documents/__Coding.nosync/PhotoAssistant/analysis_output/discarded_review/IMG_7643_1.JPG,/Users/annibauer/Documents/__Photos.nosync/Photos iCloud Sort/IMG_7643.JPG,False
97b9e17795059b81735f9bf4293661001b325ce966d11fca0daaccf5b79390e0,/Users/annibauer/Documents/__Coding.nosync/PhotoAssistant/analysis_output/discarded_review/IMG_7644.JPG,/Users/annibauer/Documents/__Photos.nosync/Photos iCloud Sort/IMG_7644.JPG,True
97b9e17795059b81735f9bf4293661001b325ce966d11fca0daaccf5b79390e0,/Users/annibauer/Documents/__Coding.nosync/PhotoAssistant/analysis_output/discarded_review/IMG_7644_1.JPG,/Users/annibauer/Documents/__Photos.nosync/Photos iCloud Sort/IMG_7644.JPG,False
dd52d3ac09f59a0b54487adf478aecd0fc562f04f3234adde32708c5375d68d5,/Users/annibauer/Documents/__Coding.nosync/PhotoAssistant/analysis_output/discarded_review/IMG_7645.JPEG,/Users/annibauer/Documents/__Photos.nosync/Photos iCloud Sort/IMG_7645.JPEG,True
dd52d3ac09f59a0b54487adf478aecd0fc562f04f3234adde32708c5375d68d5,/Users/annibauer/Documents/__Coding.nosync/PhotoAssistant/analysis_output/discarded_review/IMG_7645_1.JPEG,/Users/annibauer/Documents/__Photos.nosync/Photos iCloud Sort/IMG_7645.JPEG,False
24d4e59a393bf7f95c226e381bb856fdba70770107061b24939c8d41e10ff1d5,/Users/annibauer/Documents/__Coding.nosync/PhotoAssistant/analysis_output/discarded_review/IMG_7646.JPG,/Users/annibauer/Documents/__Photos.nosync/Photos iCloud Sort/IMG_7646.JPG,True
24d4e59a393bf7f95c226e381bb856fdba70770107061b24939c8d41e10ff1d5,/Users/annibauer/Documents/__Coding.nosync/PhotoAssistant/analysis_output/discarded_review/IMG_7646_1.JPG,/Users/annibauer/Documents/__Photos.nosync/Photos iCloud Sort/IMG_7646.JPG,False
688eb86c2a6e660c469ce18e54b1ed1387072c15193750d8796993ff8c64832d,/Users/annibauer/Documents/__Coding.nosync/PhotoAssistant/analysis_output/discarded_review/IMG_7648.JPG,/Users/annibauer/Documents/__Photos.nosync/Photos iCloud Sort/IMG_7648.JPG,True
688eb86c2a6e660c469ce18e54b1ed1387072c15193750d8796993ff8c64832d,/Users/annibauer/Documents/__Coding.nosync/PhotoAssistant/analysis_output/discarded_review/IMG_7648_1.JPG,/Users/annibauer/Documents/__Photos.nosync/Photos iCloud Sort/IMG_7648.JPG,False
50829949108a755310e7769e9b38082baa4f621883392086ff8e05bf2e0db9ce,/Users/annibauer/Documents/__Coding.nosync/PhotoAssistant/analysis_output/discarded_review/IMG_7649.JPG,/Users/annibauer/Documents/__Photos.nosync/Photos iCloud Sort/IMG_7649.JPG,True
50829949108a755310e7769e9b38082baa4f621883392086ff8e05bf2e0db9ce,/Users/annibauer/Documents/__Coding.nosync/PhotoAssistant/analysis_output/discarded_review/IMG_7649_1.JPG,/Users/annibauer/Documents/__Photos.nosync/Photos iCloud Sort/IMG_7649.JPG,False
399f81ea834270be4d9ebb4221f9ad44c2a0b8f1c5db65de662996cf7dd9c8af,/Users/annibauer/Documents/__Coding.nosync/PhotoAssistant/analysis_output/discarded_review/IMG_7650.JPG,/Users/annibauer/Documents/__Photos.nosync/Photos iCloud Sort/IMG_7650.JPG,True
399f81ea834270be4d9ebb4221f9ad44c2a0b8f1c5db65de662996cf7dd9c8af,/Users/annibauer/Documents/__Coding.nosync/PhotoAssistant/analysis_output/discarded_review/IMG_7650_1.JPG,/Users/annibauer/Documents/__Photos.nosync/Photos iCloud Sort/IMG_7650.JPG,False
91436e9b3e6cfdfaa2dd8916e4ae178bef5c386173c9395c283a10eea7461b29,/Users/annibauer/Documents/__Coding.nosync/PhotoAssistant/analysis_output/discarded_review/IMG_7651.JPG,/Users/annibauer/Documents/__Photos.nosync/Photos iCloud Sort/IMG_7651.JPG,True
91436e9b3e6cfdfaa2dd8916e4ae178bef5c386173c9395c283a10eea7461b29,/Users/annibauer/Documents/__Coding.nosync/PhotoAssistant/analysis_output/discarded_review/IMG_7651_1.JPG,/Users/annibauer/Documents/__Photos.nosync/Photos iCloud Sort/IMG_7651.JPG,False
43a814a63386a7b6796add25a8e407fc81cca133c03b2292fb2c9b098c240cac,/Users/annibauer/Documents/__Coding.nosync/PhotoAssistant/analysis_output/discarded_review/IMG_7654.JPG,/Users/annibauer/Documents/__Photos.nosync/Photos iCloud Sort/IMG_7654.JPG,True
43a814a63386a7b6796add25a8e407fc81cca133c03b2292fb2c9b098c240cac,/Users/annibauer/Documents/__Coding.nosync/PhotoAssistant/analysis_output/discarded_review/IMG_7654_1.JPG,/Users/annibauer/Documents/__Photos.nosync/Photos iCloud Sort/IMG_7654.JPG,False
3ece71ca9e8a2788e34d3af7a56867d2234658420aff3a5e4572e6ee8bcfe6dc,/Users/annibauer/Documents/__Coding.nosync/PhotoAssistant/analysis_output/discarded_review/IMG_7655.JPG,/Users/annibauer/Documents/__Photos.nosync/Photos iCloud Sort/IMG_7655.JPG,True
3ece71ca9e8a2788e34d3af7a56867d2234658420aff3a5e4572e6ee8bcfe6dc,/Users/annibauer/Documents/__Coding.nosync/PhotoAssistant/analysis_output/discarded_review/IMG_7655_1.JPG,/Users/annibauer/Documents/__Photos.nosync/Photos iCloud Sort/IMG_7655.JPG,False
bd8232a8421181c8912042d74037d55d219908c54c5816d241673309faf78976,/Users/annibauer/Documents/__Coding.nosync/PhotoAssistant/analysis_output/discarded_review/IMG_7656.JPG,/Users/annibauer/Documents/__Photos.nosync/Photos iCloud Sort/IMG_7656.JPG,True
bd8232a8421181c8912042d74037d55d219908c54c5816d241673309faf78976,/Users/annibauer/Documents/__Coding.nosync/PhotoAssistant/analysis_output/discarded_review/IMG_7656_1.JPG,/Users/annibauer/Documents/__Photos.nosync/Photos iCloud Sort/IMG_7656.JPG,False
d5e875853e3a4e1dc81d442ea0a66455ca85b22940d7e7adee5fff9beaf138b7,/Users/annibauer/Documents/__Coding.nosync/PhotoAssistant/analysis_output/discarded_review/IMG_7658.JPG,/Users/annibauer/Documents/__Photos.nosync/Photos iCloud Sort/IMG_7658.JPG,True
d5e875853e3a4e1dc81d442ea0a66455ca85b22940d7e7adee5fff9beaf138b7,/Users/annibauer/Documents/__Coding.nosync/PhotoAssistant/analysis_output/discarded_review/IMG_7658_1.JPG,/Users/annibauer/Documents/__Photos.nosync/Photos iCloud Sort/IMG_7658.JPG,False
8378a7eda05a13b52542630ae23451f642f8bad0a260acaad04a66280918f8ac,/Users/annibauer/Documents/__Coding.nosync/PhotoAssistant/analysis_output/discarded_review/IMG_7659.JPG,/Users/annibauer/Documents/__Photos.nosync/Photos iCloud Sort/IMG_7659.JPG,True
8378a7eda05a13b52542630ae23451f642f8bad0a260acaad04a66280918f8ac,/Users/annibauer/Documents/__Coding.nosync/PhotoAssistant/analysis_output/discarded_review/IMG_7659_1.JPG,/Users/annibauer/Documents/__Photos.nosync/Photos iCloud Sort/IMG_7659.JPG,False
b5a4fe0dd14b7cd14e207597588aa9a68fb01ac6fac5e2bbd0bee8f67f7bcf4b,/Users/annibauer/Documents/__Coding.nosync/PhotoAssistant/analysis_output/discarded_review/IMG_7660.JPG,/Users/annibauer/Documents/__Photos.nosync/Photos iCloud Sort/IMG_7660.JPG,True
b5a4fe0dd14b7cd14e207597588aa9a68fb01ac6fac5e2bbd0bee8f67f7bcf4b,/Users/annibauer/Documents/__Coding.nosync/PhotoAssistant/analysis_output/discarded_review/IMG_7660_1.JPG,/Users/annibauer/Documents/__Photos.nosync/Photos iCloud Sort/IMG_7660.JPG,False
a1cbaea4ec59cb368a6fa48d6ecb1b99059d807d1963da08f6d3eac284e4133d,/Users/annibauer/Documents/__Coding.nosync/PhotoAssistant/analysis_output/discarded_review/IMG_7661.JPG,/Users/annibauer/Documents/__Photos.nosync/Photos iCloud Sort/IMG_7661.JPG,True
a1cbaea4ec59cb368a6fa48d6ecb1b99059d807d1963da08f6d3eac284e4133d,/Users/annibauer/Documents/__Coding.nosync/PhotoAssistant/analysis_output/discarded_review/IMG_7661_1.JPG,/Users/annibauer/Documents/__Photos.nosync/Photos iCloud Sort/IMG_7661.JPG,False
a9994aefb3428838488f9d07156afcf6f72cf6aaea72abd2b491e9822710a216,/Users/annibauer/Documents/__Coding.nosync/PhotoAssistant/analysis_output/discarded_review/IMG_7662.JPG,/Users/annibauer/Documents/__Photos.nosync/Photos iCloud Sort/IMG_7662.JPG,True
a9994aefb3428838488f9d07156afcf6f72cf6aaea72abd2b491e9822710a216,/Users/annibauer/Documents/__Coding.nosync/PhotoAssistant/analysis_output/discarded_review/IMG_7662_1.JPG,/Users/annibauer/Documents/__Photos.nosync/Photos iCloud Sort/IMG_7662.JPG,False
03994c1d33a9226dd6acfa68cfeac2ef8b17953cb56b415bed4e263df46ec613,/Users/annibauer/Documents/__Coding.nosync/PhotoAssistant/analysis_output/discarded_review/IMG_7663.JPG,/Users/annibauer/Documents/__Photos.nosync/Photos iCloud Sort/IMG_7663.JPG,True
03994c1d33a9226dd6acfa68cfeac2ef8b17953cb56b415bed4e263df46ec613,/Users/annibauer/Documents/__Coding.nosync/PhotoAssistant/analysis_output/discarded_review/IMG_7663_1.JPG,/Users/annibauer/Documents/__Photos.nosync/Photos iCloud Sort/IMG_7663.JPG,False
0615790384339027ea3988de520de28dd054b35b9e5a3a473b80dfeaa4635e83,/Users/annibauer/Documents/__Coding.nosync/PhotoAssistant/analysis_output/discarded_review/IMG_7664.JPG,/Users/annibauer/Documents/__Photos.nosync/Photos iCloud Sort/IMG_7664.JPG,True
0615790384339027ea3988de520de28dd054b35b9e5a3a473b80dfeaa4635e83,/Users/annibauer/Documents/__Coding.nosync/PhotoAssistant/analysis_output/discarded_review/IMG_7664_1.JPG,/Users/annibauer/Documents/__Photos.nosync/Photos iCloud Sort/IMG_7664.JPG,False
d964519c79e44110acffbba1fbb313389aa35797436fc7e4da692e709084799d,/Users/annibauer/Documents/__Coding.nosync/PhotoAssistant/analysis_output/discarded_review/IMG_7666.JPG,/Users/annibauer/Documents/__Photos.nosync/Photos iCloud Sort/IMG_7666.JPG,True
d964519c79e44110acffbba1fbb313389aa35797436fc7e4da692e709084799d,/Users/annibauer/Documents/__Coding.nosync/PhotoAssistant/analysis_output/discarded_review/IMG_7666_1.JPG,/Users/annibauer/Documents/__Photos.nosync/Photos iCloud Sort/IMG_7666.JPG,False
df64fcb8333e44a89f6fed212cfa72f2846429f5e287ade2708851e1a6d473dc,/Users/annibauer/Documents/__Coding.nosync/PhotoAssistant/analysis_output/discarded_review/IMG_7667.JPG,/Users/annibauer/Documents/__Photos.nosync/Photos iCloud Sort/IMG_7667.JPG,True
df64fcb8333e44a89f6fed212cfa72f2846429f5e287ade2708851e1a6d473dc,/Users/annibauer/Documents/__Coding.nosync/PhotoAssistant/analysis_output/discarded_review/IMG_7667_1.JPG,/Users/annibauer/Documents/__Photos.nosync/Photos iCloud Sort/IMG_7667.JPG,False
b4f0640193d9c96469f343935c5f283acb8f4fcabb6307867cac343de64047b7,/Users/annibauer/Documents/__Coding.nosync/PhotoAssistant/analysis_output/discarded_review/IMG_7669.JPG,/Users/annibauer/Documents/__Photos.nosync/Photos iCloud Sort/IMG_7669.JPG,True
b4f0640193d9c96469f343935c5f283acb8f4fcabb6307867cac343de64047b7,/Users/annibauer/Documents/__Coding.nosync/PhotoAssistant/analysis_output/discarded_review/IMG_7669_1.JPG,/Users/annibauer/Documents/__Photos.nosync/Photos iCloud Sort/IMG_7669.JPG,False
b2402ca71ea3ca8d92fd64455dcee0b4c6f5413bff1c0a122fc34a82a6d8c34e,/Users/annibauer/Documents/__Coding.nosync/PhotoAssistant/analysis_output/discarded_review/IMG_7671.JPG,/Users/annibauer/Documents/__Photos.nosync/Photos iCloud Sort/IMG_7671.JPG,True
b2402ca71ea3ca8d92fd64455dcee0b4c6f5413bff1c0a122fc34a82a6d8c34e,/Users/annibauer/Documents/__Coding.nosync/PhotoAssistant/analysis_output/discarded_review/IMG_7671_1.JPG,/Users/annibauer/Documents/__Photos.nosync/Photos iCloud Sort/IMG_7671.JPG,False
9ea5a7ead5778fd4957365e75c52fae19c3f40714e9216e819d8fb3b5ef4c6f4,/Users/annibauer/Documents/__Coding.nosync/PhotoAssistant/analysis_output/discarded_review/IMG_7673.JPG,/Users/annibauer/Documents/__Photos.nosync/Photos iCloud Sort/IMG_7673.JPG,True
9ea5a7ead5778fd4957365e75c52fae19c3f40714e9216e819d8fb3b5ef4c6f4,/Users/annibauer/Documents/__Coding.nosync/PhotoAssistant/analysis_output/discarded_review/IMG_7673_1.JPG,/Users/annibauer/Documents/__Photos.nosync/Photos iCloud Sort/IMG_7673.JPG,False
b73595ef37c432c9406ad99701da63d952186db81a171d25db8ff92451dd5957,/Users/annibauer/Documents/__Coding.nosync/PhotoAssistant/analysis_output/discarded_review/IMG_7674.JPG,/Users/annibauer/Documents/__Photos.nosync/Photos iCloud Sort/IMG_7674.JPG,True
b73595ef37c432c9406ad99701da63d952186db81a171d25db8ff92451dd5957,/Users/annibauer/Documents/__Coding.nosync/PhotoAssistant/analysis_output/discarded_review/IMG_7674_1.JPG,/Users/annibauer/Documents/__Photos.nosync/Photos iCloud Sort/IMG_7674.JPG,False
282a1864efadeaaa42c66cd44e4a496f87560f75f6ae9093e2e89f7187fc4f81,/Users/annibauer/Documents/__Coding.nosync/PhotoAssistant/analysis_output/discarded_review/IMG_7675.JPG,/Users/annibauer/Documents/__Photos.nosync/Photos iCloud Sort/IMG_7675.JPG,True
282a1864efadeaaa42c66cd44e4a496f87560f75f6ae9093e2e89f7187fc4f81,/Users/annibauer/Documents/__Coding.nosync/PhotoAssistant/analysis_output/discarded_review/IMG_7675_1.JPG,/Users/annibauer/Documents/__Photos.nosync/Photos iCloud Sort/IMG_7675.JPG,False
b84e20108bde30ba085693539d9b75e27c1ca9c9b69f2b206bc3f46c2d8fb45b,/Users/annibauer/Documents/__Coding.nosync/PhotoAssistant/analysis_output/discarded_review/IMG_7676.JPG,/Users/annibauer/Documents/__Photos.nosync/Photos iCloud Sort/IMG_7676.JPG,True
b84e20108bde30ba085693539d9b75e27c1ca9c9b69f2b206bc3f46c2d8fb45b,/Users/annibauer/Documents/__Coding.nosync/PhotoAssistant/analysis_output/discarded_review/IMG_7676_1.JPG,/Users/annibauer/Documents/__Photos.nosync/Photos iCloud Sort/IMG_7676.JPG,False
79b1a67892e5c4bc0f06b1f40c8f1312be12db742c5bfea22ead8ec0a2dcd889,/Users/annibauer/Documents/__Coding.nosync/PhotoAssistant/analysis_output/discarded_review/IMG_7677.JPG,/Users/annibauer/Documents/__Photos.nosync/Photos iCloud Sort/IMG_7677.JPG,True
79b1a67892e5c4bc0f06b1f40c8f1312be12db742c5bfea22ead8ec0a2dcd889,/Users/annibauer/Documents/__Coding.nosync/PhotoAssistant/analysis_output/discarded_review/IMG_7677_1.JPG,/Users/annibauer/Documents/__Photos.nosync/Photos iCloud Sort/IMG_7677.JPG,False
79b1a67892e5c4bc0f06b1f40c8f1312be12db742c5bfea22ead8ec0a2dcd889,/Users/annibauer/Documents/__Coding.nosync/PhotoAssistant/analysis_output/discarded_review/IMG_7677_2.JPG,/Users/annibauer/Documents/__Photos.nosync/Photos iCloud Sort/IMG_7677.JPG,False
eaf82361bf8cfeef06c1fba3e0a914452399e6dbd5d3e7202ccdcd3e94d631a8,/Users/annibauer/Documents/__Coding.nosync/PhotoAssistant/analysis_output/discarded_review/IMG_7679.JPG,/Users/annibauer/Documents/__Photos.nosync/Photos iCloud Sort/IMG_7679.JPG,True
eaf82361bf8cfeef06c1fba3e0a914452399e6dbd5d3e7202ccdcd3e94d631a8,/Users/annibauer/Documents/__Coding.nosync/PhotoAssistant/analysis_output/discarded_review/IMG_7679_1.JPG,/Users/annibauer/Documents/__Photos.nosync/Photos iCloud Sort/IMG_7679.JPG,False
eaf82361bf8cfeef06c1fba3e0a914452399e6dbd5d3e7202ccdcd3e94d631a8,/Users/annibauer/Documents/__Coding.nosync/PhotoAssistant/analysis_output/discarded_review/IMG_7679_2.JPG,/Users/annibauer/Documents/__Photos.nosync/Photos iCloud Sort/IMG_7679.JPG,False
d57a0d66155d78feab8c20b6f8b0725baac8d4f36016c76b158e144ef05deb10,/Users/annibauer/Documents/__Coding.nosync/PhotoAssistant/analysis_output/discarded_review/IMG_7681.JPG,/Users/annibauer/Documents/__Photos.nosync/Photos iCloud Sort/IMG_7681.JPG,True
d57a0d66155d78feab8c20b6f8b0725baac8d4f36016c76b158e144ef05deb10,/Users/annibauer/Documents/__Coding.nosync/PhotoAssistant/analysis_output/discarded_review/IMG_7681_1.JPG,/Users/annibauer/Documents/__Photos.nosync/Photos iCloud Sort/IMG_7681.JPG,False
6e98c683ebdecb9adc2f8b3170dd18a1eddca89cd92a82f442e90a749e9419fa,/Users/annibauer/Documents/__Coding.nosync/PhotoAssistant/analysis_output/discarded_review/IMG_7682.JPG,/Users/annibauer/Documents/__Photos.nosync/Photos iCloud Sort/IMG_7682.JPG,True
6e98c683ebdecb9adc2f8b3170dd18a1eddca89cd92a82f442e90a749e9419fa,/Users/annibauer/Documents/__Coding.nosync/PhotoAssistant/analysis_output/discarded_review/IMG_7682_1.JPG,/Users/annibauer/Documents/__Photos.nosync/Photos iCloud Sort/IMG_7682.JPG,False
6e98c683ebdecb9adc2f8b3170dd18a1eddca89cd92a82f442e90a749e9419fa,/Users/annibauer/Documents/__Coding.nosync/PhotoAssistant/analysis_output/discarded_review/IMG_7682_2.JPG,/Users/annibauer/Documents/__Photos.nosync/Photos iCloud Sort/IMG_7682.JPG,False
5385ce1f90421c96d9ab41fc381c1c8b78a4ab75d08ce6f1ada303812bcc1f8c,/Users/annibauer/Documents/__Coding.nosync/PhotoAssistant/analysis_output/discarded_review/IMG_7683.JPG,/Users/annibauer/Documents/__Photos.nosync/Photos iCloud Sort/IMG_7683.JPG,True
5385ce1f90421c96d9ab41fc381c1c8b78a4ab75d08ce6f1ada303812bcc1f8c,/Users/annibauer/Documents/__Coding.nosync/PhotoAssistant/analysis_output/discarded_review/IMG_7683_1.JPG,/Users/annibauer/Documents/__Photos.nosync/Photos iCloud Sort/IMG_7683.JPG,False
8487a446cb366914f2da706b8eac5850a8380290d859eb670e094fd9a3f61743,/Users/annibauer/Documents/__Coding.nosync/PhotoAssistant/analysis_output/discarded_review/IMG_7684.JPG,/Users/annibauer/Documents/__Photos.nosync/Photos iCloud Sort/IMG_7684.JPG,True
8487a446cb366914f2da706b8eac5850a8380290d859eb670e094fd9a3f61743,/Users/annibauer/Documents/__Coding.nosync/PhotoAssistant/analysis_output/discarded_review/IMG_7684_1.JPG,/Users/annibauer/Documents/__Photos.nosync/Photos iCloud Sort/IMG_7684.JPG,False
c49fc2cffabdb66d8ea58bb4f94745b738334d7c80688076b78d423984121870,/Users/annibauer/Documents/__Coding.nosync/PhotoAssistant/analysis_output/discarded_review/IMG_7685.JPG,/Users/annibauer/Documents/__Photos.nosync/Photos iCloud Sort/IMG_7685.JPG,True
c49fc2cffabdb66d8ea58bb4f94745b738334d7c80688076b78d423984121870,/Users/annibauer/Documents/__Coding.nosync/PhotoAssistant/analysis_output/discarded_review/IMG_7685_1.JPG,/Users/annibauer/Documents/__Photos.nosync/Photos iCloud Sort/IMG_7685.JPG,False
65f3eaff679c60b423f05faa3166a8a7998387e862c726c8c73685fa032ca4c0,/Users/annibauer/Documents/__Coding.nosync/PhotoAssistant/analysis_output/discarded_review/IMG_7688.JPG,/Users/annibauer/Documents/__Photos.nosync/Photos iCloud Sort/IMG_7688.JPG,True
65f3eaff679c60b423f05faa3166a8a7998387e862c726c8c73685fa032ca4c0,/Users/annibauer/Documents/__Coding.nosync/PhotoAssistant/analysis_output/discarded_review/IMG_7688_1.JPG,/Users/annibauer/Documents/__Photos.nosync/Photos iCloud Sort/IMG_7688.JPG,False
fc6a58291d99732eda0617d2eb9abae1977d80b3789885d507cc8e6732f6d55c,/Users/annibauer/Documents/__Coding.nosync/PhotoAssistant/analysis_output/discarded_review/IMG_7689.JPG,/Users/annibauer/Documents/__Photos.nosync/Photos iCloud Sort/IMG_7689.JPG,True
fc6a58291d99732eda0617d2eb9abae1977d80b3789885d507cc8e6732f6d55c,/Users/annibauer/Documents/__Coding.nosync/PhotoAssistant/analysis_output/discarded_review/IMG_7689_1.JPG,/Users/annibauer/Documents/__Photos.nosync/Photos iCloud Sort/IMG_7689.JPG,False
e00fe9752d74991d9d2f566d635616bbaccf5f898fda65159ebb9025243b1019,/Users/annibauer/Documents/__Coding.nosync/PhotoAssistant/analysis_output/discarded_review/IMG_7690.JPG,/Users/annibauer/Documents/__Photos.nosync/Photos iCloud Sort/IMG_7690.JPG,True
e00fe9752d74991d9d2f566d635616bbaccf5f898fda65159ebb9025243b1019,/Users/annibauer/Documents/__Coding.nosync/PhotoAssistant/analysis_output/discarded_review/IMG_7690_1.JPG,/Users/annibauer/Documents/__Photos.nosync/Photos iCloud Sort/IMG_7690.JPG,False
e00fe9752d74991d9d2f566d635616bbaccf5f898fda65159ebb9025243b1019,/Users/annibauer/Documents/__Coding.nosync/PhotoAssistant/analysis_output/discarded_review/IMG_7690_2.JPG,/Users/annibauer/Documents/__Photos.nosync/Photos iCloud Sort/IMG_7690.JPG,False
78bb6e9e8a59388818f30ab512927e5fe3c3473d9770a16c590d5ef730583881,/Users/annibauer/Documents/__Coding.nosync/PhotoAssistant/analysis_output/discarded_review/IMG_7691.JPG,/Users/annibauer/Documents/__Photos.nosync/Photos iCloud Sort/IMG_7691.JPG,True
78bb6e9e8a59388818f30ab512927e5fe3c3473d9770a16c590d5ef730583881,/Users/annibauer/Documents/__Coding.nosync/PhotoAssistant/analysis_output/discarded_review/IMG_7691_1.JPG,/Users/annibauer/Documents/__Photos.nosync/Photos iCloud Sort/IMG_7691.JPG,False
78bb6e9e8a59388818f30ab512927e5fe3c3473d9770a16c590d5ef730583881,/Users/annibauer/Documents/__Coding.nosync/PhotoAssistant/analysis_output/discarded_review/IMG_7691_2.JPG,/Users/annibauer/Documents/__Photos.nosync/Photos iCloud Sort/IMG_7691.JPG,False
048bd437fd0942b173a0b13b8dd9864794a4c2d7c97e6b8980af56597f4b3b5f,/Users/annibauer/Documents/__Coding.nosync/PhotoAssistant/analysis_output/discarded_review/IMG_7692.JPG,/Users/annibauer/Documents/__Photos.nosync/Photos iCloud Sort/IMG_7692.JPG,True
048bd437fd0942b173a0b13b8dd9864794a4c2d7c97e6b8980af56597f4b3b5f,/Users/annibauer/Documents/__Coding.nosync/PhotoAssistant/analysis_output/discarded_review/IMG_7692_1.JPG,/Users/annibauer/Documents/__Photos.nosync/Photos iCloud Sort/IMG_7692.JPG,False
2fdc92b7dd63e940516bb0ee02d9957cd9fb6d7e5057ddea747cf21cf0118741,/Users/annibauer/Documents/__Coding.nosync/PhotoAssistant/analysis_output/discarded_review/IMG_7693.JPG,/Users/annibauer/Documents/__Photos.nosync/Photos iCloud Sort/IMG_7693.JPG,True
2fdc92b7dd63e940516bb0ee02d9957cd9fb6d7e5057ddea747cf21cf0118741,/Users/annibauer/Documents/__Coding.nosync/PhotoAssistant/analysis_output/discarded_review/IMG_7693_1.JPG,/Users/annibauer/Documents/__Photos.nosync/Photos iCloud Sort/IMG_7693.JPG,False
2fdc92b7dd63e940516bb0ee02d9957cd9fb6d7e5057ddea747cf21cf0118741,/Users/annibauer/Documents/__Coding.nosync/PhotoAssistant/analysis_output/discarded_review/IMG_7693_2.JPG,/Users/annibauer/Documents/__Photos.nosync/Photos iCloud Sort/IMG_7693.JPG,False
6af48bff81822dd15ac36f05c3355b55479e9dd2138e48c5b2959c1eb49a651e,/Users/annibauer/Documents/__Coding.nosync/PhotoAssistant/analysis_output/discarded_review/IMG_7694.JPG,/Users/annibauer/Documents/__Photos.nosync/Photos iCloud Sort/IMG_7694.JPG,True
6af48bff81822dd15ac36f05c3355b55479e9dd2138e48c5b2959c1eb49a651e,/Users/annibauer/Documents/__Coding.nosync/PhotoAssistant/analysis_output/discarded_review/IMG_7694_1.JPG,/Users/annibauer/Documents/__Photos.nosync/Photos iCloud Sort/IMG_7694.JPG,False
98f6ac5e90ae755446752207f334261a78dab5140b970562a2ecef486325ced6,/Users/annibauer/Documents/__Coding.nosync/PhotoAssistant/analysis_output/discarded_review/IMG_7695.JPG,/Users/annibauer/Documents/__Photos.nosync/Photos iCloud Sort/IMG_7695.JPG,True
98f6ac5e90ae755446752207f334261a78dab5140b970562a2ecef486325ced6,/Users/annibauer/Documents/__Coding.nosync/PhotoAssistant/analysis_output/discarded_review/IMG_7695_1.JPG,/Users/annibauer/Documents/__Photos.nosync/Photos iCloud Sort/IMG_7695.JPG,False
a042a746834b30a354ce912a880a7ec5367422a91df2e0bd0168cd0cfe3db7c1,/Users/annibauer/Documents/__Coding.nosync/PhotoAssistant/analysis_output/discarded_review/IMG_7696.JPG,/Users/annibauer/Documents/__Photos.nosync/Photos iCloud Sort/IMG_7696.JPG,True
a042a746834b30a354ce912a880a7ec5367422a91df2e0bd0168cd0cfe3db7c1,/Users/annibauer/Documents/__Coding.nosync/PhotoAssistant/analysis_output/discarded_review/IMG_7696_1.JPG,/Users/annibauer/Documents/__Photos.nosync/Photos iCloud Sort/IMG_7696.JPG,False
76eea4160c056aa3c15a87276d6b21d559c5dd15f3585325fea23009b8e6cbd6,/Users/annibauer/Documents/__Coding.nosync/PhotoAssistant/analysis_output/discarded_review/IMG_7698.JPG,/Users/annibauer/Documents/__Photos.nosync/Photos iCloud Sort/IMG_7698.JPG,True
76eea4160c056aa3c15a87276d6b21d559c5dd15f3585325fea23009b8e6cbd6,/Users/annibauer/Documents/__Coding.nosync/PhotoAssistant/analysis_output/discarded_review/IMG_7698_1.JPG,/Users/annibauer/Documents/__Photos.nosync/Photos iCloud Sort/IMG_7698.JPG,False
cc3815b0dbf85deb58b50e5873a846caeb88620418b7637df3cabb1a5e6533e0,/Users/annibauer/Documents/__Coding.nosync/PhotoAssistant/analysis_output/discarded_review/IMG_7700.JPG,/Users/annibauer/Documents/__Photos.nosync/Photos iCloud Sort/IMG_7700.JPG,True
cc3815b0dbf85deb58b50e5873a846caeb88620418b7637df3cabb1a5e6533e0,/Users/annibauer/Documents/__Coding.nosync/PhotoAssistant/analysis_output/discarded_review/IMG_7700_1.JPG,/Users/annibauer/Documents/__Photos.nosync/Photos iCloud Sort/IMG_7700.JPG,False
1b3b9183416f18bd8a2e524708ab71a53241198b9b730fc5acae13fdf7fe3151,/Users/annibauer/Documents/__Coding.nosync/PhotoAssistant/analysis_output/discarded_review/IMG_7701.JPG,/Users/annibauer/Documents/__Photos.nosync/Photos iCloud Sort/IMG_7701.JPG,True
1b3b9183416f18bd8a2e524708ab71a53241198b9b730fc5acae13fdf7fe3151,/Users/annibauer/Documents/__Coding.nosync/PhotoAssistant/analysis_output/discarded_review/IMG_7701_1.JPG,/Users/annibauer/Documents/__Photos.nosync/Photos iCloud Sort/IMG_7701.JPG,False
5c3f1dbd026d0e37f41c3dac8c66b2cda0e638d9d8bf3ea4c1eed8a53290961e,/Users/annibauer/Documents/__Coding.nosync/PhotoAssistant/analysis_output/discarded_review/IMG_7702.JPG,/Users/annibauer/Documents/__Photos.nosync/Photos iCloud Sort/IMG_7702.JPG,True
5c3f1dbd026d0e37f41c3dac8c66b2cda0e638d9d8bf3ea4c1eed8a53290961e,/Users/annibauer/Documents/__Coding.nosync/PhotoAssistant/analysis_output/discarded_review/IMG_7702_1.JPG,/Users/annibauer/Documents/__Photos.nosync/Photos iCloud Sort/IMG_7702.JPG,False
81d9aecec49383785e0e4caefabb1207bfee06fb2b743304ed7a1b8d3ab1e5d5,/Users/annibauer/Documents/__Coding.nosync/PhotoAssistant/analysis_output/discarded_review/IMG_7703.JPEG,/Users/annibauer/Documents/__Photos.nosync/Photos iCloud Sort/IMG_7703.JPEG,True
81d9aecec49383785e0e4caefabb1207bfee06fb2b743304ed7a1b8d3ab1e5d5,/Users/annibauer/Documents/__Coding.nosync/PhotoAssistant/analysis_output/discarded_review/IMG_7703_1.JPEG,/Users/annibauer/Documents/__Photos.nosync/Photos iCloud Sort/IMG_7703.JPEG,False
f1c9cfb8e5f22d4e611d7aa1501319e399c7563d20d5a0b970d0054989913040,/Users/annibauer/Documents/__Coding.nosync/PhotoAssistant/analysis_output/discarded_review/IMG_7706.JPG,/Users/annibauer/Documents/__Photos.nosync/Photos iCloud Sort/IMG_7706.JPG,True
f1c9cfb8e5f22d4e611d7aa1501319e399c7563d20d5a0b970d0054989913040,/Users/annibauer/Documents/__Coding.nosync/PhotoAssistant/analysis_output/discarded_review/IMG_7706_1.JPG,/Users/annibauer/Documents/__Photos.nosync/Photos iCloud Sort/IMG_7706.JPG,False
475077e3556989a35ac9ac47c7f47d7be38f37725ea4cab73fb5c6c9bbba8fef,/Users/annibauer/Documents/__Coding.nosync/PhotoAssistant/analysis_output/discarded_review/IMG_7707.JPG,/Users/annibauer/Documents/__Photos.nosync/Photos iCloud Sort/IMG_7707.JPG,True
475077e3556989a35ac9ac47c7f47d7be38f37725ea4cab73fb5c6c9bbba8fef,/Users/annibauer/Documents/__Coding.nosync/PhotoAssistant/analysis_output/discarded_review/IMG_7707_1.JPG,/Users/annibauer/Documents/__Photos.nosync/Photos iCloud Sort/IMG_7707.JPG,False
b93178c3860c597fa45815f03c08040a718793d8f67a9b83e571feb3655e459d,/Users/annibauer/Documents/__Coding.nosync/PhotoAssistant/analysis_output/discarded_review/IMG_7708.JPG,/Users/annibauer/Documents/__Photos.nosync/Photos iCloud Sort/IMG_7708.JPG,True
b93178c3860c597fa45815f03c08040a718793d8f67a9b83e571feb3655e459d,/Users/annibauer/Documents/__Coding.nosync/PhotoAssistant/analysis_output/discarded_review/IMG_7708_1.JPG,/Users/annibauer/Documents/__Photos.nosync/Photos iCloud Sort/IMG_7708.JPG,False
5766ec0768b9265c06e991d2bbbfbcb4795830d96ce6401fbe66f5448600d6cd,/Users/annibauer/Documents/__Coding.nosync/PhotoAssistant/analysis_output/discarded_review/IMG_7709.JPG,/Users/annibauer/Documents/__Photos.nosync/Photos iCloud Sort/IMG_7709.JPG,True
5766ec0768b9265c06e991d2bbbfbcb4795830d96ce6401fbe66f5448600d6cd,/Users/annibauer/Documents/__Coding.nosync/PhotoAssistant/analysis_output/discarded_review/IMG_7709_1.JPG,/Users/annibauer/Documents/__Photos.nosync/Photos iCloud Sort/IMG_7709.JPG,False
dc2936565bfd7247da803c5ac7c0a9c75b6236a7b42e3b3411433757209b9785,/Users/annibauer/Documents/__Coding.nosync/PhotoAssistant/analysis_output/discarded_review/IMG_7710.JPG,/Users/annibauer/Documents/__Photos.nosync/Photos iCloud Sort/IMG_7710.JPG,True
dc2936565bfd7247da803c5ac7c0a9c75b6236a7b42e3b3411433757209b9785,/Users/annibauer/Documents/__Coding.nosync/PhotoAssistant/analysis_output/discarded_review/IMG_7710_1.JPG,/Users/annibauer/Documents/__Photos.nosync/Photos iCloud Sort/IMG_7710.JPG,False
6e201ac12ea0256269232cb6f03a9265d9ab11c4b936f006752e3d23d7d91002,/Users/annibauer/Documents/__Coding.nosync/PhotoAssistant/analysis_output/discarded_review/IMG_7711.JPG,/Users/annibauer/Documents/__Photos.nosync/Photos iCloud Sort/IMG_7711.JPG,True
6e201ac12ea0256269232cb6f03a9265d9ab11c4b936f006752e3d23d7d91002,/Users/annibauer/Documents/__Coding.nosync/PhotoAssistant/analysis_output/discarded_review/IMG_7711_1.JPG,/Users/annibauer/Documents/__Photos.nosync/Photos iCloud Sort/IMG_7711.JPG,False
9c6b8c7950eff63b05b1e7497c1aab0e31fbdfdb0a986cd0cadce4efd41269ab,/Users/annibauer/Documents/__Coding.nosync/PhotoAssistant/analysis_output/discarded_review/IMG_7712.JPG,/Users/annibauer/Documents/__Photos.nosync/Photos iCloud Sort/IMG_7712.JPG,True
9c6b8c7950eff63b05b1e7497c1aab0e31fbdfdb0a986cd0cadce4efd41269ab,/Users/annibauer/Documents/__Coding.nosync/PhotoAssistant/analysis_output/discarded_review/IMG_7712_1.JPG,/Users/annibauer/Documents/__Photos.nosync/Photos iCloud Sort/IMG_7712.JPG,False
716487ddefe5e0d1ec53538d7edca587f45ffc8848bbf528619cc5d5a815b4ba,/Users/annibauer/Documents/__Coding.nosync/PhotoAssistant/analysis_output/discarded_review/IMG_7713.JPG,/Users/annibauer/Documents/__Photos.nosync/Photos iCloud Sort/IMG_7713.JPG,True
716487ddefe5e0d1ec53538d7edca587f45ffc8848bbf528619cc5d5a815b4ba,/Users/annibauer/Documents/__Coding.nosync/PhotoAssistant/analysis_output/discarded_review/IMG_7713_1.JPG,/Users/annibauer/Documents/__Photos.nosync/Photos iCloud Sort/IMG_7713.JPG,False
01a0dde6a4b6fea3e5ffb8e67f54a926f51228b72b953ed5a4a36cf2792017aa,/Users/annibauer/Documents/__Coding.nosync/PhotoAssistant/analysis_output/discarded_review/IMG_7714.JPG,/Users/annibauer/Documents/__Photos.nosync/Photos iCloud Sort/IMG_7714.JPG,True
01a0dde6a4b6fea3e5ffb8e67f54a926f51228b72b953ed5a4a36cf2792017aa,/Users/annibauer/Documents/__Coding.nosync/PhotoAssistant/analysis_output/discarded_review/IMG_7714_1.JPG,/Users/annibauer/Documents/__Photos.nosync/Photos iCloud Sort/IMG_7714.JPG,False
fd49e2bfb6d22c6a0e24cc16d148b100d5af8bd32c873ac7fef159d884879668,/Users/annibauer/Documents/__Coding.nosync/PhotoAssistant/analysis_output/discarded_review/IMG_7715.JPG,/Users/annibauer/Documents/__Photos.nosync/Photos iCloud Sort/IMG_7715.JPG,True
fd49e2bfb6d22c6a0e24cc16d148b100d5af8bd32c873ac7fef159d884879668,/Users/annibauer/Documents/__Coding.nosync/PhotoAssistant/analysis_output/discarded_review/IMG_7715_1.JPG,/Users/annibauer/Documents/__Photos.nosync/Photos iCloud Sort/IMG_7715.JPG,False
c009e560e3fec08e7d8ed598eb271dc6494af584e94122f23998360c181bc575,/Users/annibauer/Documents/__Coding.nosync/PhotoAssistant/analysis_output/discarded_review/IMG_7716.JPG,/Users/annibauer/Documents/__Photos.nosync/Photos iCloud Sort/IMG_7716.JPG,True
c009e560e3fec08e7d8ed598eb271dc6494af584e94122f23998360c181bc575,/Users/annibauer/Documents/__Coding.nosync/PhotoAssistant/analysis_output/discarded_review/IMG_7716_1.JPG,/Users/annibauer/Documents/__Photos.nosync/Photos iCloud Sort/IMG_7716.JPG,False
56d8907e9343d5f89745739ae2db57435eca2f89a92ff5adde00023cf166618f,/Users/annibauer/Documents/__Coding.nosync/PhotoAssistant/analysis_output/discarded_review/IMG_7717.JPG,/Users/annibauer/Documents/__Photos.nosync/Photos iCloud Sort/IMG_7717.JPG,True
56d8907e9343d5f89745739ae2db57435eca2f89a92ff5adde00023cf166618f,/Users/annibauer/Documents/__Coding.nosync/PhotoAssistant/analysis_output/discarded_review/IMG_7717_1.JPG,/Users/annibauer/Documents/__Photos.nosync/Photos iCloud Sort/IMG_7717.JPG,False
f8ed7e89a816290c44c73c15958cf47ee85c0f5f0f84aeee66f9e0b9c0502076,/Users/annibauer/Documents/__Coding.nosync/PhotoAssistant/analysis_output/discarded_review/IMG_7718.JPG,/Users/annibauer/Documents/__Photos.nosync/Photos iCloud Sort/IMG_7718.JPG,True
f8ed7e89a816290c44c73c15958cf47ee85c0f5f0f84aeee66f9e0b9c0502076,/Users/annibauer/Documents/__Coding.nosync/PhotoAssistant/analysis_output/discarded_review/IMG_7718_1.JPG,/Users/annibauer/Documents/__Photos.nosync/Photos iCloud Sort/IMG_7718.JPG,False
26e80adfb0dcb863351ab3abc034109256a05128b9dca3be014a86cb2d44624d,/Users/annibauer/Documents/__Coding.nosync/PhotoAssistant/analysis_output/discarded_review/IMG_7719.JPG,/Users/annibauer/Documents/__Photos.nosync/Photos iCloud Sort/IMG_7719.JPG,True
26e80adfb0dcb863351ab3abc034109256a05128b9dca3be014a86cb2d44624d,/Users/annibauer/Documents/__Coding.nosync/PhotoAssistant/analysis_output/discarded_review/IMG_7719_1.JPG,/Users/annibauer/Documents/__Photos.nosync/Photos iCloud Sort/IMG_7719.JPG,False
73b07f0434ea6ae5e84e081d76b0b1126b2291254c14613f7ed3dc4421ea11b8,/Users/annibauer/Documents/__Coding.nosync/PhotoAssistant/analysis_output/discarded_review/IMG_7720.JPG,/Users/annibauer/Documents/__Photos.nosync/Photos iCloud Sort/IMG_7720.JPG,True
73b07f0434ea6ae5e84e081d76b0b1126b2291254c14613f7ed3dc4421ea11b8,/Users/annibauer/Documents/__Coding.nosync/PhotoAssistant/analysis_output/discarded_review/IMG_7720_1.JPG,/Users/annibauer/Documents/__Photos.nosync/Photos iCloud Sort/IMG_7720.JPG,False
1a7b07bd42cf56b6e2f208d9809982f5cc0016c76edcaf48616e6769240a8fd9,/Users/annibauer/Documents/__Coding.nosync/PhotoAssistant/analysis_output/discarded_review/IMG_7721.JPG,/Users/annibauer/Documents/__Photos.nosync/Photos iCloud Sort/IMG_7721.JPG,True
1a7b07bd42cf56b6e2f208d9809982f5cc0016c76edcaf48616e6769240a8fd9,/Users/annibauer/Documents/__Coding.nosync/PhotoAssistant/analysis_output/discarded_review/IMG_7721_1.JPG,/Users/annibauer/Documents/__Photos.nosync/Photos iCloud Sort/IMG_7721.JPG,False
e4ccd7d0c79ba022616e3c6776da1e90dc2aaa516a59533fcac1808adbb11899,/Users/annibauer/Documents/__Coding.nosync/PhotoAssistant/analysis_output/discarded_review/IMG_7723.JPG,/Users/annibauer/Documents/__Photos.nosync/Photos iCloud Sort/IMG_7723.JPG,True
e4ccd7d0c79ba022616e3c6776da1e90dc2aaa516a59533fcac1808adbb11899,/Users/annibauer/Documents/__Coding.nosync/PhotoAssistant/analysis_output/discarded_review/IMG_7723_1.JPG,/Users/annibauer/Documents/__Photos.nosync/Photos iCloud Sort/IMG_7723.JPG,False
591197575622b15f6f3ca83affd75b2033ec288e11f4f17e449fefc78ebe3fcb,/Users/annibauer/Documents/__Coding.nosync/PhotoAssistant/analysis_output/discarded_review/IMG_7724.JPG,/Users/annibauer/Documents/__Photos.nosync/Photos iCloud Sort/IMG_7724.JPG,True
591197575622b15f6f3ca83affd75b2033ec288e11f4f17e449fefc78ebe3fcb,/Users/annibauer/Documents/__Coding.nosync/PhotoAssistant/analysis_output/discarded_review/IMG_7724_1.JPG,/Users/annibauer/Documents/__Photos.nosync/Photos iCloud Sort/IMG_7724.JPG,False
116f3ce62d9a72bf9be26984e920b2fb3ef03b268e62e8ce33931c3add5e89f2,/Users/annibauer/Documents/__Coding.nosync/PhotoAssistant/analysis_output/discarded_review/IMG_7725.JPG,/Users/annibauer/Documents/__Photos.nosync/Photos iCloud Sort/IMG_7725.JPG,True
116f3ce62d9a72bf9be26984e920b2fb3ef03b268e62e8ce33931c3add5e89f2,/Users/annibauer/Documents/__Coding.nosync/PhotoAssistant/analysis_output/discarded_review/IMG_7725_1.JPG,/Users/annibauer/Documents/__Photos.nosync/Photos iCloud Sort/IMG_7725.JPG,False
b7ee107e3376ae96425ec14e7325ae5e2acd4ddc62b435e6894c062728522547,/Users/annibauer/Documents/__Coding.nosync/PhotoAssistant/analysis_output/discarded_review/IMG_7726.JPG,/Users/annibauer/Documents/__Photos.nosync/Photos iCloud Sort/IMG_7726.JPG,True
b7ee107e3376ae96425ec14e7325ae5e2acd4ddc62b435e6894c062728522547,/Users/annibauer/Documents/__Coding.nosync/PhotoAssistant/analysis_output/discarded_review/IMG_7726_1.JPG,/Users/annibauer/Documents/__Photos.nosync/Photos iCloud Sort/IMG_7726.JPG,False
bafe77b08fe6a882a0f4ec11faf24a517b0446d096c9528ba31d802559f70323,/Users/annibauer/Documents/__Coding.nosync/PhotoAssistant/analysis_output/discarded_review/IMG_7727.JPG,/Users/annibauer/Documents/__Photos.nosync/Photos iCloud Sort/IMG_7727.JPG,True
bafe77b08fe6a882a0f4ec11faf24a517b0446d096c9528ba31d802559f70323,/Users/annibauer/Documents/__Coding.nosync/PhotoAssistant/analysis_output/discarded_review/IMG_7727_1.JPG,/Users/annibauer/Documents/__Photos.nosync/Photos iCloud Sort/IMG_7727.JPG,False
f7791d8b88f50d39d7b67b48cb3924862fd450bc52536583392f8e84ff6e2b74,/Users/annibauer/Documents/__Coding.nosync/PhotoAssistant/analysis_output/discarded_review/IMG_7728.JPG,/Users/annibauer/Documents/__Photos.nosync/Photos iCloud Sort/IMG_7728.JPG,True
f7791d8b88f50d39d7b67b48cb3924862fd450bc52536583392f8e84ff6e2b74,/Users/annibauer/Documents/__Coding.nosync/PhotoAssistant/analysis_output/discarded_review/IMG_7728_1.JPG,/Users/annibauer/Documents/__Photos.nosync/Photos iCloud Sort/IMG_7728.JPG,False
5be3d3696c0b1486c9dddb8f7b166576551ffe4c36fc92fa47a687bc993b1050,/Users/annibauer/Documents/__Coding.nosync/PhotoAssistant/analysis_output/discarded_review/IMG_7729.JPG,/Users/annibauer/Documents/__Photos.nosync/Photos iCloud Sort/IMG_7729.JPG,True
5be3d3696c0b1486c9dddb8f7b166576551ffe4c36fc92fa47a687bc993b1050,/Users/annibauer/Documents/__Coding.nosync/PhotoAssistant/analysis_output/discarded_review/IMG_7729_1.JPG,/Users/annibauer/Documents/__Photos.nosync/Photos iCloud Sort/IMG_7729.JPG,False
d2ea22dac2a0e5a780ac364fb554e5f7001f0737cd754c7105c5e067e18d412e,/Users/annibauer/Documents/__Coding.nosync/PhotoAssistant/analysis_output/discarded_review/IMG_7730.JPG,/Users/annibauer/Documents/__Photos.nosync/Photos iCloud Sort/IMG_7730.JPG,True
d2ea22dac2a0e5a780ac364fb554e5f7001f0737cd754c7105c5e067e18d412e,/Users/annibauer/Documents/__Coding.nosync/PhotoAssistant/analysis_output/discarded_review/IMG_7730_1.JPG,/Users/annibauer/Documents/__Photos.nosync/Photos iCloud Sort/IMG_7730.JPG,False
c75138dc655f0101d024a2147ae9951ff5704371fc7c7e6ee7e53f9b62a94ac0,/Users/annibauer/Documents/__Coding.nosync/PhotoAssistant/analysis_output/discarded_review/IMG_7731.JPG,/Users/annibauer/Documents/__Photos.nosync/Photos iCloud Sort/IMG_7731.JPG,True
c75138dc655f0101d024a2147ae9951ff5704371fc7c7e6ee7e53f9b62a94ac0,/Users/annibauer/Documents/__Coding.nosync/PhotoAssistant/analysis_output/discarded_review/IMG_7731_1.JPG,/Users/annibauer/Documents/__Photos.nosync/Photos iCloud Sort/IMG_7731.JPG,False
a35a378165e96a892617da7c9e986631f46923de9f4f4fbd7c30b73adc781d47,/Users/annibauer/Documents/__Coding.nosync/PhotoAssistant/analysis_output/discarded_review/IMG_7732.JPG,/Users/annibauer/Documents/__Photos.nosync/Photos iCloud Sort/IMG_7732.JPG,True
a35a378165e96a892617da7c9e986631f46923de9f4f4fbd7c30b73adc781d47,/Users/annibauer/Documents/__Coding.nosync/PhotoAssistant/analysis_output/discarded_review/IMG_7732_1.JPG,/Users/annibauer/Documents/__Photos.nosync/Photos iCloud Sort/IMG_7732.JPG,False
d57f10d2878e585c2cc4297ef37cf3eaa39b793cca8b14e84729128dd2905e10,/Users/annibauer/Documents/__Coding.nosync/PhotoAssistant/analysis_output/discarded_review/IMG_7733.JPG,/Users/annibauer/Documents/__Photos.nosync/Photos iCloud Sort/IMG_7733.JPG,True
d57f10d2878e585c2cc4297ef37cf3eaa39b793cca8b14e84729128dd2905e10,/Users/annibauer/Documents/__Coding.nosync/PhotoAssistant/analysis_output/discarded_review/IMG_7733_1.JPG,/Users/annibauer/Documents/__Photos.nosync/Photos iCloud Sort/IMG_7733.JPG,False
8f78084eb3e8bbef9ca4943c4fa8efccfae61ea03af60095cdcf8837968f1d2f,/Users/annibauer/Documents/__Coding.nosync/PhotoAssistant/analysis_output/discarded_review/IMG_7735.JPG,/Users/annibauer/Documents/__Photos.nosync/Photos iCloud Sort/IMG_7735.JPG,True
8f78084eb3e8bbef9ca4943c4fa8efccfae61ea03af60095cdcf8837968f1d2f,/Users/annibauer/Documents/__Coding.nosync/PhotoAssistant/analysis_output/discarded_review/IMG_7735_1.JPG,/Users/annibauer/Documents/__Photos.nosync/Photos iCloud Sort/IMG_7735.JPG,False
5899da0ce02888868aa4563b9e0484c76898af3cbb0e2ff77ec58d11dca6cee2,/Users/annibauer/Documents/__Coding.nosync/PhotoAssistant/analysis_output/discarded_review/IMG_7740.JPG,/Users/annibauer/Documents/__Photos.nosync/Photos iCloud Sort/IMG_7740.JPG,True
5899da0ce02888868aa4563b9e0484c76898af3cbb0e2ff77ec58d11dca6cee2,/Users/annibauer/Documents/__Coding.nosync/PhotoAssistant/analysis_output/discarded_review/IMG_7740_1.JPG,/Users/annibauer/Documents/__Photos.nosync/Photos iCloud Sort/IMG_7740.JPG,False
97723b4ca6fa023e1424271f2d4a449282f414c506bf18970b036236f3c97d24,/Users/annibauer/Documents/__Coding.nosync/PhotoAssistant/analysis_output/discarded_review/IMG_7751.JPG,/Users/annibauer/Documents/__Photos.nosync/Photos iCloud Sort/IMG_7751.JPG,True
97723b4ca6fa023e1424271f2d4a449282f414c506bf18970b036236f3c97d24,/Users/annibauer/Documents/__Coding.nosync/PhotoAssistant/analysis_output/discarded_review/IMG_7751_1.JPG,/Users/annibauer/Documents/__Photos.nosync/Photos iCloud Sort/IMG_7751.JPG,False
97723b4ca6fa023e1424271f2d4a449282f414c506bf18970b036236f3c97d24,/Users/annibauer/Documents/__Coding.nosync/PhotoAssistant/analysis_output/discarded_review/IMG_7751_2.JPG,/Users/annibauer/Documents/__Photos.nosync/Photos iCloud Sort/IMG_7751.JPG,False
913ef7c0dd5f682e47cfb4c23879fd51b8e615822a7259c6ec80aed556e0f9ef,/Users/annibauer/Documents/__Coding.nosync/PhotoAssistant/analysis_output/discarded_review/IMG_7752.JPG,/Users/annibauer/Documents/__Photos.nosync/Photos iCloud Sort/IMG_7752.JPG,True
913ef7c0dd5f682e47cfb4c23879fd51b8e615822a7259c6ec80aed556e0f9ef,/Users/annibauer/Documents/__Coding.nosync/PhotoAssistant/analysis_output/discarded_review/IMG_7752_1.JPG,/Users/annibauer/Documents/__Photos.nosync/Photos iCloud Sort/IMG_7752.JPG,False
ad7ffd4182a1b25bab188720f28b0d0e099c036b3d1ea6b63dcf2941660edcce,/Users/annibauer/Documents/__Coding.nosync/PhotoAssistant/analysis_output/discarded_review/IMG_7754.JPG,/Users/annibauer/Documents/__Photos.nosync/Photos iCloud Sort/IMG_7754.JPG,True
ad7ffd4182a1b25bab188720f28b0d0e099c036b3d1ea6b63dcf2941660edcce,/Users/annibauer/Documents/__Coding.nosync/PhotoAssistant/analysis_output/discarded_review/IMG_7754_1.JPG,/Users/annibauer/Documents/__Photos.nosync/Photos iCloud Sort/IMG_7754.JPG,False
d7758f1b1dcd384346bea58cf04b80372d8c63f5a94c244782549eaa08edfb6c,/Users/annibauer/Documents/__Coding.nosync/PhotoAssistant/analysis_output/discarded_review/IMG_7755.JPG,/Users/annibauer/Documents/__Photos.nosync/Photos iCloud Sort/IMG_7755.JPG,True
d7758f1b1dcd384346bea58cf04b80372d8c63f5a94c244782549eaa08edfb6c,/Users/annibauer/Documents/__Coding.nosync/PhotoAssistant/analysis_output/discarded_review/IMG_7755_1.JPG,/Users/annibauer/Documents/__Photos.nosync/Photos iCloud Sort/IMG_7755.JPG,False
d307895f451fc114e04aa0cf2f3427ff3919a99df7ee19d9be76d92a97c44a0b,/Users/annibauer/Documents/__Coding.nosync/PhotoAssistant/analysis_output/discarded_review/IMG_7763.JPG,/Users/annibauer/Documents/__Photos.nosync/Photos iCloud Sort/IMG_7763.JPG,True
d307895f451fc114e04aa0cf2f3427ff3919a99df7ee19d9be76d92a97c44a0b,/Users/annibauer/Documents/__Coding.nosync/PhotoAssistant/analysis_output/discarded_review/IMG_7763_1.JPG,/Users/annibauer/Documents/__Photos.nosync/Photos iCloud Sort/IMG_7763.JPG,False
b78dd45e22e7ed2318c8511cabee65315e226e36de756e0411b9d0f12225033c,/Users/annibauer/Documents/__Coding.nosync/PhotoAssistant/analysis_output/discarded_review/IMG_7764.JPG,/Users/annibauer/Documents/__Photos.nosync/Photos iCloud Sort/IMG_7764.JPG,True
b78dd45e22e7ed2318c8511cabee65315e226e36de756e0411b9d0f12225033c,/Users/annibauer/Documents/__Coding.nosync/PhotoAssistant/analysis_output/discarded_review/IMG_7764_1.JPG,/Users/annibauer/Documents/__Photos.nosync/Photos iCloud Sort/IMG_7764.JPG,False
129fa1a523cf5fef0746aef413802c6c529dde8be4eab6764e6a7c87fad0ac0d,/Users/annibauer/Documents/__Coding.nosync/PhotoAssistant/analysis_output/discarded_review/IMG_7773.JPG,/Users/annibauer/Documents/__Photos.nosync/Photos iCloud Sort/IMG_7773.JPG,True
aa89e7d003cab34ff2560b0c362920dfddec7df441dfb875ee8f97c1ebce0b52,/Users/annibauer/Documents/__Coding.nosync/PhotoAssistant/analysis_output/discarded_review/IMG_7774.JPG,/Users/annibauer/Documents/__Photos.nosync/Photos iCloud Sort/IMG_7774.JPG,True
657ff405f6a18087970ddac0fb038703013a392aed919effd2251dce30ef0974,/Users/annibauer/Documents/__Coding.nosync/PhotoAssistant/analysis_output/discarded_review/IMG_7776.JPG,/Users/annibauer/Documents/__Photos.nosync/Photos iCloud Sort/IMG_7776.JPG,True
93485da07b2fd2d17017277747fc6290b164eb6553dcb4b7a979751faf0034b3,/Users/annibauer/Documents/__Coding.nosync/PhotoAssistant/analysis_output/discarded_review/IMG_7777.JPG,/Users/annibauer/Documents/__Photos.nosync/Photos iCloud Sort/IMG_7777.JPG,True
e82c6b91bc910a945ab8413f0d2fec186f5c7a4d5963c0e63a054675a75300f1,/Users/annibauer/Documents/__Coding.nosync/PhotoAssistant/analysis_output/discarded_review/IMG_7778.JPG,/Users/annibauer/Documents/__Photos.nosync/Photos iCloud Sort/IMG_7778.JPG,True
6339dfafc3260d54a7ef568bb4ba0e9742cfdb0e1e49c6ec29a91d58522396cc,/Users/annibauer/Documents/__Coding.nosync/PhotoAssistant/analysis_output/discarded_review/IMG_7779.JPG,/Users/annibauer/Documents/__Photos.nosync/Photos iCloud Sort/IMG_7779.JPG,True
4811f67608c676d276cac2d72458b4e504867aa716a307bac41a17a56a53edf0,/Users/annibauer/Documents/__Coding.nosync/PhotoAssistant/analysis_output/discarded_review/IMG_7782.PNG,/Users/annibauer/Documents/__Photos.nosync/Photos iCloud Sort/IMG_7782.PNG,True
eb11ca2ad45b6d7ed0839dbbac14f37df4aaccddcf967b3578b0cdb4f41b78a3,/Users/annibauer/Documents/__Coding.nosync/PhotoAssistant/analysis_output/discarded_review/IMG_7846.JPG,/Users/annibauer/Documents/__Photos.nosync/Photos iCloud Sort/IMG_7846.JPG,True
0ce4948ee249264710cf14e18ef4aa029a00b4309fbe18e9dde91890fe708d6e,/Users/annibauer/Documents/__Coding.nosync/PhotoAssistant/analysis_output/discarded_review/IMG_7847.JPG,/Users/annibauer/Documents/__Photos.nosync/Photos iCloud Sort/IMG_7847.JPG,True
2479ca914282a8ea0694902dc755fca8bb4a94c56043ff291cbe406d34c45a79,/Users/annibauer/Documents/__Coding.nosync/PhotoAssistant/analysis_output/discarded_review/IMG_7848.JPG,/Users/annibauer/Documents/__Photos.nosync/Photos iCloud Sort/IMG_7848.JPG,True
41407fe4a3d22eb1ad2b1c3e75a8a519ba5e2fa990470f4ba3b10af28043599b,/Users/annibauer/Documents/__Coding.nosync/PhotoAssistant/analysis_output/discarded_review/IMG_7849.JPG,/Users/annibauer/Documents/__Photos.nosync/Photos iCloud Sort/IMG_7849.JPG,True
556a48f8e4c8f3cc200d25aabb1da17fe92577eda54685ab527caaa40143023b,/Users/annibauer/Documents/__Coding.nosync/PhotoAssistant/analysis_output/discarded_review/IMG_7851.JPG,/Users/annibauer/Documents/__Photos.nosync/Photos iCloud Sort/IMG_7851.JPG,True
efceb6a82b989f69f66245cd012b51d7dc71543534c6ef0ef4147568b31aa2cd,/Users/annibauer/Documents/__Coding.nosync/PhotoAssistant/analysis_output/discarded_review/IMG_7856.JPG,/Users/annibauer/Documents/__Photos.nosync/Photos iCloud Sort/IMG_7856.JPG,True
ab4a3dbd8a6c7c20ba088bbf9d08c44cec3aae385e162a6f3647ab360c7386dd,/Users/annibauer/Documents/__Coding.nosync/PhotoAssistant/analysis_output/discarded_review/IMG_7857.JPG,/Users/annibauer/Documents/__Photos.nosync/Photos iCloud Sort/IMG_7857.JPG,True
cbc7f63f2bc0f3f642762cbd6f05e205ada270ed3f0fd7cfe6f9dcb0bb9f5f95,/Users/annibauer/Documents/__Coding.nosync/PhotoAssistant/analysis_output/discarded_review/IMG_7858.JPG,/Users/annibauer/Documents/__Photos.nosync/Photos iCloud Sort/IMG_7858.JPG,True
fed2e3bd914867bda5fb0d70f2598ca0d2463647d177344468eb28019e9730a2,/Users/annibauer/Documents/__Coding.nosync/PhotoAssistant/analysis_output/discarded_review/IMG_7865.JPG,/Users/annibauer/Documents/__Photos.nosync/Photos iCloud Sort/IMG_7865.JPG,True
d5f1323305ac8d8d3635b63fab7489c2831bf291d32ec9260559f360f24f092c,/Users/annibauer/Documents/__Coding.nosync/PhotoAssistant/analysis_output/discarded_review/IMG_7866.JPEG,/Users/annibauer/Documents/__Photos.nosync/Photos iCloud Sort/IMG_7866.JPEG,True
14239429a2a7c061388f7b9de2c022fcf6a0e037b7f0bcf6d94e88df2b96b0e0,/Users/annibauer/Documents/__Coding.nosync/PhotoAssistant/analysis_output/discarded_review/IMG_7867.JPG,/Users/annibauer/Documents/__Photos.nosync/Photos iCloud Sort/IMG_7867.JPG,True
463a9d8435d3c06af25d65b876443a079006c3c41649356404d3270ebde54e09,/Users/annibauer/Documents/__Coding.nosync/PhotoAssistant/analysis_output/discarded_review/IMG_7870.JPG,/Users/annibauer/Documents/__Photos.nosync/Photos iCloud Sort/IMG_7870.JPG,True
eb95b22c8537133a97b63b6e63ff5ee8dfb3c940fdd63c4a6ec64d5bb867ecb9,/Users/annibauer/Documents/__Coding.nosync/PhotoAssistant/analysis_output/discarded_review/IMG_7871.JPG,/Users/annibauer/Documents/__Photos.nosync/Photos iCloud Sort/IMG_7871.JPG,True
c7e1d9ce2870353a75dc9f4756dacd7ea0f27c549dea14c3a0870000654e1ee7,/Users/annibauer/Documents/__Coding.nosync/PhotoAssistant/analysis_output/discarded_review/IMG_7872.JPG,/Users/annibauer/Documents/__Photos.nosync/Photos iCloud Sort/IMG_7872.JPG,True
37b9c1267944e9ad9ab9302d2777e39bbfa88ac2b6c08bc03e05e4f4a3bf51b2,/Users/annibauer/Documents/__Coding.nosync/PhotoAssistant/analysis_output/discarded_review/IMG_7873.JPG,/Users/annibauer/Documents/__Photos.nosync/Photos iCloud Sort/IMG_7873.JPG,True
0284ef7d51a346465cc17d7fdc34de4b87b6f1290ca043c8a8620abced2ff0d2,/Users/annibauer/Documents/__Coding.nosync/PhotoAssistant/analysis_output/discarded_review/IMG_7874.JPG,/Users/annibauer/Documents/__Photos.nosync/Photos iCloud Sort/IMG_7874.JPG,True
fd74e19207d50db749d91faec3f2a7355aad2413e3560cfe3312750feed9cec9,/Users/annibauer/Documents/__Coding.nosync/PhotoAssistant/analysis_output/discarded_review/IMG_7875.JPG,/Users/annibauer/Documents/__Photos.nosync/Photos iCloud Sort/IMG_7875.JPG,True
2e66401ea20f964f91b2f5f35283d64af4957a3cf9930ccf32350c9660cf7c78,/Users/annibauer/Documents/__Coding.nosync/PhotoAssistant/analysis_output/discarded_review/IMG_7879.JPG,/Users/annibauer/Documents/__Photos.nosync/Photos iCloud Sort/IMG_7879.JPG,True
71852dba9fa554725978e5edba85e632826c4bfeb7f1ec986e185ac2856c8154,/Users/annibauer/Documents/__Coding.nosync/PhotoAssistant/analysis_output/discarded_review/IMG_7880.JPG,/Users/annibauer/Documents/__Photos.nosync/Photos iCloud Sort/IMG_7880.JPG,True
7064762a469ff819463277688233fd12ceeaf2e9789f2132a17f09a6b4ae7579,/Users/annibauer/Documents/__Coding.nosync/PhotoAssistant/analysis_output/discarded_review/IMG_7881.JPG,/Users/annibauer/Documents/__Photos.nosync/Photos iCloud Sort/IMG_7881.JPG,True
02202faf60504df06f71f7bae8e8b1b1d500e646cda12e84f6bc4743ec15be74,/Users/annibauer/Documents/__Coding.nosync/PhotoAssistant/analysis_output/discarded_review/IMG_7882.JPG,/Users/annibauer/Documents/__Photos.nosync/Photos iCloud Sort/IMG_7882.JPG,True
9471f00e6623ef7a03746d827c8b510ff469860b1a8255b8a0c2cf1d581d4eb9,/Users/annibauer/Documents/__Coding.nosync/PhotoAssistant/analysis_output/discarded_review/IMG_7883.JPG,/Users/annibauer/Documents/__Photos.nosync/Photos iCloud Sort/IMG_7883.JPG,True
3601df7f6d5e7eae00e38d4d60875eefe49ae3736f93eee7f988137bd51d4536,/Users/annibauer/Documents/__Coding.nosync/PhotoAssistant/analysis_output/discarded_review/IMG_7914.JPG,/Users/annibauer/Documents/__Photos.nosync/Photos iCloud Sort/IMG_7914.JPG,True
3d2ffadec4ec4d18d6bb375e9a7e8e6c0582813b9527cc825fea74f3032f004a,/Users/annibauer/Documents/__Coding.nosync/PhotoAssistant/analysis_output/discarded_review/IMG_7917.JPG,/Users/annibauer/Documents/__Photos.nosync/Photos iCloud Sort/IMG_7917.JPG,True
b28e2f0654de613785d43b9f4c69bf7b09fca667ab8965631d39bc94c2b63576,/Users/annibauer/Documents/__Coding.nosync/PhotoAssistant/analysis_output/discarded_review/IMG_7918.JPG,/Users/annibauer/Documents/__Photos.nosync/Photos iCloud Sort/IMG_7918.JPG,True
1b44b64f785c29b33734472b974d20208cc034da6b97f8e2d77af36dd21fda71,/Users/annibauer/Documents/__Coding.nosync/PhotoAssistant/analysis_output/discarded_review/IMG_7919.JPG,/Users/annibauer/Documents/__Photos.nosync/Photos iCloud Sort/IMG_7919.JPG,True
62b221654971bb227b8212ae18dd632ccf48989f3a20fecf1f92eb4c344f64ff,/Users/annibauer/Documents/__Coding.nosync/PhotoAssistant/analysis_output/discarded_review/IMG_7920.JPG,/Users/annibauer/Documents/__Photos.nosync/Photos iCloud Sort/IMG_7920.JPG,True
f5ca9db2af6940573092687cf5aeffb9903fad47779ffdf416bcc8f3983163a7,/Users/annibauer/Documents/__Coding.nosync/PhotoAssistant/analysis_output/discarded_review/IMG_7921.JPG,/Users/annibauer/Documents/__Photos.nosync/Photos iCloud Sort/IMG_7921.JPG,True
05288a0fce6edd4897a9d1f166798487c5057a5f63e845ff4cfb24a8207669a7,/Users/annibauer/Documents/__Coding.nosync/PhotoAssistant/analysis_output/discarded_review/IMG_7922.JPG,/Users/annibauer/Documents/__Photos.nosync/Photos iCloud Sort/IMG_7922.JPG,True
eb349eade5e073b893134df71ffbec57d354df0acd958562f869a510f1065dd8,/Users/annibauer/Documents/__Coding.nosync/PhotoAssistant/analysis_output/discarded_review/IMG_7923.JPG,/Users/annibauer/Documents/__Photos.nosync/Photos iCloud Sort/IMG_7923.JPG,True
57c0b7537450724c967e654bdb47cd40b7ed60ee2929cfbc0089295e1adc3989,/Users/annibauer/Documents/__Coding.nosync/PhotoAssistant/analysis_output/discarded_review/IMG_7927.JPG,/Users/annibauer/Documents/__Photos.nosync/Photos iCloud Sort/IMG_7927.JPG,True
02fc6facc0bb52080b6cd11707a93e0d35b696f83f33972b3012cb973f803e17,/Users/annibauer/Documents/__Coding.nosync/PhotoAssistant/analysis_output/discarded_review/IMG_7928.JPG,/Users/annibauer/Documents/__Photos.nosync/Photos iCloud Sort/IMG_7928.JPG,True
7ce1110b3b538d8f308630f662977c75b8c890a309400369282b35365309ade0,/Users/annibauer/Documents/__Coding.nosync/PhotoAssistant/analysis_output/discarded_review/IMG_7929.JPG,/Users/annibauer/Documents/__Photos.nosync/Photos iCloud Sort/IMG_7929.JPG,True
bb8253946acc0465e61206d55d480ac55e52526a9567e18883874c3d4e528928,/Users/annibauer/Documents/__Coding.nosync/PhotoAssistant/analysis_output/discarded_review/IMG_7931.JPG,/Users/annibauer/Documents/__Photos.nosync/Photos iCloud Sort/IMG_7931.JPG,True
e0cf2a64828226ed01495a0503fcc46c94fd0d4175dda1a343808ae8c6836bf1,/Users/annibauer/Documents/__Coding.nosync/PhotoAssistant/analysis_output/discarded_review/IMG_7932.JPG,/Users/annibauer/Documents/__Photos.nosync/Photos iCloud Sort/IMG_7932.JPG,True
01513847726010c19ee41a4e4efd667036b2c98985157ca06ed8eab296f32072,/Users/annibauer/Documents/__Coding.nosync/PhotoAssistant/analysis_output/discarded_review/IMG_7933.JPG,/Users/annibauer/Documents/__Photos.nosync/Photos iCloud Sort/IMG_7933.JPG,True
3a938e634ac02e56bd71cf2881d32620671e8ce77c51db18f2da3bb5cbff6045,/Users/annibauer/Documents/__Coding.nosync/PhotoAssistant/analysis_output/discarded_review/IMG_7934.JPG,/Users/annibauer/Documents/__Photos.nosync/Photos iCloud Sort/IMG_7934.JPG,True
2451d9d1e0980fc0c4440e95077fa92d42c7437d7f83d2d13f392283514cf2b9,/Users/annibauer/Documents/__Coding.nosync/PhotoAssistant/analysis_output/discarded_review/IMG_7937.JPG,/Users/annibauer/Documents/__Photos.nosync/Photos iCloud Sort/IMG_7937.JPG,True
09ea826b444928a0066854fca22ca65ca3c2fa6f7111f2d1edeff19ac213d0f7,/Users/annibauer/Documents/__Coding.nosync/PhotoAssistant/analysis_output/discarded_review/IMG_7938.JPG,/Users/annibauer/Documents/__Photos.nosync/Photos iCloud Sort/IMG_7938.JPG,True
4dcae0bd3baa61cb45d69065334eb45fa720aaee881b32b22d9d8591b3983a38,/Users/annibauer/Documents/__Coding.nosync/PhotoAssistant/analysis_output/discarded_review/IMG_7939.JPG,/Users/annibauer/Documents/__Photos.nosync/Photos iCloud Sort/IMG_7939.JPG,True
b1f6f25c68da1e723b66abba8e411c892495b45551e7283a86819647eb1aba05,/Users/annibauer/Documents/__Coding.nosync/PhotoAssistant/analysis_output/discarded_review/IMG_7940.JPG,/Users/annibauer/Documents/__Photos.nosync/Photos iCloud Sort/IMG_7940.JPG,True
5ee334e1bf02f8e95a540a32fddc5a251082990e083d883e1536c7b7ebcdfa82,/Users/annibauer/Documents/__Coding.nosync/PhotoAssistant/analysis_output/discarded_review/IMG_7941.JPG,/Users/annibauer/Documents/__Photos.nosync/Photos iCloud Sort/IMG_7941.JPG,True
f92622f35d0587be09407ce742fb0d50fc094978f16079b08726b43b0f4c54e5,/Users/annibauer/Documents/__Coding.nosync/PhotoAssistant/analysis_output/discarded_review/IMG_7946.PNG,/Users/annibauer/Documents/__Photos.nosync/Photos iCloud Sort/IMG_7946.PNG,True
0dc616ef5e695dd60218a65e8069a5fcf7d226a010e5b14a47a7321caf34e9aa,/Users/annibauer/Documents/__Coding.nosync/PhotoAssistant/analysis_output/discarded_review/IMG_7974.JPG,/Users/annibauer/Documents/__Photos.nosync/Photos iCloud Sort/IMG_7974.JPG,True
01afd71ddc79d2fbd35f706c7ff6260773c35feaf880bbb1abb1bffd4b89d4a0,/Users/annibauer/Documents/__Coding.nosync/PhotoAssistant/analysis_output/discarded_review/IMG_7985.JPG,/Users/annibauer/Documents/__Photos.nosync/Photos iCloud Sort/IMG_7985.JPG,True
6c8f6a2fba5678fc1d1b69a37c5532f734171dea3a32bc335dd1136b1646cb0a,/Users/annibauer/Documents/__Coding.nosync/PhotoAssistant/analysis_output/discarded_review/IMG_8074.JPG,/Users/annibauer/Documents/__Photos.nosync/Photos iCloud Sort/IMG_8074.JPG,True
dd46bbf60e8dbb3bf59058a265cdbc7f75b0a2f9b77953338871f7817b395648,/Users/annibauer/Documents/__Coding.nosync/PhotoAssistant/analysis_output/discarded_review/IMG_8095.JPG,/Users/annibauer/Documents/__Photos.nosync/Photos iCloud Sort/IMG_8095.JPG,True
9c40410acc62cea8c06a2cae43463fd7f4a2c6666e25451aecf0f5fbea893e9f,/Users/annibauer/Documents/__Coding.nosync/PhotoAssistant/analysis_output/discarded_review/IMG_8097.JPG,/Users/annibauer/Documents/__Photos.nosync/Photos iCloud Sort/IMG_8097.JPG,True
3baf5cd1f28596bb6af5247907b3e8aa89032aeeb242a54b4cf724a71d00cc7f,/Users/annibauer/Documents/__Coding.nosync/PhotoAssistant/analysis_output/discarded_review/IMG_8098.JPG,/Users/annibauer/Documents/__Photos.nosync/Photos iCloud Sort/IMG_8098.JPG,True
e6d5a1a92cba30ba9339690ffc77b2e4a6910ed26ca8e7c2d7489d5a51abaef1,/Users/annibauer/Documents/__Coding.nosync/PhotoAssistant/analysis_output/discarded_review/IMG_8102.JPG,/Users/annibauer/Documents/__Photos.nosync/Photos iCloud Sort/IMG_8102.JPG,True
408349afadf9d66e35eb5c77a08520e74e23c81d111d501e73ac793e6e426a5f,/Users/annibauer/Documents/__Coding.nosync/PhotoAssistant/analysis_output/discarded_review/IMG_8103.JPG,/Users/annibauer/Documents/__Photos.nosync/Photos iCloud Sort/IMG_8103.JPG,True
649a72c2fcd9b43ce38dbb1c65b3b5d305b3ff21c3e8faa90afec78be0cdda9d,/Users/annibauer/Documents/__Coding.nosync/PhotoAssistant/analysis_output/discarded_review/IMG_8105.JPG,/Users/annibauer/Documents/__Photos.nosync/Photos iCloud Sort/IMG_8105.JPG,True
053d4d7153855d1a961a40bad04a38d2c870f3796ecc57a284cf1393ce83f327,/Users/annibauer/Documents/__Coding.nosync/PhotoAssistant/analysis_output/discarded_review/IMG_8108.JPG,/Users/annibauer/Documents/__Photos.nosync/Photos iCloud Sort/IMG_8108.JPG,True
e7486980946544ef8070386ba6b5fef3ef2571cb81ec81427ea111f99a7560ac,/Users/annibauer/Documents/__Coding.nosync/PhotoAssistant/analysis_output/discarded_review/IMG_8113.JPG,/Users/annibauer/Documents/__Photos.nosync/Photos iCloud Sort/IMG_8113.JPG,True
5c558245c9fb2dbbaffd5c3aaec2ff2ecff859854a9b23d1f1e6bbbb4d95d275,/Users/annibauer/Documents/__Coding.nosync/PhotoAssistant/analysis_output/discarded_review/IMG_8117.JPG,/Users/annibauer/Documents/__Photos.nosync/Photos iCloud Sort/IMG_8117.JPG,True
d5afeffbda0d73ca62771f1f5f44b88ecad194ccae51d18d1f91d550311a3162,/Users/annibauer/Documents/__Coding.nosync/PhotoAssistant/analysis_output/discarded_review/IMG_8119.JPG,/Users/annibauer/Documents/__Photos.nosync/Photos iCloud Sort/IMG_8119.JPG,True
df3f5ea16f34af01cbc29327153664ac43d4e30dc6b787d60a3dae836b54f302,/Users/annibauer/Documents/__Coding.nosync/PhotoAssistant/analysis_output/discarded_review/IMG_8121.JPG,/Users/annibauer/Documents/__Photos.nosync/Photos iCloud Sort/IMG_8121.JPG,True
805e0667c053251ca501cc5db94527f8d77e70478ca047114306bda80b460917,/Users/annibauer/Documents/__Coding.nosync/PhotoAssistant/analysis_output/discarded_review/IMG_8122.JPG,/Users/annibauer/Documents/__Photos.nosync/Photos iCloud Sort/IMG_8122.JPG,True
b45e10671e66f6b35ce163b03a5d88ac5665c07e6166b78ce1e2dbab12f20714,/Users/annibauer/Documents/__Coding.nosync/PhotoAssistant/analysis_output/discarded_review/IMG_8133.JPG,/Users/annibauer/Documents/__Photos.nosync/Photos iCloud Sort/IMG_8133.JPG,True
39d8314f172e17eb41462922854f127f969937a9a3300200d123d3e9ff8389d9,/Users/annibauer/Documents/__Coding.nosync/PhotoAssistant/analysis_output/discarded_review/IMG_8135.JPG,/Users/annibauer/Documents/__Photos.nosync/Photos iCloud Sort/IMG_8135.JPG,True
12e5cd4d4e586b10e97d849f4883322116de32d5e21c7fa1e863fa8240c74478,/Users/annibauer/Documents/__Coding.nosync/PhotoAssistant/analysis_output/discarded_review/IMG_8136.JPG,/Users/annibauer/Documents/__Photos.nosync/Photos iCloud Sort/IMG_8136.JPG,True
25378eeaef057fc65a3451d30ced08099b48757316fb479752a531013c939e02,/Users/annibauer/Documents/__Coding.nosync/PhotoAssistant/analysis_output/discarded_review/IMG_8141.JPG,/Users/annibauer/Documents/__Photos.nosync/Photos iCloud Sort/IMG_8141.JPG,True
ad7ab7f81532b82ea08fce4f62d08a09becacfc2d85e7b204f129750880bd29b,/Users/annibauer/Documents/__Coding.nosync/PhotoAssistant/analysis_output/discarded_review/IMG_8143.JPG,/Users/annibauer/Documents/__Photos.nosync/Photos iCloud Sort/IMG_8143.JPG,True
91976d61ed40c405338ca47498ebdbf5d1cc77afa6626d2b65b755384bed77cc,/Users/annibauer/Documents/__Coding.nosync/PhotoAssistant/analysis_output/discarded_review/IMG_8145.JPG,/Users/annibauer/Documents/__Photos.nosync/Photos iCloud Sort/IMG_8145.JPG,True
cfa1cadd0aa349926a5474aec70d7e80fb3f0de45e22a2ba8fb0c92a601da91c,/Users/annibauer/Documents/__Coding.nosync/PhotoAssistant/analysis_output/discarded_review/IMG_8147.JPG,/Users/annibauer/Documents/__Photos.nosync/Photos iCloud Sort/IMG_8147.JPG,True
71d325c3eee1506695a024f2a9bec64ebc10851146225dc5f0d62bcb2caf3e4f,/Users/annibauer/Documents/__Coding.nosync/PhotoAssistant/analysis_output/discarded_review/IMG_8148.JPG,/Users/annibauer/Documents/__Photos.nosync/Photos iCloud Sort/IMG_8148.JPG,True
546dc9c835867040b2d0cf9ff5dc67220da392fde5958f12163818f657832a15,/Users/annibauer/Documents/__Coding.nosync/PhotoAssistant/analysis_output/discarded_review/IMG_8150.JPG,/Users/annibauer/Documents/__Photos.nosync/Photos iCloud Sort/IMG_8150.JPG,True
79efb30b8b1943b25a11b93d24865505100ac8d9219b2ba048b473cfad3ea368,/Users/annibauer/Documents/__Coding.nosync/PhotoAssistant/analysis_output/discarded_review/IMG_8154.JPG,/Users/annibauer/Documents/__Photos.nosync/Photos iCloud Sort/IMG_8154.JPG,True
447bfd43d4a945e24671dd7cafb5caba69264a1565e5cc37a49409d36ed86fa6,/Users/annibauer/Documents/__Coding.nosync/PhotoAssistant/analysis_output/discarded_review/IMG_8155.JPG,/Users/annibauer/Documents/__Photos.nosync/Photos iCloud Sort/IMG_8155.JPG,True
65ac32c4d6f83e92cb0243e51bad75657bcd24b4e1f949406688b3ebec1550a6,/Users/annibauer/Documents/__Coding.nosync/PhotoAssistant/analysis_output/discarded_review/IMG_8156.JPG,/Users/annibauer/Documents/__Photos.nosync/Photos iCloud Sort/IMG_8156.JPG,True
87f37d7d04fe465328b99bf62defc2895f34246dfdb75a5916c51fc64199f3cb,/Users/annibauer/Documents/__Coding.nosync/PhotoAssistant/analysis_output/discarded_review/IMG_8157.JPG,/Users/annibauer/Documents/__Photos.nosync/Photos iCloud Sort/IMG_8157.JPG,True
1e303d0d9ef91dcd5d3814436c041c10064aad6ad729f52925720bdf80ef3742,/Users/annibauer/Documents/__Coding.nosync/PhotoAssistant/analysis_output/discarded_review/IMG_8159.JPG,/Users/annibauer/Documents/__Photos.nosync/Photos iCloud Sort/IMG_8159.JPG,True
e5ca3da2deaee53729794a4f65029e90240d25c35bc7bbb2f6184e1102da229f,/Users/annibauer/Documents/__Coding.nosync/PhotoAssistant/analysis_output/discarded_review/IMG_8160.JPG,/Users/annibauer/Documents/__Photos.nosync/Photos iCloud Sort/IMG_8160.JPG,True
30a5f5af6e8ef192b4a4994e78d4058373b00b1434d6014f67a9c16ef7453a5b,/Users/annibauer/Documents/__Coding.nosync/PhotoAssistant/analysis_output/discarded_review/IMG_8166.JPG,/Users/annibauer/Documents/__Photos.nosync/Photos iCloud Sort/IMG_8166.JPG,True
5e0f539cb596c41e4b575cfc7f7e5d2a750ffd6f927af718c1e0be6bf50b0fa9,/Users/annibauer/Documents/__Coding.nosync/PhotoAssistant/analysis_output/discarded_review/IMG_8167.JPG,/Users/annibauer/Documents/__Photos.nosync/Photos iCloud Sort/IMG_8167.JPG,True
52cb1fe21b8219c4c2741f3b1abc1eb7c6d5c5b214d20508ba2cf98453232eaf,/Users/annibauer/Documents/__Coding.nosync/PhotoAssistant/analysis_output/discarded_review/IMG_8169.JPG,/Users/annibauer/Documents/__Photos.nosync/Photos iCloud Sort/IMG_8169.JPG,True
9f2fdb5e51386b64846c922edf43a2d434621060fa394632f4eca94729063662,/Users/annibauer/Documents/__Coding.nosync/PhotoAssistant/analysis_output/discarded_review/IMG_8170.JPG,/Users/annibauer/Documents/__Photos.nosync/Photos iCloud Sort/IMG_8170.JPG,True
ee5157aff9c0fa613f93434758f4e5da0cde1e89cd7f76c33343e27698bdb652,/Users/annibauer/Documents/__Coding.nosync/PhotoAssistant/analysis_output/discarded_review/IMG_8171.JPG,/Users/annibauer/Documents/__Photos.nosync/Photos iCloud Sort/IMG_8171.JPG,True
58babc0d002e69c31f0309cbf9930a54705edf7f73de26da36bc264818a5a2b6,/Users/annibauer/Documents/__Coding.nosync/PhotoAssistant/analysis_output/discarded_review/IMG_8177.JPG,/Users/annibauer/Documents/__Photos.nosync/Photos iCloud Sort/IMG_8177.JPG,True
6c31ec52c0c4e35024acacf9108ddaecc4d1a74127a66cead0881d95457016d9,/Users/annibauer/Documents/__Coding.nosync/PhotoAssistant/analysis_output/discarded_review/IMG_8235.JPG,/Users/annibauer/Documents/__Photos.nosync/Photos iCloud Sort/IMG_8235.JPG,True
fdd4bcaa81bc306ee9a0e2c2ad3aaaf4bdcec5df99729a873994bd0f0a1d9c86,/Users/annibauer/Documents/__Coding.nosync/PhotoAssistant/analysis_output/discarded_review/IMG_8249.JPG,/Users/annibauer/Documents/__Photos.nosync/Photos iCloud Sort/IMG_8249.JPG,True
5420396352a3974d3ee618e413e3aeae65f2000abc5b935d79a25f92e02a3a2b,/Users/annibauer/Documents/__Coding.nosync/PhotoAssistant/analysis_output/discarded_review/IMG_8251.JPG,/Users/annibauer/Documents/__Photos.nosync/Photos iCloud Sort/IMG_8251.JPG,True
c33694197e6917869b41371cb5ada7a664a12911e5f29678c8991516696c6c58,/Users/annibauer/Documents/__Coding.nosync/PhotoAssistant/analysis_output/discarded_review/IMG_8252.JPG,/Users/annibauer/Documents/__Photos.nosync/Photos iCloud Sort/IMG_8252.JPG,True
e3b3af4a91ba7e3f20d70ba5bdaede0d1cfa3d2430cdc641d7d2f9305f0fab27,/Users/annibauer/Documents/__Coding.nosync/PhotoAssistant/analysis_output/discarded_review/IMG_8253.JPG,/Users/annibauer/Documents/__Photos.nosync/Photos iCloud Sort/IMG_8253.JPG,True
b1e87488b491e8053954e26653cb827e1c23b61171ef6286be67eb1a5ace1fa5,/Users/annibauer/Documents/__Coding.nosync/PhotoAssistant/analysis_output/discarded_review/IMG_8254.JPG,/Users/annibauer/Documents/__Photos.nosync/Photos iCloud Sort/IMG_8254.JPG,True
68e51e3a0dd4f2b56e52f0b0f088f0315588f04d07678399053fd3270a40df3d,/Users/annibauer/Documents/__Coding.nosync/PhotoAssistant/analysis_output/discarded_review/IMG_9138.JPG,/Users/annibauer/Documents/__Photos.nosync/Photos iCloud Sort/IMG_9138.JPG,True
68e51e3a0dd4f2b56e52f0b0f088f0315588f04d07678399053fd3270a40df3d,/Users/annibauer/Documents/__Coding.nosync/PhotoAssistant/analysis_output/discarded_review/IMG_9138_1.JPG,/Users/annibauer/Documents/__Photos.nosync/Photos iCloud Sort/IMG_9138.JPG,False
36aa57e7ad1b2f48071992ab16b4d6215a3594bafb0a4e85c7f73fd0c08a7806,/Users/annibauer/Documents/__Coding.nosync/PhotoAssistant/analysis_output/discarded_review/IMG_9139.JPG,/Users/annibauer/Documents/__Photos.nosync/Photos iCloud Sort/IMG_9139.JPG,True
36aa57e7ad1b2f48071992ab16b4d6215a3594bafb0a4e85c7f73fd0c08a7806,/Users/annibauer/Documents/__Coding.nosync/PhotoAssistant/analysis_output/discarded_review/IMG_9139_1.JPG,/Users/annibauer/Documents/__Photos.nosync/Photos iCloud Sort/IMG_9139.JPG,False
bdebc8ca40efdb785cd8c576252556938754c2600ac546d188ff0fa884506dc7,/Users/annibauer/Documents/__Coding.nosync/PhotoAssistant/analysis_output/discarded_review/IMG_9140.JPG,/Users/annibauer/Documents/__Photos.nosync/Photos iCloud Sort/IMG_9140.JPG,True
bdebc8ca40efdb785cd8c576252556938754c2600ac546d188ff0fa884506dc7,/Users/annibauer/Documents/__Coding.nosync/PhotoAssistant/analysis_output/discarded_review/IMG_9140_1.JPG,/Users/annibauer/Documents/__Photos.nosync/Photos iCloud Sort/IMG_9140.JPG,False
98762295ba820e382022fbf02140393a4143cf649c62a01cab0b3a879600ac80,/Users/annibauer/Documents/__Coding.nosync/PhotoAssistant/analysis_output/discarded_review/IMG_9145.JPG,/Users/annibauer/Documents/__Photos.nosync/Photos iCloud Sort/IMG_9145.JPG,True
98762295ba820e382022fbf02140393a4143cf649c62a01cab0b3a879600ac80,/Users/annibauer/Documents/__Coding.nosync/PhotoAssistant/analysis_output/discarded_review/IMG_9145_1.JPG,/Users/annibauer/Documents/__Photos.nosync/Photos iCloud Sort/IMG_9145.JPG,False
2a9301de882556ed7c3242f8d81e7def05a9798ca65564ba106a2af69c8af0f2,/Users/annibauer/Documents/__Coding.nosync/PhotoAssistant/analysis_output/discarded_review/IMG_9146.JPG,/Users/annibauer/Documents/__Photos.nosync/Photos iCloud Sort/IMG_9146.JPG,True
2a9301de882556ed7c3242f8d81e7def05a9798ca65564ba106a2af69c8af0f2,/Users/annibauer/Documents/__Coding.nosync/PhotoAssistant/analysis_output/discarded_review/IMG_9146_1.JPG,/Users/annibauer/Documents/__Photos.nosync/Photos iCloud Sort/IMG_9146.JPG,False
dd9225de3f494a874741356af234f7f5e644fe7bf89507ad1b443cc47b4fbc7a,/Users/annibauer/Documents/__Coding.nosync/PhotoAssistant/analysis_output/discarded_review/IMG_9147.JPEG,/Users/annibauer/Documents/__Photos.nosync/Photos iCloud Sort/IMG_9147.JPEG,True
9a410f5e782d2c1334ff753c51fab04125cf43536008e6a9cdf573f234341db7,/Users/annibauer/Documents/__Coding.nosync/PhotoAssistant/analysis_output/discarded_review/IMG_9148.JPG,/Users/annibauer/Documents/__Photos.nosync/Photos iCloud Sort/IMG_9148.JPG,True
9a410f5e782d2c1334ff753c51fab04125cf43536008e6a9cdf573f234341db7,/Users/annibauer/Documents/__Coding.nosync/PhotoAssistant/analysis_output/discarded_review/IMG_9148_1.JPG,/Users/annibauer/Documents/__Photos.nosync/Photos iCloud Sort/IMG_9148.JPG,False
ef46c20c0e14d9524d3c15ce27bd66a3ffd702928173d694d159041f12799767,/Users/annibauer/Documents/__Coding.nosync/PhotoAssistant/analysis_output/discarded_review/IMG_9152.JPG,/Users/annibauer/Documents/__Photos.nosync/Photos iCloud Sort/IMG_9152.JPG,True
ef46c20c0e14d9524d3c15ce27bd66a3ffd702928173d694d159041f12799767,/Users/annibauer/Documents/__Coding.nosync/PhotoAssistant/analysis_output/discarded_review/IMG_9152_1.JPG,/Users/annibauer/Documents/__Photos.nosync/Photos iCloud Sort/IMG_9152.JPG,False
b5b13f725c41b84b5d715c8047cff513863979644a16781f2568bf589be6f0ab,/Users/annibauer/Documents/__Coding.nosync/PhotoAssistant/analysis_output/discarded_review/IMG_9154.JPG,/Users/annibauer/Documents/__Photos.nosync/Photos iCloud Sort/IMG_9154.JPG,True
b5b13f725c41b84b5d715c8047cff513863979644a16781f2568bf589be6f0ab,/Users/annibauer/Documents/__Coding.nosync/PhotoAssistant/analysis_output/discarded_review/IMG_9154_1.JPG,/Users/annibauer/Documents/__Photos.nosync/Photos iCloud Sort/IMG_9154.JPG,False
a83c80522da659caaf522fcf07778c103bf879535c81de691dda2e653ec59d9e,/Users/annibauer/Documents/__Coding.nosync/PhotoAssistant/analysis_output/discarded_review/IMG_9155.JPG,/Users/annibauer/Documents/__Photos.nosync/Photos iCloud Sort/IMG_9155.JPG,True
a83c80522da659caaf522fcf07778c103bf879535c81de691dda2e653ec59d9e,/Users/annibauer/Documents/__Coding.nosync/PhotoAssistant/analysis_output/discarded_review/IMG_9155_1.JPG,/Users/annibauer/Documents/__Photos.nosync/Photos iCloud Sort/IMG_9155.JPG,False
fa5d5d819c668ab4d49f78916bf6a6bf979e95abaaf89be33600dd36079bdd1b,/Users/annibauer/Documents/__Coding.nosync/PhotoAssistant/analysis_output/discarded_review/IMG_9158.JPG,/Users/annibauer/Documents/__Photos.nosync/Photos iCloud Sort/IMG_9158.JPG,True
fa5d5d819c668ab4d49f78916bf6a6bf979e95abaaf89be33600dd36079bdd1b,/Users/annibauer/Documents/__Coding.nosync/PhotoAssistant/analysis_output/discarded_review/IMG_9158_1.JPG,/Users/annibauer/Documents/__Photos.nosync/Photos iCloud Sort/IMG_9158.JPG,False
6e19edc83f203d8d80254eee1bcdc222786b8137dfade6122004698c72b6d02e,/Users/annibauer/Documents/__Coding.nosync/PhotoAssistant/analysis_output/discarded_review/IMG_9164.JPG,/Users/annibauer/Documents/__Photos.nosync/Photos iCloud Sort/IMG_9164.JPG,True
6e19edc83f203d8d80254eee1bcdc222786b8137dfade6122004698c72b6d02e,/Users/annibauer/Documents/__Coding.nosync/PhotoAssistant/analysis_output/discarded_review/IMG_9164_1.JPG,/Users/annibauer/Documents/__Photos.nosync/Photos iCloud Sort/IMG_9164.JPG,False
cf11c12099f2e6e75b343b68e66451d7f9c0b90d1751fc73dce88423a9b19f2c,/Users/annibauer/Documents/__Coding.nosync/PhotoAssistant/analysis_output/discarded_review/IMG_9171.JPG,/Users/annibauer/Documents/__Photos.nosync/Photos iCloud Sort/IMG_9171.JPG,True
cf11c12099f2e6e75b343b68e66451d7f9c0b90d1751fc73dce88423a9b19f2c,/Users/annibauer/Documents/__Coding.nosync/PhotoAssistant/analysis_output/discarded_review/IMG_9171_1.JPG,/Users/annibauer/Documents/__Photos.nosync/Photos iCloud Sort/IMG_9171.JPG,False
766e11a188b13c707ab3c3537a4694636cfc61e1c332412c662fb7adec5529d9,/Users/annibauer/Documents/__Coding.nosync/PhotoAssistant/analysis_output/discarded_review/IMG_9178.JPG,/Users/annibauer/Documents/__Photos.nosync/Photos iCloud Sort/IMG_9178.JPG,True
64d292d63ccc954bb5ca4d65adac3da843675c6e34913026c63489ce9cb4552d,/Users/annibauer/Documents/__Coding.nosync/PhotoAssistant/analysis_output/discarded_review/IMG_9191.JPG,/Users/annibauer/Documents/__Photos.nosync/Photos iCloud Sort/IMG_9191.JPG,True
64d292d63ccc954bb5ca4d65adac3da843675c6e34913026c63489ce9cb4552d,/Users/annibauer/Documents/__Coding.nosync/PhotoAssistant/analysis_output/discarded_review/IMG_9191_1.JPG,/Users/annibauer/Documents/__Photos.nosync/Photos iCloud Sort/IMG_9191.JPG,False
a5e4280beb01858fda33e25af63ca36023f0521031f8085466d4edc86dcbf677,/Users/annibauer/Documents/__Coding.nosync/PhotoAssistant/analysis_output/discarded_review/IMG_9193.JPG,/Users/annibauer/Documents/__Photos.nosync/Photos iCloud Sort/IMG_9193.JPG,True
a5e4280beb01858fda33e25af63ca36023f0521031f8085466d4edc86dcbf677,/Users/annibauer/Documents/__Coding.nosync/PhotoAssistant/analysis_output/discarded_review/IMG_9193_1.JPG,/Users/annibauer/Documents/__Photos.nosync/Photos iCloud Sort/IMG_9193.JPG,False
1bb050308ebf57f28eb3f66f5cc9aa426b8c358f0c5319654589f5841cc5e079,/Users/annibauer/Documents/__Coding.nosync/PhotoAssistant/analysis_output/discarded_review/IMG_9194.JPG,/Users/annibauer/Documents/__Photos.nosync/Photos iCloud Sort/IMG_9194.JPG,True
1bb050308ebf57f28eb3f66f5cc9aa426b8c358f0c5319654589f5841cc5e079,/Users/annibauer/Documents/__Coding.nosync/PhotoAssistant/analysis_output/discarded_review/IMG_9194_1.JPG,/Users/annibauer/Documents/__Photos.nosync/Photos iCloud Sort/IMG_9194.JPG,False
4b71119d39911d5a7b390dd97be1821c0c98f7f3da274ff9cb931c441b4d6713,/Users/annibauer/Documents/__Coding.nosync/PhotoAssistant/analysis_output/discarded_review/IMG_9196.JPG,/Users/annibauer/Documents/__Photos.nosync/Photos iCloud Sort/IMG_9196.JPG,True
4b71119d39911d5a7b390dd97be1821c0c98f7f3da274ff9cb931c441b4d6713,/Users/annibauer/Documents/__Coding.nosync/PhotoAssistant/analysis_output/discarded_review/IMG_9196_1.JPG,/Users/annibauer/Documents/__Photos.nosync/Photos iCloud Sort/IMG_9196.JPG,False
0ebfabc24b7d0e34f6db95bd80d589667e997998bc0555077d42c6320c7f4021,/Users/annibauer/Documents/__Coding.nosync/PhotoAssistant/analysis_output/discarded_review/IMG_9197.JPG,/Users/annibauer/Documents/__Photos.nosync/Photos iCloud Sort/IMG_9197.JPG,True
0ebfabc24b7d0e34f6db95bd80d589667e997998bc0555077d42c6320c7f4021,/Users/annibauer/Documents/__Coding.nosync/PhotoAssistant/analysis_output/discarded_review/IMG_9197_1.JPG,/Users/annibauer/Documents/__Photos.nosync/Photos iCloud Sort/IMG_9197.JPG,False
1ecba768dae96f107de4ecb0918e2d34eb7e32be80cb8351585f64ca750cc83f,/Users/annibauer/Documents/__Coding.nosync/PhotoAssistant/analysis_output/discarded_review/IMG_9198.JPG,/Users/annibauer/Documents/__Photos.nosync/Photos iCloud Sort/IMG_9198.JPG,True
1ecba768dae96f107de4ecb0918e2d34eb7e32be80cb8351585f64ca750cc83f,/Users/annibauer/Documents/__Coding.nosync/PhotoAssistant/analysis_output/discarded_review/IMG_9198_1.JPG,/Users/annibauer/Documents/__Photos.nosync/Photos iCloud Sort/IMG_9198.JPG,False
63f469db72fc33497089df9f57b811fdac07391d9385589163f529e7308b0fba,/Users/annibauer/Documents/__Coding.nosync/PhotoAssistant/analysis_output/discarded_review/IMG_9200.JPG,/Users/annibauer/Documents/__Photos.nosync/Photos iCloud Sort/IMG_9200.JPG,True
63f469db72fc33497089df9f57b811fdac07391d9385589163f529e7308b0fba,/Users/annibauer/Documents/__Coding.nosync/PhotoAssistant/analysis_output/discarded_review/IMG_9200_1.JPG,/Users/annibauer/Documents/__Photos.nosync/Photos iCloud Sort/IMG_9200.JPG,False
21c522812d43f6dc4968df1c4654b421d1170ee7ca80b96a3276a3b32f66e64c,/Users/annibauer/Documents/__Coding.nosync/PhotoAssistant/analysis_output/discarded_review/IMG_9201.JPG,/Users/annibauer/Documents/__Photos.nosync/Photos iCloud Sort/IMG_9201.JPG,True
21c522812d43f6dc4968df1c4654b421d1170ee7ca80b96a3276a3b32f66e64c,/Users/annibauer/Documents/__Coding.nosync/PhotoAssistant/analysis_output/discarded_review/IMG_9201_1.JPG,/Users/annibauer/Documents/__Photos.nosync/Photos iCloud Sort/IMG_9201.JPG,False
f69d648b333a8d7d88eff8e31ca846accb32e826dea749cde986c6ea7baa57ae,/Users/annibauer/Documents/__Coding.nosync/PhotoAssistant/analysis_output/discarded_review/IMG_9203.JPG,/Users/annibauer/Documents/__Photos.nosync/Photos iCloud Sort/IMG_9203.JPG,True
f69d648b333a8d7d88eff8e31ca846accb32e826dea749cde986c6ea7baa57ae,/Users/annibauer/Documents/__Coding.nosync/PhotoAssistant/analysis_output/discarded_review/IMG_9203_1.JPG,/Users/annibauer/Documents/__Photos.nosync/Photos iCloud Sort/IMG_9203.JPG,False
6e80638d53b19de5f4f8a2ddc7c9e60203c6d4c1a603acde5500bcf5b97c6b10,/Users/annibauer/Documents/__Coding.nosync/PhotoAssistant/analysis_output/discarded_review/IMG_9207.JPG,/Users/annibauer/Documents/__Photos.nosync/Photos iCloud Sort/IMG_9207.JPG,True
6e80638d53b19de5f4f8a2ddc7c9e60203c6d4c1a603acde5500bcf5b97c6b10,/Users/annibauer/Documents/__Coding.nosync/PhotoAssistant/analysis_output/discarded_review/IMG_9207_1.JPG,/Users/annibauer/Documents/__Photos.nosync/Photos iCloud Sort/IMG_9207.JPG,False
a282d7dbf3d7beb0b099ae18facf0b146f9d9163ad510a4a16a4fd07cb8b581f,/Users/annibauer/Documents/__Coding.nosync/PhotoAssistant/analysis_output/discarded_review/IMG_9209.JPG,/Users/annibauer/Documents/__Photos.nosync/Photos iCloud Sort/IMG_9209.JPG,True
a282d7dbf3d7beb0b099ae18facf0b146f9d9163ad510a4a16a4fd07cb8b581f,/Users/annibauer/Documents/__Coding.nosync/PhotoAssistant/analysis_output/discarded_review/IMG_9209_1.JPG,/Users/annibauer/Documents/__Photos.nosync/Photos iCloud Sort/IMG_9209.JPG,False
b72557cf72aaa425fa3fc24d604f30e435663997b452297c1a7960247505cf2c,/Users/annibauer/Documents/__Coding.nosync/PhotoAssistant/analysis_output/discarded_review/IMG_9218.JPG,/Users/annibauer/Documents/__Photos.nosync/Photos iCloud Sort/IMG_9218.JPG,True
b72557cf72aaa425fa3fc24d604f30e435663997b452297c1a7960247505cf2c,/Users/annibauer/Documents/__Coding.nosync/PhotoAssistant/analysis_output/discarded_review/IMG_9218_1.JPG,/Users/annibauer/Documents/__Photos.nosync/Photos iCloud Sort/IMG_9218.JPG,False
19c780aa17275685c23492635d3aefbc8a2a6d0b8a3fb6d4f8c57f6240908a3f,/Users/annibauer/Documents/__Coding.nosync/PhotoAssistant/analysis_output/discarded_review/IMG_9220.JPG,/Users/annibauer/Documents/__Photos.nosync/Photos iCloud Sort/IMG_9220.JPG,True
19c780aa17275685c23492635d3aefbc8a2a6d0b8a3fb6d4f8c57f6240908a3f,/Users/annibauer/Documents/__Coding.nosync/PhotoAssistant/analysis_output/discarded_review/IMG_9220_1.JPG,/Users/annibauer/Documents/__Photos.nosync/Photos iCloud Sort/IMG_9220.JPG,False
fc023d3b49761a3462c21ce6834308d6dbb232994739607f37958d07ef0a5791,/Users/annibauer/Documents/__Coding.nosync/PhotoAssistant/analysis_output/discarded_review/IMG_9221.JPG,/Users/annibauer/Documents/__Photos.nosync/Photos iCloud Sort/IMG_9221.JPG,True
fc023d3b49761a3462c21ce6834308d6dbb232994739607f37958d07ef0a5791,/Users/annibauer/Documents/__Coding.nosync/PhotoAssistant/analysis_output/discarded_review/IMG_9221_1.JPG,/Users/annibauer/Documents/__Photos.nosync/Photos iCloud Sort/IMG_9221.JPG,False
15d5476be299985c4fc9d3251a5c22deb3054b0c105b80286bf2561944f194e1,/Users/annibauer/Documents/__Coding.nosync/PhotoAssistant/analysis_output/discarded_review/IMG_9222.JPG,/Users/annibauer/Documents/__Photos.nosync/Photos iCloud Sort/IMG_9222.JPG,True
15d5476be299985c4fc9d3251a5c22deb3054b0c105b80286bf2561944f194e1,/Users/annibauer/Documents/__Coding.nosync/PhotoAssistant/analysis_output/discarded_review/IMG_9222_1.JPG,/Users/annibauer/Documents/__Photos.nosync/Photos iCloud Sort/IMG_9222.JPG,False
1c248bee972439ff213dc4c83372189e01ad246eb5c651c0cc573dc96ccbd2a5,/Users/annibauer/Documents/__Coding.nosync/PhotoAssistant/analysis_output/discarded_review/IMG_9225.JPG,/Users/annibauer/Documents/__Photos.nosync/Photos iCloud Sort/IMG_9225.JPG,True
1c248bee972439ff213dc4c83372189e01ad246eb5c651c0cc573dc96ccbd2a5,/Users/annibauer/Documents/__Coding.nosync/PhotoAssistant/analysis_output/discarded_review/IMG_9225_1.JPG,/Users/annibauer/Documents/__Photos.nosync/Photos iCloud Sort/IMG_9225.JPG,False
0f270bfba8df291751cad673ec1f98db91c79c1bf36e791ab0c37feeda566b61,/Users/annibauer/Documents/__Coding.nosync/PhotoAssistant/analysis_output/discarded_review/IMG_9227.JPG,/Users/annibauer/Documents/__Photos.nosync/Photos iCloud Sort/IMG_9227.JPG,True
0f270bfba8df291751cad673ec1f98db91c79c1bf36e791ab0c37feeda566b61,/Users/annibauer/Documents/__Coding.nosync/PhotoAssistant/analysis_output/discarded_review/IMG_9227_1.JPG,/Users/annibauer/Documents/__Photos.nosync/Photos iCloud Sort/IMG_9227.JPG,False
0c58c0173ae9a2b7057208aac60b49e6b29915a0d5be5339629788a88b3d911a,/Users/annibauer/Documents/__Coding.nosync/PhotoAssistant/analysis_output/discarded_review/IMG_9231.JPG,/Users/annibauer/Documents/__Photos.nosync/Photos iCloud Sort/IMG_9231.JPG,True
0c58c0173ae9a2b7057208aac60b49e6b29915a0d5be5339629788a88b3d911a,/Users/annibauer/Documents/__Coding.nosync/PhotoAssistant/analysis_output/discarded_review/IMG_9231_1.JPG,/Users/annibauer/Documents/__Photos.nosync/Photos iCloud Sort/IMG_9231.JPG,False
a3c8ac43e880bd9edeb41cb01367a479a42b3d7a53a5c1974112c3a26416e239,/Users/annibauer/Documents/__Coding.nosync/PhotoAssistant/analysis_output/discarded_review/IMG_9232.JPG,/Users/annibauer/Documents/__Photos.nosync/Photos iCloud Sort/IMG_9232.JPG,True
a3c8ac43e880bd9edeb41cb01367a479a42b3d7a53a5c1974112c3a26416e239,/Users/annibauer/Documents/__Coding.nosync/PhotoAssistant/analysis_output/discarded_review/IMG_9232_1.JPG,/Users/annibauer/Documents/__Photos.nosync/Photos iCloud Sort/IMG_9232.JPG,False
6cf50dd6750cb6b1697a25425b327941c99269546ae00d9972b0fd45dd801e76,/Users/annibauer/Documents/__Coding.nosync/PhotoAssistant/analysis_output/discarded_review/IMG_9233.JPG,/Users/annibauer/Documents/__Photos.nosync/Photos iCloud Sort/IMG_9233.JPG,True
6cf50dd6750cb6b1697a25425b327941c99269546ae00d9972b0fd45dd801e76,/Users/annibauer/Documents/__Coding.nosync/PhotoAssistant/analysis_output/discarded_review/IMG_9233_1.JPG,/Users/annibauer/Documents/__Photos.nosync/Photos iCloud Sort/IMG_9233.JPG,False
03a071da4600b99cef6ef5bdfb865cd904e34fae390a2e947161759650c83284,/Users/annibauer/Documents/__Coding.nosync/PhotoAssistant/analysis_output/discarded_review/IMG_9234.JPG,/Users/annibauer/Documents/__Photos.nosync/Photos iCloud Sort/IMG_9234.JPG,True
03a071da4600b99cef6ef5bdfb865cd904e34fae390a2e947161759650c83284,/Users/annibauer/Documents/__Coding.nosync/PhotoAssistant/analysis_output/discarded_review/IMG_9234_1.JPG,/Users/annibauer/Documents/__Photos.nosync/Photos iCloud Sort/IMG_9234.JPG,False
f252a3492bdb2d1b47a5a011cdcb4a505e324866aef4a43ee945f8a293a7fd24,/Users/annibauer/Documents/__Coding.nosync/PhotoAssistant/analysis_output/discarded_review/IMG_9236.JPG,/Users/annibauer/Documents/__Photos.nosync/Photos iCloud Sort/IMG_9236.JPG,True
f252a3492bdb2d1b47a5a011cdcb4a505e324866aef4a43ee945f8a293a7fd24,/Users/annibauer/Documents/__Coding.nosync/PhotoAssistant/analysis_output/discarded_review/IMG_9236_1.JPG,/Users/annibauer/Documents/__Photos.nosync/Photos iCloud Sort/IMG_9236.JPG,False
aa30c668a29f3fad909f3f0fd5ccdf2531900d42edff18ec18332607dc976d70,/Users/annibauer/Documents/__Coding.nosync/PhotoAssistant/analysis_output/discarded_review/IMG_9240.JPG,/Users/annibauer/Documents/__Photos.nosync/Photos iCloud Sort/IMG_9240.JPG,True
aa30c668a29f3fad909f3f0fd5ccdf2531900d42edff18ec18332607dc976d70,/Users/annibauer/Documents/__Coding.nosync/PhotoAssistant/analysis_output/discarded_review/IMG_9240_1.JPG,/Users/annibauer/Documents/__Photos.nosync/Photos iCloud Sort/IMG_9240.JPG,False
ccabefad4e8760bec1a839903b980b2646e3eadaa0d1c7e945f4239b2b6c5845,/Users/annibauer/Documents/__Coding.nosync/PhotoAssistant/analysis_output/discarded_review/IMG_9276.JPG,/Users/annibauer/Documents/__Photos.nosync/Photos iCloud Sort/IMG_9276.JPG,True
ccabefad4e8760bec1a839903b980b2646e3eadaa0d1c7e945f4239b2b6c5845,/Users/annibauer/Documents/__Coding.nosync/PhotoAssistant/analysis_output/discarded_review/IMG_9276_1.JPG,/Users/annibauer/Documents/__Photos.nosync/Photos iCloud Sort/IMG_9276.JPG,False
64d1aae255486b3b0315b1c26b10b54df95c443a5d844359f9c9ec03aad1b0a9,/Users/annibauer/Documents/__Coding.nosync/PhotoAssistant/analysis_output/discarded_review/IMG_9302.JPG,/Users/annibauer/Documents/__Photos.nosync/Photos iCloud Sort/IMG_9302.JPG,True
e54537cfe2e941b22cf3d8b0aa2e750e45500316dd3f5f5ab9ac7212ae4e4fb3,/Users/annibauer/Documents/__Coding.nosync/PhotoAssistant/analysis_output/discarded_review/IMG_9305.JPG,/Users/annibauer/Documents/__Photos.nosync/Photos iCloud Sort/IMG_9305.JPG,True
574f95b429b3530650f4aa6ef2f2a85d320b792e0811c127109bc62c9389daea,/Users/annibauer/Documents/__Coding.nosync/PhotoAssistant/analysis_output/discarded_review/IMG_9307.JPG,/Users/annibauer/Documents/__Photos.nosync/Photos iCloud Sort/IMG_9307.JPG,True
b1d8a4cd27cc02fa53909d571d2e07d3300263dc13905259840e96c2a1aea63b,/Users/annibauer/Documents/__Coding.nosync/PhotoAssistant/analysis_output/discarded_review/IMG_9310.JPG,/Users/annibauer/Documents/__Photos.nosync/Photos iCloud Sort/IMG_9310.JPG,True
ee210a48c5a7e3523aab9de889c71754c53833bd770a4c9d49c8f6aa32e01127,/Users/annibauer/Documents/__Coding.nosync/PhotoAssistant/analysis_output/discarded_review/IMG_9312.JPG,/Users/annibauer/Documents/__Photos.nosync/Photos iCloud Sort/IMG_9312.JPG,True
8ac662bb93acbb57dba4ba28c2cc4122297c93da5197e4ee3d32514cf363b4c4,/Users/annibauer/Documents/__Coding.nosync/PhotoAssistant/analysis_output/discarded_review/IMG_9347.JPG,/Users/annibauer/Documents/__Photos.nosync/Photos iCloud Sort/IMG_9347.JPG,True
0eea18944430ab129316130e77d49ac6173a62011bca9560164c0906fead7556,/Users/annibauer/Documents/__Coding.nosync/PhotoAssistant/analysis_output/discarded_review/IMG_9348.JPG,/Users/annibauer/Documents/__Photos.nosync/Photos iCloud Sort/IMG_9348.JPG,True
f72161f6cbd57d2def301b2d8e04b9f0d9708fbf0360c1822a31f8868104496d,/Users/annibauer/Documents/__Coding.nosync/PhotoAssistant/analysis_output/discarded_review/IMG_9350.JPG,/Users/annibauer/Documents/__Photos.nosync/Photos iCloud Sort/IMG_9350.JPG,True
bdbb632bcb315f2f1678f3af2cd02bf025ba31ac0d8ae1fe8b3d1b00c258c351,/Users/annibauer/Documents/__Coding.nosync/PhotoAssistant/analysis_output/discarded_review/IMG_9354.JPG,/Users/annibauer/Documents/__Photos.nosync/Photos iCloud Sort/IMG_9354.JPG,True
f2d243a30645a349c129b3d9c41dc70bd54bde153e21e84c28950b07c5d43d61,/Users/annibauer/Documents/__Coding.nosync/PhotoAssistant/analysis_output/discarded_review/IMG_9356.JPG,/Users/annibauer/Documents/__Photos.nosync/Photos iCloud Sort/IMG_9356.JPG,True
6067a1f997b601b7fbbdde21ca9f10b02dc6d0e32fc183fbf348b60a7a0f17cf,/Users/annibauer/Documents/__Coding.nosync/PhotoAssistant/analysis_output/discarded_review/IMG_9357.JPEG,/Users/annibauer/Documents/__Photos.nosync/Photos iCloud Sort/IMG_9357.JPEG,True
fb61d6f23c685bceee06ae2148659dc1fe830f9605ad9c36e9109fad8ef7cc97,/Users/annibauer/Documents/__Coding.nosync/PhotoAssistant/analysis_output/discarded_review/IMG_9368.JPG,/Users/annibauer/Documents/__Photos.nosync/Photos iCloud Sort/IMG_9368.JPG,True
20bfca43f55766779a78bf5ac35a13e5a7e2be67fbc866cb5ccec35374c52ea0,/Users/annibauer/Documents/__Coding.nosync/PhotoAssistant/analysis_output/discarded_review/IMG_9369.JPG,/Users/annibauer/Documents/__Photos.nosync/Photos iCloud Sort/IMG_9369.JPG,True
db9227c173fb23768df135908017a50e29f6af96dacbcd8a1bed2f5443f2f3bf,/Users/annibauer/Documents/__Coding.nosync/PhotoAssistant/analysis_output/discarded_review/IMG_9371.JPG,/Users/annibauer/Documents/__Photos.nosync/Photos iCloud Sort/IMG_9371.JPG,True
796a0a057ddd8793348df1d5bfb26802818e7dda9087e0c40c1438ffebfae2cd,/Users/annibauer/Documents/__Coding.nosync/PhotoAssistant/analysis_output/discarded_review/IMG_9373.JPG,/Users/annibauer/Documents/__Photos.nosync/Photos iCloud Sort/IMG_9373.JPG,True
338c87f47595bf815f927fd9536c8a61a3b855fdc9753b080a3ff9b6dd579916,/Users/annibauer/Documents/__Coding.nosync/PhotoAssistant/analysis_output/discarded_review/IMG_9379.JPG,/Users/annibauer/Documents/__Photos.nosync/Photos iCloud Sort/IMG_9379.JPG,True
a06ded2f30f94f939b8407967dfd464a23170b13737b4f0f297b05f39d1859dd,/Users/annibauer/Documents/__Coding.nosync/PhotoAssistant/analysis_output/discarded_review/IMG_9383.JPG,/Users/annibauer/Documents/__Photos.nosync/Photos iCloud Sort/IMG_9383.JPG,True
a06ded2f30f94f939b8407967dfd464a23170b13737b4f0f297b05f39d1859dd,/Users/annibauer/Documents/__Coding.nosync/PhotoAssistant/analysis_output/discarded_review/IMG_9383_1.JPG,/Users/annibauer/Documents/__Photos.nosync/Photos iCloud Sort/IMG_9383.JPG,False
9a90df3061bb66a5380951107a5f6671a9d3b04d29d7701dc2d589b05299e7de,/Users/annibauer/Documents/__Coding.nosync/PhotoAssistant/analysis_output/discarded_review/IMG_9384.JPG,/Users/annibauer/Documents/__Photos.nosync/Photos iCloud Sort/IMG_9384.JPG,True
9a90df3061bb66a5380951107a5f6671a9d3b04d29d7701dc2d589b05299e7de,/Users/annibauer/Documents/__Coding.nosync/PhotoAssistant/analysis_output/discarded_review/IMG_9384_1.JPG,/Users/annibauer/Documents/__Photos.nosync/Photos iCloud Sort/IMG_9384.JPG,False
ce01f159d10ca434b4ecb60d022a64cd069d10a095aed25a894b0f5bba13d5c1,/Users/annibauer/Documents/__Coding.nosync/PhotoAssistant/analysis_output/discarded_review/IMG_9385.JPG,/Users/annibauer/Documents/__Photos.nosync/Photos iCloud Sort/IMG_9385.JPG,True
ce01f159d10ca434b4ecb60d022a64cd069d10a095aed25a894b0f5bba13d5c1,/Users/annibauer/Documents/__Coding.nosync/PhotoAssistant/analysis_output/discarded_review/IMG_9385_1.JPG,/Users/annibauer/Documents/__Photos.nosync/Photos iCloud Sort/IMG_9385.JPG,False
db5d5cdf5a60f164c2580fc84205a578b944429358117b1b2e42db99f0e39cf9,/Users/annibauer/Documents/__Coding.nosync/PhotoAssistant/analysis_output/discarded_review/IMG_9386.JPG,/Users/annibauer/Documents/__Photos.nosync/Photos iCloud Sort/IMG_9386.JPG,True
db5d5cdf5a60f164c2580fc84205a578b944429358117b1b2e42db99f0e39cf9,/Users/annibauer/Documents/__Coding.nosync/PhotoAssistant/analysis_output/discarded_review/IMG_9386_1.JPG,/Users/annibauer/Documents/__Photos.nosync/Photos iCloud Sort/IMG_9386.JPG,False
ad585a9e213c6e28b568750484d92b2a4aa3d954ffdf5feeb0a6fdbccb6efdcc,/Users/annibauer/Documents/__Coding.nosync/PhotoAssistant/analysis_output/discarded_review/IMG_9387.JPG,/Users/annibauer/Documents/__Photos.nosync/Photos iCloud Sort/IMG_9387.JPG,True
ad585a9e213c6e28b568750484d92b2a4aa3d954ffdf5feeb0a6fdbccb6efdcc,/Users/annibauer/Documents/__Coding.nosync/PhotoAssistant/analysis_output/discarded_review/IMG_9387_1.JPG,/Users/annibauer/Documents/__Photos.nosync/Photos iCloud Sort/IMG_9387.JPG,False
096d931f74972e6ae363ec064c67217d8e308f20bece2d0c4b9ee558b0ffb39b,/Users/annibauer/Documents/__Coding.nosync/PhotoAssistant/analysis_output/discarded_review/IMG_9388.JPG,/Users/annibauer/Documents/__Photos.nosync/Photos iCloud Sort/IMG_9388.JPG,True
096d931f74972e6ae363ec064c67217d8e308f20bece2d0c4b9ee558b0ffb39b,/Users/annibauer/Documents/__Coding.nosync/PhotoAssistant/analysis_output/discarded_review/IMG_9388_1.JPG,/Users/annibauer/Documents/__Photos.nosync/Photos iCloud Sort/IMG_9388.JPG,False
43edd450e6d489b5dbd64a4bce458e29eff41024cdd7057ec678ba9d8396170a,/Users/annibauer/Documents/__Coding.nosync/PhotoAssistant/analysis_output/discarded_review/IMG_9389.JPG,/Users/annibauer/Documents/__Photos.nosync/Photos iCloud Sort/IMG_9389.JPG,True
43edd450e6d489b5dbd64a4bce458e29eff41024cdd7057ec678ba9d8396170a,/Users/annibauer/Documents/__Coding.nosync/PhotoAssistant/analysis_output/discarded_review/IMG_9389_1.JPG,/Users/annibauer/Documents/__Photos.nosync/Photos iCloud Sort/IMG_9389.JPG,False
0f573eacf4d9cbb7f8121623e4810a53ccb0272c3cbaaf9f329191d5ea1d645c,/Users/annibauer/Documents/__Coding.nosync/PhotoAssistant/analysis_output/discarded_review/IMG_9390.JPG,/Users/annibauer/Documents/__Photos.nosync/Photos iCloud Sort/IMG_9390.JPG,True
0f573eacf4d9cbb7f8121623e4810a53ccb0272c3cbaaf9f329191d5ea1d645c,/Users/annibauer/Documents/__Coding.nosync/PhotoAssistant/analysis_output/discarded_review/IMG_9390_1.JPG,/Users/annibauer/Documents/__Photos.nosync/Photos iCloud Sort/IMG_9390.JPG,False
1ac259dc2ac287ffb736d17e45c1c55b9cd0a024f0f046da5ad3afd0919929b9,/Users/annibauer/Documents/__Coding.nosync/PhotoAssistant/analysis_output/discarded_review/IMG_9391.JPG,/Users/annibauer/Documents/__Photos.nosync/Photos iCloud Sort/IMG_9391.JPG,True
1ac259dc2ac287ffb736d17e45c1c55b9cd0a024f0f046da5ad3afd0919929b9,/Users/annibauer/Documents/__Coding.nosync/PhotoAssistant/analysis_output/discarded_review/IMG_9391_1.JPG,/Users/annibauer/Documents/__Photos.nosync/Photos iCloud Sort/IMG_9391.JPG,False
b7e5cf6048559fa189571cf354b635f6ae756be25c8f90bfe1c4b2bbc6b92440,/Users/annibauer/Documents/__Coding.nosync/PhotoAssistant/analysis_output/discarded_review/IMG_9392.JPG,/Users/annibauer/Documents/__Photos.nosync/Photos iCloud Sort/IMG_9392.JPG,True
b7e5cf6048559fa189571cf354b635f6ae756be25c8f90bfe1c4b2bbc6b92440,/Users/annibauer/Documents/__Coding.nosync/PhotoAssistant/analysis_output/discarded_review/IMG_9392_1.JPG,/Users/annibauer/Documents/__Photos.nosync/Photos iCloud Sort/IMG_9392.JPG,False
7a6587edeb6fa5030dacbe6d7658e5faa8deeeb05df0d4fbab4eef879e81cf54,/Users/annibauer/Documents/__Coding.nosync/PhotoAssistant/analysis_output/discarded_review/IMG_9394.JPG,/Users/annibauer/Documents/__Photos.nosync/Photos iCloud Sort/IMG_9394.JPG,True
7a6587edeb6fa5030dacbe6d7658e5faa8deeeb05df0d4fbab4eef879e81cf54,/Users/annibauer/Documents/__Coding.nosync/PhotoAssistant/analysis_output/discarded_review/IMG_9394_1.JPG,/Users/annibauer/Documents/__Photos.nosync/Photos iCloud Sort/IMG_9394.JPG,False
8738eff2f15f64b440796389cb6eb11d3b6b1eb5416e4f0fb13bc6cf5d6035a9,/Users/annibauer/Documents/__Coding.nosync/PhotoAssistant/analysis_output/discarded_review/IMG_9396.JPG,/Users/annibauer/Documents/__Photos.nosync/Photos iCloud Sort/IMG_9396.JPG,True
8738eff2f15f64b440796389cb6eb11d3b6b1eb5416e4f0fb13bc6cf5d6035a9,/Users/annibauer/Documents/__Coding.nosync/PhotoAssistant/analysis_output/discarded_review/IMG_9396_1.JPG,/Users/annibauer/Documents/__Photos.nosync/Photos iCloud Sort/IMG_9396.JPG,False
f4c195df19b7c1775554c8d3da55ad57ba632038162fa39430e7fe48777cfdd3,/Users/annibauer/Documents/__Coding.nosync/PhotoAssistant/analysis_output/discarded_review/IMG_9397.JPG,/Users/annibauer/Documents/__Photos.nosync/Photos iCloud Sort/IMG_9397.JPG,True
f4c195df19b7c1775554c8d3da55ad57ba632038162fa39430e7fe48777cfdd3,/Users/annibauer/Documents/__Coding.nosync/PhotoAssistant/analysis_output/discarded_review/IMG_9397_1.JPG,/Users/annibauer/Documents/__Photos.nosync/Photos iCloud Sort/IMG_9397.JPG,False
0715e9186123606225ecbd0ae5848bd2a8b27097d96cbeef24c574ac5416f501,/Users/annibauer/Documents/__Coding.nosync/PhotoAssistant/analysis_output/discarded_review/IMG_9398.JPG,/Users/annibauer/Documents/__Photos.nosync/Photos iCloud Sort/IMG_9398.JPG,True
0715e9186123606225ecbd0ae5848bd2a8b27097d96cbeef24c574ac5416f501,/Users/annibauer/Documents/__Coding.nosync/PhotoAssistant/analysis_output/discarded_review/IMG_9398_1.JPG,/Users/annibauer/Documents/__Photos.nosync/Photos iCloud Sort/IMG_9398.JPG,False
dd1ec6e9a51eabf6dc6d690184e97ff2346a3152088c37c0f401d798d1162dc5,/Users/annibauer/Documents/__Coding.nosync/PhotoAssistant/analysis_output/discarded_review/IMG_9413.JPG,/Users/annibauer/Documents/__Photos.nosync/Photos iCloud Sort/IMG_9413.JPG,True
dd1ec6e9a51eabf6dc6d690184e97ff2346a3152088c37c0f401d798d1162dc5,/Users/annibauer/Documents/__Coding.nosync/PhotoAssistant/analysis_output/discarded_review/IMG_9413_1.JPG,/Users/annibauer/Documents/__Photos.nosync/Photos iCloud Sort/IMG_9413.JPG,False
255fe662dfa855185ab2d9430dd18d73350c89a515b023f5ead52492c83a33d1,/Users/annibauer/Documents/__Coding.nosync/PhotoAssistant/analysis_output/discarded_review/IMG_9414.JPG,/Users/annibauer/Documents/__Photos.nosync/Photos iCloud Sort/IMG_9414.JPG,True
255fe662dfa855185ab2d9430dd18d73350c89a515b023f5ead52492c83a33d1,/Users/annibauer/Documents/__Coding.nosync/PhotoAssistant/analysis_output/discarded_review/IMG_9414_1.JPG,/Users/annibauer/Documents/__Photos.nosync/Photos iCloud Sort/IMG_9414.JPG,False
5e454bb655e6b77c4edd1fe1bdcac1f4bd9e8dc542269a2d7a63e130aa5bfc05,/Users/annibauer/Documents/__Coding.nosync/PhotoAssistant/analysis_output/discarded_review/IMG_9415.JPG,/Users/annibauer/Documents/__Photos.nosync/Photos iCloud Sort/IMG_9415.JPG,True
5e454bb655e6b77c4edd1fe1bdcac1f4bd9e8dc542269a2d7a63e130aa5bfc05,/Users/annibauer/Documents/__Coding.nosync/PhotoAssistant/analysis_output/discarded_review/IMG_9415_1.JPG,/Users/annibauer/Documents/__Photos.nosync/Photos iCloud Sort/IMG_9415.JPG,False
0bca9acf204104f499fea0041cfec0639459a237ba8273a2da2e1fceef9075dc,/Users/annibauer/Documents/__Coding.nosync/PhotoAssistant/analysis_output/discarded_review/IMG_9417.JPG,/Users/annibauer/Documents/__Photos.nosync/Photos iCloud Sort/IMG_9417.JPG,True
0bca9acf204104f499fea0041cfec0639459a237ba8273a2da2e1fceef9075dc,/Users/annibauer/Documents/__Coding.nosync/PhotoAssistant/analysis_output/discarded_review/IMG_9417_1.JPG,/Users/annibauer/Documents/__Photos.nosync/Photos iCloud Sort/IMG_9417.JPG,False
46663fdb076814071ace9374dfdb831227be5985254cda40e1b4432dfd8abafb,/Users/annibauer/Documents/__Coding.nosync/PhotoAssistant/analysis_output/discarded_review/IMG_9418.JPG,/Users/annibauer/Documents/__Photos.nosync/Photos iCloud Sort/IMG_9418.JPG,True
46663fdb076814071ace9374dfdb831227be5985254cda40e1b4432dfd8abafb,/Users/annibauer/Documents/__Coding.nosync/PhotoAssistant/analysis_output/discarded_review/IMG_9418_1.JPG,/Users/annibauer/Documents/__Photos.nosync/Photos iCloud Sort/IMG_9418.JPG,False
09f0b6a1ab11cc3df2ff84927e5177f85591d421a154a12f04856a20a5fdab6f,/Users/annibauer/Documents/__Coding.nosync/PhotoAssistant/analysis_output/discarded_review/IMG_9422.JPG,/Users/annibauer/Documents/__Photos.nosync/Photos iCloud Sort/IMG_9422.JPG,True
09f0b6a1ab11cc3df2ff84927e5177f85591d421a154a12f04856a20a5fdab6f,/Users/annibauer/Documents/__Coding.nosync/PhotoAssistant/analysis_output/discarded_review/IMG_9422_1.JPG,/Users/annibauer/Documents/__Photos.nosync/Photos iCloud Sort/IMG_9422.JPG,False
69330c1c18dc45009f27a1e02a7241bbe10e9db39cfe4c0bb61e7e2c9bcc8f91,/Users/annibauer/Documents/__Coding.nosync/PhotoAssistant/analysis_output/discarded_review/IMG_9431.PNG,/Users/annibauer/Documents/__Photos.nosync/Photos iCloud Sort/IMG_9431.PNG,True
6ad6190fde875d2b38abcc94bbd75bb555a7ea4d1e5453f70be16262babcba27,/Users/annibauer/Documents/__Coding.nosync/PhotoAssistant/analysis_output/discarded_review/IMG_9432.PNG,/Users/annibauer/Documents/__Photos.nosync/Photos iCloud Sort/IMG_9432.PNG,True
c3e87f429b747d028c6ec181157daa75abe162709abb46c7c8c3d4daaaee5de8,/Users/annibauer/Documents/__Coding.nosync/PhotoAssistant/analysis_output/discarded_review/IMG_9433.PNG,/Users/annibauer/Documents/__Photos.nosync/Photos iCloud Sort/IMG_9433.PNG,True
4281b9cb0c857edd50f472cfcd2b5f272f85164f91bae3155a808a4551a6a82c,/Users/annibauer/Documents/__Coding.nosync/PhotoAssistant/analysis_output/discarded_review/IMG_9436.JPG,/Users/annibauer/Documents/__Photos.nosync/Photos iCloud Sort/IMG_9436.JPG,True
396c78cb3169b09ea2cf540a85a48c22a6b68a1db7b4bd182c33b763d283de4e,/Users/annibauer/Documents/__Coding.nosync/PhotoAssistant/analysis_output/discarded_review/IMG_9437.JPG,/Users/annibauer/Documents/__Photos.nosync/Photos iCloud Sort/IMG_9437.JPG,True
a8d182c873d3ea6eaa169ebe5fc7876bb42d9b7d358ee3350a15586d35a34997,/Users/annibauer/Documents/__Coding.nosync/PhotoAssistant/analysis_output/discarded_review/IMG_9439.JPG,/Users/annibauer/Documents/__Photos.nosync/Photos iCloud Sort/IMG_9439.JPG,True
0926fe7bafe8ab4550af98d81046adec2234fee2740e519871a767917065148d,/Users/annibauer/Documents/__Coding.nosync/PhotoAssistant/analysis_output/discarded_review/IMG_9445.PNG,/Users/annibauer/Documents/__Photos.nosync/Photos iCloud Sort/IMG_9445.PNG,True
e992379ec2a9af778e12a086d7b0470bb0f627a7267ee72ca21eafae6c6b8f4b,/Users/annibauer/Documents/__Coding.nosync/PhotoAssistant/analysis_output/discarded_review/IMG_9446.JPG,/Users/annibauer/Documents/__Photos.nosync/Photos iCloud Sort/IMG_9446.JPG,True
e992379ec2a9af778e12a086d7b0470bb0f627a7267ee72ca21eafae6c6b8f4b,/Users/annibauer/Documents/__Coding.nosync/PhotoAssistant/analysis_output/discarded_review/IMG_9446_1.JPG,/Users/annibauer/Documents/__Photos.nosync/Photos iCloud Sort/IMG_9446.JPG,False
7b66ff955391358af7890b64eed8499ae1786452f10ccb418ad17e175cea7f8b,/Users/annibauer/Documents/__Coding.nosync/PhotoAssistant/analysis_output/discarded_review/IMG_9447.JPG,/Users/annibauer/Documents/__Photos.nosync/Photos iCloud Sort/IMG_9447.JPG,True
7b66ff955391358af7890b64eed8499ae1786452f10ccb418ad17e175cea7f8b,/Users/annibauer/Documents/__Coding.nosync/PhotoAssistant/analysis_output/discarded_review/IMG_9447_1.JPG,/Users/annibauer/Documents/__Photos.nosync/Photos iCloud Sort/IMG_9447.JPG,False
10cf74416003d826a2c47d57c3e2a4edfd66678844a6a9175a9dbf9a83ecf961,/Users/annibauer/Documents/__Coding.nosync/PhotoAssistant/analysis_output/discarded_review/IMG_9448.JPG,/Users/annibauer/Documents/__Photos.nosync/Photos iCloud Sort/IMG_9448.JPG,True
10cf74416003d826a2c47d57c3e2a4edfd66678844a6a9175a9dbf9a83ecf961,/Users/annibauer/Documents/__Coding.nosync/PhotoAssistant/analysis_output/discarded_review/IMG_9448_1.JPG,/Users/annibauer/Documents/__Photos.nosync/Photos iCloud Sort/IMG_9448.JPG,False
970dc1bd7860de1fdf6fdf31693acad44ae908786eede1094de5220e2cb4bb4d,/Users/annibauer/Documents/__Coding.nosync/PhotoAssistant/analysis_output/discarded_review/IMG_9449.JPG,/Users/annibauer/Documents/__Photos.nosync/Photos iCloud Sort/IMG_9449.JPG,True
970dc1bd7860de1fdf6fdf31693acad44ae908786eede1094de5220e2cb4bb4d,/Users/annibauer/Documents/__Coding.nosync/PhotoAssistant/analysis_output/discarded_review/IMG_9449_1.JPG,/Users/annibauer/Documents/__Photos.nosync/Photos iCloud Sort/IMG_9449.JPG,False
169f809a453e65c7d3274ff82e03a41ee3b0077b8d9a133d6559c8ea57805246,/Users/annibauer/Documents/__Coding.nosync/PhotoAssistant/analysis_output/discarded_review/IMG_9464.JPG,/Users/annibauer/Documents/__Photos.nosync/Photos iCloud Sort/IMG_9464.JPG,True
169f809a453e65c7d3274ff82e03a41ee3b0077b8d9a133d6559c8ea57805246,/Users/annibauer/Documents/__Coding.nosync/PhotoAssistant/analysis_output/discarded_review/IMG_9464_1.JPG,/Users/annibauer/Documents/__Photos.nosync/Photos iCloud Sort/IMG_9464.JPG,False
cc73fc1e4ccb3f89ccccbf23e6645cbd1e38c77f9b1e28590996bf4d03ed775f,/Users/annibauer/Documents/__Coding.nosync/PhotoAssistant/analysis_output/discarded_review/IMG_9465.JPG,/Users/annibauer/Documents/__Photos.nosync/Photos iCloud Sort/IMG_9465.JPG,True
cc73fc1e4ccb3f89ccccbf23e6645cbd1e38c77f9b1e28590996bf4d03ed775f,/Users/annibauer/Documents/__Coding.nosync/PhotoAssistant/analysis_output/discarded_review/IMG_9465_1.JPG,/Users/annibauer/Documents/__Photos.nosync/Photos iCloud Sort/IMG_9465.JPG,False
55ad077805e9fdb37f860316a3a8869c4494bbd490d55a64bd6f8f4a7f72ab3f,/Users/annibauer/Documents/__Coding.nosync/PhotoAssistant/analysis_output/discarded_review/IMG_9466.JPG,/Users/annibauer/Documents/__Photos.nosync/Photos iCloud Sort/IMG_9466.JPG,True
55ad077805e9fdb37f860316a3a8869c4494bbd490d55a64bd6f8f4a7f72ab3f,/Users/annibauer/Documents/__Coding.nosync/PhotoAssistant/analysis_output/discarded_review/IMG_9466_1.JPG,/Users/annibauer/Documents/__Photos.nosync/Photos iCloud Sort/IMG_9466.JPG,False
18038d8278d4a7870cbf4f8150e5ee58b3af4436d5615dcd4b6b84efdcd9b12d,/Users/annibauer/Documents/__Coding.nosync/PhotoAssistant/analysis_output/discarded_review/IMG_9475.JPG,/Users/annibauer/Documents/__Photos.nosync/Photos iCloud Sort/IMG_9475.JPG,True
18038d8278d4a7870cbf4f8150e5ee58b3af4436d5615dcd4b6b84efdcd9b12d,/Users/annibauer/Documents/__Coding.nosync/PhotoAssistant/analysis_output/discarded_review/IMG_9475_1.JPG,/Users/annibauer/Documents/__Photos.nosync/Photos iCloud Sort/IMG_9475.JPG,False
b5324a7cffba21ba34872b3444f7e121f8f8faa519fb537f9aa788f59e6a373b,/Users/annibauer/Documents/__Coding.nosync/PhotoAssistant/analysis_output/discarded_review/IMG_9501.JPG,/Users/annibauer/Documents/__Photos.nosync/Photos iCloud Sort/IMG_9501.JPG,True
b5324a7cffba21ba34872b3444f7e121f8f8faa519fb537f9aa788f59e6a373b,/Users/annibauer/Documents/__Coding.nosync/PhotoAssistant/analysis_output/discarded_review/IMG_9501_1.JPG,/Users/annibauer/Documents/__Photos.nosync/Photos iCloud Sort/IMG_9501.JPG,False
0f51c58b2ecab30fc7ea092194ecc83f2ce5c832ff96309822c59173e8be8a9e,/Users/annibauer/Documents/__Coding.nosync/PhotoAssistant/analysis_output/discarded_review/IMG_9502.JPG,/Users/annibauer/Documents/__Photos.nosync/Photos iCloud Sort/IMG_9502.JPG,True
0f51c58b2ecab30fc7ea092194ecc83f2ce5c832ff96309822c59173e8be8a9e,/Users/annibauer/Documents/__Coding.nosync/PhotoAssistant/analysis_output/discarded_review/IMG_9502_1.JPG,/Users/annibauer/Documents/__Photos.nosync/Photos iCloud Sort/IMG_9502.JPG,False
b2e49f8e51ac5c176effceef9770eb31790b24080bd9479682b767c349838f4f,/Users/annibauer/Documents/__Coding.nosync/PhotoAssistant/analysis_output/discarded_review/IMG_9503.JPG,/Users/annibauer/Documents/__Photos.nosync/Photos iCloud Sort/IMG_9503.JPG,True
b2e49f8e51ac5c176effceef9770eb31790b24080bd9479682b767c349838f4f,/Users/annibauer/Documents/__Coding.nosync/PhotoAssistant/analysis_output/discarded_review/IMG_9503_1.JPG,/Users/annibauer/Documents/__Photos.nosync/Photos iCloud Sort/IMG_9503.JPG,False
462847dca80d2cc605b63249624f8c2fba67c6da05c80b390cf682945b8c58a1,/Users/annibauer/Documents/__Coding.nosync/PhotoAssistant/analysis_output/discarded_review/IMG_9504.JPG,/Users/annibauer/Documents/__Photos.nosync/Photos iCloud Sort/IMG_9504.JPG,True
462847dca80d2cc605b63249624f8c2fba67c6da05c80b390cf682945b8c58a1,/Users/annibauer/Documents/__Coding.nosync/PhotoAssistant/analysis_output/discarded_review/IMG_9504_1.JPG,/Users/annibauer/Documents/__Photos.nosync/Photos iCloud Sort/IMG_9504.JPG,False
d6e34a649e39dbd072ad00d0e322d2ff5ce06a2e0b53dc7864774e9ddd719002,/Users/annibauer/Documents/__Coding.nosync/PhotoAssistant/analysis_output/discarded_review/IMG_9508.JPG,/Users/annibauer/Documents/__Photos.nosync/Photos iCloud Sort/IMG_9508.JPG,True
d6e34a649e39dbd072ad00d0e322d2ff5ce06a2e0b53dc7864774e9ddd719002,/Users/annibauer/Documents/__Coding.nosync/PhotoAssistant/analysis_output/discarded_review/IMG_9508_1.JPG,/Users/annibauer/Documents/__Photos.nosync/Photos iCloud Sort/IMG_9508.JPG,False
fe875f6b8f134aba9a750e6ca27dcc70111e2281cd41ef00ff1b04eb671c806c,/Users/annibauer/Documents/__Coding.nosync/PhotoAssistant/analysis_output/discarded_review/IMG_9510.JPG,/Users/annibauer/Documents/__Photos.nosync/Photos iCloud Sort/IMG_9510.JPG,True
fe875f6b8f134aba9a750e6ca27dcc70111e2281cd41ef00ff1b04eb671c806c,/Users/annibauer/Documents/__Coding.nosync/PhotoAssistant/analysis_output/discarded_review/IMG_9510_1.JPG,/Users/annibauer/Documents/__Photos.nosync/Photos iCloud Sort/IMG_9510.JPG,False
88caac95d0ec22023c5667a4837bb6961d3071cf91b873df2f422aa4647167be,/Users/annibauer/Documents/__Coding.nosync/PhotoAssistant/analysis_output/discarded_review/IMG_9511.JPG,/Users/annibauer/Documents/__Photos.nosync/Photos iCloud Sort/IMG_9511.JPG,True
88caac95d0ec22023c5667a4837bb6961d3071cf91b873df2f422aa4647167be,/Users/annibauer/Documents/__Coding.nosync/PhotoAssistant/analysis_output/discarded_review/IMG_9511_1.JPG,/Users/annibauer/Documents/__Photos.nosync/Photos iCloud Sort/IMG_9511.JPG,False
4108dcbdbc4e4a90c98dbfb85ac1dc7c6fbafb7d530232a8b8df53e663588aa1,/Users/annibauer/Documents/__Coding.nosync/PhotoAssistant/analysis_output/discarded_review/IMG_9512.JPG,/Users/annibauer/Documents/__Photos.nosync/Photos iCloud Sort/IMG_9512.JPG,True
4108dcbdbc4e4a90c98dbfb85ac1dc7c6fbafb7d530232a8b8df53e663588aa1,/Users/annibauer/Documents/__Coding.nosync/PhotoAssistant/analysis_output/discarded_review/IMG_9512_1.JPG,/Users/annibauer/Documents/__Photos.nosync/Photos iCloud Sort/IMG_9512.JPG,False
e235c02f8e966d9dcd3e23363af493ab84512888584c3ed5ab08b410d5908aca,/Users/annibauer/Documents/__Coding.nosync/PhotoAssistant/analysis_output/discarded_review/IMG_9513.JPG,/Users/annibauer/Documents/__Photos.nosync/Photos iCloud Sort/IMG_9513.JPG,True
e235c02f8e966d9dcd3e23363af493ab84512888584c3ed5ab08b410d5908aca,/Users/annibauer/Documents/__Coding.nosync/PhotoAssistant/analysis_output/discarded_review/IMG_9513_1.JPG,/Users/annibauer/Documents/__Photos.nosync/Photos iCloud Sort/IMG_9513.JPG,False
e37cb08e891d0618f5e1ee8dc7da52b5a3473a6b3369814d92f3d56479fab401,/Users/annibauer/Documents/__Coding.nosync/PhotoAssistant/analysis_output/discarded_review/IMG_9515.JPG,/Users/annibauer/Documents/__Photos.nosync/Photos iCloud Sort/IMG_9515.JPG,True
e37cb08e891d0618f5e1ee8dc7da52b5a3473a6b3369814d92f3d56479fab401,/Users/annibauer/Documents/__Coding.nosync/PhotoAssistant/analysis_output/discarded_review/IMG_9515_1.JPG,/Users/annibauer/Documents/__Photos.nosync/Photos iCloud Sort/IMG_9515.JPG,False
1cfd06674ea150c973ea17cd6688622668ccc7410438a6f3f9d3933dd2a3b7aa,/Users/annibauer/Documents/__Coding.nosync/PhotoAssistant/analysis_output/discarded_review/IMG_9516.JPG,/Users/annibauer/Documents/__Photos.nosync/Photos iCloud Sort/IMG_9516.JPG,True
1cfd06674ea150c973ea17cd6688622668ccc7410438a6f3f9d3933dd2a3b7aa,/Users/annibauer/Documents/__Coding.nosync/PhotoAssistant/analysis_output/discarded_review/IMG_9516_1.JPG,/Users/annibauer/Documents/__Photos.nosync/Photos iCloud Sort/IMG_9516.JPG,False
71115643b35f416fd012924419bcd27c2aab3897d82af1f98f13406fe377ffc6,/Users/annibauer/Documents/__Coding.nosync/PhotoAssistant/analysis_output/discarded_review/IMG_9517.JPG,/Users/annibauer/Documents/__Photos.nosync/Photos iCloud Sort/IMG_9517.JPG,True
71115643b35f416fd012924419bcd27c2aab3897d82af1f98f13406fe377ffc6,/Users/annibauer/Documents/__Coding.nosync/PhotoAssistant/analysis_output/discarded_review/IMG_9517_1.JPG,/Users/annibauer/Documents/__Photos.nosync/Photos iCloud Sort/IMG_9517.JPG,False
27ba4e3112684597f89a4b99963503bfd9a36079a63739cad51ba3f1530b3409,/Users/annibauer/Documents/__Coding.nosync/PhotoAssistant/analysis_output/discarded_review/IMG_9518.JPG,/Users/annibauer/Documents/__Photos.nosync/Photos iCloud Sort/IMG_9518.JPG,True
27ba4e3112684597f89a4b99963503bfd9a36079a63739cad51ba3f1530b3409,/Users/annibauer/Documents/__Coding.nosync/PhotoAssistant/analysis_output/discarded_review/IMG_9518_1.JPG,/Users/annibauer/Documents/__Photos.nosync/Photos iCloud Sort/IMG_9518.JPG,False
195fc5e3802d6b61366c3240d047517311f5b5e93eeaeb2cea0a36e3f94906af,/Users/annibauer/Documents/__Coding.nosync/PhotoAssistant/analysis_output/discarded_review/IMG_9519.JPG,/Users/annibauer/Documents/__Photos.nosync/Photos iCloud Sort/IMG_9519.JPG,True
195fc5e3802d6b61366c3240d047517311f5b5e93eeaeb2cea0a36e3f94906af,/Users/annibauer/Documents/__Coding.nosync/PhotoAssistant/analysis_output/discarded_review/IMG_9519_1.JPG,/Users/annibauer/Documents/__Photos.nosync/Photos iCloud Sort/IMG_9519.JPG,False
a283725c9ece55736984191c984bc841df23857c27d07f939ce1ec9e2d5557a1,/Users/annibauer/Documents/__Coding.nosync/PhotoAssistant/analysis_output/discarded_review/IMG_9520.JPG,/Users/annibauer/Documents/__Photos.nosync/Photos iCloud Sort/IMG_9520.JPG,True
a283725c9ece55736984191c984bc841df23857c27d07f939ce1ec9e2d5557a1,/Users/annibauer/Documents/__Coding.nosync/PhotoAssistant/analysis_output/discarded_review/IMG_9520_1.JPG,/Users/annibauer/Documents/__Photos.nosync/Photos iCloud Sort/IMG_9520.JPG,False
c655cecb5dccc4f477e4ac1c6f9721be73ea1416326ded7a71c72ff624a6dd4c,/Users/annibauer/Documents/__Coding.nosync/PhotoAssistant/analysis_output/discarded_review/IMG_9521.JPG,/Users/annibauer/Documents/__Photos.nosync/Photos iCloud Sort/IMG_9521.JPG,True
c655cecb5dccc4f477e4ac1c6f9721be73ea1416326ded7a71c72ff624a6dd4c,/Users/annibauer/Documents/__Coding.nosync/PhotoAssistant/analysis_output/discarded_review/IMG_9521_1.JPG,/Users/annibauer/Documents/__Photos.nosync/Photos iCloud Sort/IMG_9521.JPG,False
e747f7af036e1da56e60597356a120f54d350d3fc7d9937fab49f2ac5f351e18,/Users/annibauer/Documents/__Coding.nosync/PhotoAssistant/analysis_output/discarded_review/IMG_9522.JPG,/Users/annibauer/Documents/__Photos.nosync/Photos iCloud Sort/IMG_9522.JPG,True
e747f7af036e1da56e60597356a120f54d350d3fc7d9937fab49f2ac5f351e18,/Users/annibauer/Documents/__Coding.nosync/PhotoAssistant/analysis_output/discarded_review/IMG_9522_1.JPG,/Users/annibauer/Documents/__Photos.nosync/Photos iCloud Sort/IMG_9522.JPG,False
09b163d623f304fefa6ed667c49cd7155d569d7f0a5c85bb05613e23e7cb9e17,/Users/annibauer/Documents/__Coding.nosync/PhotoAssistant/analysis_output/discarded_review/IMG_9525.JPG,/Users/annibauer/Documents/__Photos.nosync/Photos iCloud Sort/IMG_9525.JPG,True
09b163d623f304fefa6ed667c49cd7155d569d7f0a5c85bb05613e23e7cb9e17,/Users/annibauer/Documents/__Coding.nosync/PhotoAssistant/analysis_output/discarded_review/IMG_9525_1.JPG,/Users/annibauer/Documents/__Photos.nosync/Photos iCloud Sort/IMG_9525.JPG,False
60faf7d35451e9d82319c1c6de20dd691ccc68476c7df957f6864e3350b88b4c,/Users/annibauer/Documents/__Coding.nosync/PhotoAssistant/analysis_output/discarded_review/IMG_9545.JPG,/Users/annibauer/Documents/__Photos.nosync/Photos iCloud Sort/IMG_9545.JPG,True
60faf7d35451e9d82319c1c6de20dd691ccc68476c7df957f6864e3350b88b4c,/Users/annibauer/Documents/__Coding.nosync/PhotoAssistant/analysis_output/discarded_review/IMG_9545_1.JPG,/Users/annibauer/Documents/__Photos.nosync/Photos iCloud Sort/IMG_9545.JPG,False
79bd18be5fd2150fc015e4b922898177fd3a8191f5f4fe90be4d6403d6731512,/Users/annibauer/Documents/__Coding.nosync/PhotoAssistant/analysis_output/discarded_review/IMG_9546.JPG,/Users/annibauer/Documents/__Photos.nosync/Photos iCloud Sort/IMG_9546.JPG,True
79bd18be5fd2150fc015e4b922898177fd3a8191f5f4fe90be4d6403d6731512,/Users/annibauer/Documents/__Coding.nosync/PhotoAssistant/analysis_output/discarded_review/IMG_9546_1.JPG,/Users/annibauer/Documents/__Photos.nosync/Photos iCloud Sort/IMG_9546.JPG,False
16b747cba14ee1170b5badb23f53ca6c23c7dc667eedbca8b116aaca45ad9d38,/Users/annibauer/Documents/__Coding.nosync/PhotoAssistant/analysis_output/discarded_review/IMG_9550.JPG,/Users/annibauer/Documents/__Photos.nosync/Photos iCloud Sort/IMG_9550.JPG,True
16b747cba14ee1170b5badb23f53ca6c23c7dc667eedbca8b116aaca45ad9d38,/Users/annibauer/Documents/__Coding.nosync/PhotoAssistant/analysis_output/discarded_review/IMG_9550_1.JPG,/Users/annibauer/Documents/__Photos.nosync/Photos iCloud Sort/IMG_9550.JPG,False
7f974bfbe63eff9ee6452dfa8f4d1b3a7a37b938a53a5a671c195b6ed38ee626,/Users/annibauer/Documents/__Coding.nosync/PhotoAssistant/analysis_output/discarded_review/IMG_9551.JPG,/Users/annibauer/Documents/__Photos.nosync/Photos iCloud Sort/IMG_9551.JPG,True
7f974bfbe63eff9ee6452dfa8f4d1b3a7a37b938a53a5a671c195b6ed38ee626,/Users/annibauer/Documents/__Coding.nosync/PhotoAssistant/analysis_output/discarded_review/IMG_9551_1.JPG,/Users/annibauer/Documents/__Photos.nosync/Photos iCloud Sort/IMG_9551.JPG,False
7d7846e572ffc5965eb9305974ba90235314f9c51b415b54f8c2cc68b9aa06e7,/Users/annibauer/Documents/__Coding.nosync/PhotoAssistant/analysis_output/discarded_review/IMG_9552.JPG,/Users/annibauer/Documents/__Photos.nosync/Photos iCloud Sort/IMG_9552.JPG,True
7d7846e572ffc5965eb9305974ba90235314f9c51b415b54f8c2cc68b9aa06e7,/Users/annibauer/Documents/__Coding.nosync/PhotoAssistant/analysis_output/discarded_review/IMG_9552_1.JPG,/Users/annibauer/Documents/__Photos.nosync/Photos iCloud Sort/IMG_9552.JPG,False
28e1e0c719f7d4d918379edead6c469011fd0e1b3412095c8dc78d92f0db51da,/Users/annibauer/Documents/__Coding.nosync/PhotoAssistant/analysis_output/discarded_review/IMG_9555.JPG,/Users/annibauer/Documents/__Photos.nosync/Photos iCloud Sort/IMG_9555.JPG,True
28e1e0c719f7d4d918379edead6c469011fd0e1b3412095c8dc78d92f0db51da,/Users/annibauer/Documents/__Coding.nosync/PhotoAssistant/analysis_output/discarded_review/IMG_9555_1.JPG,/Users/annibauer/Documents/__Photos.nosync/Photos iCloud Sort/IMG_9555.JPG,False
1525624d0af3d0bae70c62035f94ce4ad8bd71ff582370c5e4944e666a902662,/Users/annibauer/Documents/__Coding.nosync/PhotoAssistant/analysis_output/discarded_review/IMG_9557.JPG,/Users/annibauer/Documents/__Photos.nosync/Photos iCloud Sort/IMG_9557.JPG,True
1525624d0af3d0bae70c62035f94ce4ad8bd71ff582370c5e4944e666a902662,/Users/annibauer/Documents/__Coding.nosync/PhotoAssistant/analysis_output/discarded_review/IMG_9557_1.JPG,/Users/annibauer/Documents/__Photos.nosync/Photos iCloud Sort/IMG_9557.JPG,False
2bc421f27293158767f1fa2e470cf845b8efc7afc83e2283f1a611c640ba59ab,/Users/annibauer/Documents/__Coding.nosync/PhotoAssistant/analysis_output/discarded_review/IMG_9558.PNG,/Users/annibauer/Documents/__Photos.nosync/Photos iCloud Sort/IMG_9558.PNG,True
c7b14744cade5b34bba5b8633ab6e6d05a638012b902ff061ae7e078c113e69e,/Users/annibauer/Documents/__Coding.nosync/PhotoAssistant/analysis_output/discarded_review/IMG_9562.JPG,/Users/annibauer/Documents/__Photos.nosync/Photos iCloud Sort/IMG_9562.JPG,True
c7b14744cade5b34bba5b8633ab6e6d05a638012b902ff061ae7e078c113e69e,/Users/annibauer/Documents/__Coding.nosync/PhotoAssistant/analysis_output/discarded_review/IMG_9562_1.JPG,/Users/annibauer/Documents/__Photos.nosync/Photos iCloud Sort/IMG_9562.JPG,False
8525ac230fb0fa5f017e7a9759dd2338179992e3d8279ee938e66c3f3007c049,/Users/annibauer/Documents/__Coding.nosync/PhotoAssistant/analysis_output/discarded_review/IMG_9570.JPG,/Users/annibauer/Documents/__Photos.nosync/Photos iCloud Sort/IMG_9570.JPG,True
8525ac230fb0fa5f017e7a9759dd2338179992e3d8279ee938e66c3f3007c049,/Users/annibauer/Documents/__Coding.nosync/PhotoAssistant/analysis_output/discarded_review/IMG_9570_1.JPG,/Users/annibauer/Documents/__Photos.nosync/Photos iCloud Sort/IMG_9570.JPG,False
db0c414362ac321baa54afccddf5f0def038957086ee73f42271061897650928,/Users/annibauer/Documents/__Coding.nosync/PhotoAssistant/analysis_output/discarded_review/IMG_9572.JPG,/Users/annibauer/Documents/__Photos.nosync/Photos iCloud Sort/IMG_9572.JPG,True
db0c414362ac321baa54afccddf5f0def038957086ee73f42271061897650928,/Users/annibauer/Documents/__Coding.nosync/PhotoAssistant/analysis_output/discarded_review/IMG_9572_1.JPG,/Users/annibauer/Documents/__Photos.nosync/Photos iCloud Sort/IMG_9572.JPG,False
e01af2770aa8f84ad4163e9cb51dcabf661aeeb61b1359e7b2c305b1393419c1,/Users/annibauer/Documents/__Coding.nosync/PhotoAssistant/analysis_output/discarded_review/IMG_9573.JPG,/Users/annibauer/Documents/__Photos.nosync/Photos iCloud Sort/IMG_9573.JPG,True
e01af2770aa8f84ad4163e9cb51dcabf661aeeb61b1359e7b2c305b1393419c1,/Users/annibauer/Documents/__Coding.nosync/PhotoAssistant/analysis_output/discarded_review/IMG_9573_1.JPG,/Users/annibauer/Documents/__Photos.nosync/Photos iCloud Sort/IMG_9573.JPG,False
6af455d9c1c8268875faba563d927f9da8831a01d7ca3220794b0b1b6003d09d,/Users/annibauer/Documents/__Coding.nosync/PhotoAssistant/analysis_output/discarded_review/IMG_9575.JPG,/Users/annibauer/Documents/__Photos.nosync/Photos iCloud Sort/IMG_9575.JPG,True
6af455d9c1c8268875faba563d927f9da8831a01d7ca3220794b0b1b6003d09d,/Users/annibauer/Documents/__Coding.nosync/PhotoAssistant/analysis_output/discarded_review/IMG_9575_1.JPG,/Users/annibauer/Documents/__Photos.nosync/Photos iCloud Sort/IMG_9575.JPG,False
251f74fa641ae564380003db18353e97d6ab2b19e0b260ef997c83f05cc62925,/Users/annibauer/Documents/__Coding.nosync/PhotoAssistant/analysis_output/discarded_review/IMG_9576.JPG,/Users/annibauer/Documents/__Photos.nosync/Photos iCloud Sort/IMG_9576.JPG,True
251f74fa641ae564380003db18353e97d6ab2b19e0b260ef997c83f05cc62925,/Users/annibauer/Documents/__Coding.nosync/PhotoAssistant/analysis_output/discarded_review/IMG_9576_1.JPG,/Users/annibauer/Documents/__Photos.nosync/Photos iCloud Sort/IMG_9576.JPG,False
0c6f16f880b048e421343db28cb8b18c9a95415a42f7db4856595d9f7bb66ece,/Users/annibauer/Documents/__Coding.nosync/PhotoAssistant/analysis_output/discarded_review/IMG_9577.JPG,/Users/annibauer/Documents/__Photos.nosync/Photos iCloud Sort/IMG_9577.JPG,True
0c6f16f880b048e421343db28cb8b18c9a95415a42f7db4856595d9f7bb66ece,/Users/annibauer/Documents/__Coding.nosync/PhotoAssistant/analysis_output/discarded_review/IMG_9577_1.JPG,/Users/annibauer/Documents/__Photos.nosync/Photos iCloud Sort/IMG_9577.JPG,False
bfa54a58a6f67c2e7a857d24de9d404b4f4fbb063b4eca64004c722e5dfd678b,/Users/annibauer/Documents/__Coding.nosync/PhotoAssistant/analysis_output/discarded_review/IMG_9578.JPG,/Users/annibauer/Documents/__Photos.nosync/Photos iCloud Sort/IMG_9578.JPG,True
bfa54a58a6f67c2e7a857d24de9d404b4f4fbb063b4eca64004c722e5dfd678b,/Users/annibauer/Documents/__Coding.nosync/PhotoAssistant/analysis_output/discarded_review/IMG_9578_1.JPG,/Users/annibauer/Documents/__Photos.nosync/Photos iCloud Sort/IMG_9578.JPG,False
26f663f56ccf799c65621facb6b4960d55948b5eda659dfa226a680eabbd580f,/Users/annibauer/Documents/__Coding.nosync/PhotoAssistant/analysis_output/discarded_review/IMG_9579.JPG,/Users/annibauer/Documents/__Photos.nosync/Photos iCloud Sort/IMG_9579.JPG,True
26f663f56ccf799c65621facb6b4960d55948b5eda659dfa226a680eabbd580f,/Users/annibauer/Documents/__Coding.nosync/PhotoAssistant/analysis_output/discarded_review/IMG_9579_1.JPG,/Users/annibauer/Documents/__Photos.nosync/Photos iCloud Sort/IMG_9579.JPG,False
f68b04419a1bb517aa969bf7917c203536b0cee5e2e811641a6764e82a78f024,/Users/annibauer/Documents/__Coding.nosync/PhotoAssistant/analysis_output/discarded_review/IMG_9580.JPG,/Users/annibauer/Documents/__Photos.nosync/Photos iCloud Sort/IMG_9580.JPG,True
f68b04419a1bb517aa969bf7917c203536b0cee5e2e811641a6764e82a78f024,/Users/annibauer/Documents/__Coding.nosync/PhotoAssistant/analysis_output/discarded_review/IMG_9580_1.JPG,/Users/annibauer/Documents/__Photos.nosync/Photos iCloud Sort/IMG_9580.JPG,False
bc9c331113e375d18cd287b380b8570edd438203a5e6d1a1568c5849338c1be3,/Users/annibauer/Documents/__Coding.nosync/PhotoAssistant/analysis_output/discarded_review/IMG_9613.JPG,/Users/annibauer/Documents/__Photos.nosync/Photos iCloud Sort/IMG_9613.JPG,True
bc9c331113e375d18cd287b380b8570edd438203a5e6d1a1568c5849338c1be3,/Users/annibauer/Documents/__Coding.nosync/PhotoAssistant/analysis_output/discarded_review/IMG_9613_1.JPG,/Users/annibauer/Documents/__Photos.nosync/Photos iCloud Sort/IMG_9613.JPG,False
3c32daf2493d75e7457ca4f2615235129de1490eb45f2f32b62eecee4aa5a014,/Users/annibauer/Documents/__Coding.nosync/PhotoAssistant/analysis_output/discarded_review/IMG_9617.JPG,/Users/annibauer/Documents/__Photos.nosync/Photos iCloud Sort/IMG_9617.JPG,True
3c32daf2493d75e7457ca4f2615235129de1490eb45f2f32b62eecee4aa5a014,/Users/annibauer/Documents/__Coding.nosync/PhotoAssistant/analysis_output/discarded_review/IMG_9617_1.JPG,/Users/annibauer/Documents/__Photos.nosync/Photos iCloud Sort/IMG_9617.JPG,False
e72f9263e9ba42ab304243da5a0f9a52918c619de1d704042ed0508c72737069,/Users/annibauer/Documents/__Coding.nosync/PhotoAssistant/analysis_output/discarded_review/IMG_9621-1.JPG,/Users/annibauer/Documents/__Photos.nosync/Photos iCloud Sort/IMG_9621-1.JPG,True
e72f9263e9ba42ab304243da5a0f9a52918c619de1d704042ed0508c72737069,/Users/annibauer/Documents/__Coding.nosync/PhotoAssistant/analysis_output/discarded_review/IMG_9621.JPG,/Users/annibauer/Documents/__Photos.nosync/Photos iCloud Sort/IMG_9621-1.JPG,False
e72f9263e9ba42ab304243da5a0f9a52918c619de1d704042ed0508c72737069,/Users/annibauer/Documents/__Coding.nosync/PhotoAssistant/analysis_output/discarded_review/IMG_9621_1.JPG,/Users/annibauer/Documents/__Photos.nosync/Photos iCloud Sort/IMG_9621-1.JPG,False
e72f9263e9ba42ab304243da5a0f9a52918c619de1d704042ed0508c72737069,/Users/annibauer/Documents/__Coding.nosync/PhotoAssistant/analysis_output/discarded_review/IMG_9621_2.JPG,/Users/annibauer/Documents/__Photos.nosync/Photos iCloud Sort/IMG_9621-1.JPG,False
b85100e5bd07e3c5f6a275ef8a9c9697f5e6cd435513fc4fe847fb30c4b8d55d,/Users/annibauer/Documents/__Coding.nosync/PhotoAssistant/analysis_output/discarded_review/IMG_9624-1.JPG,/Users/annibauer/Documents/__Photos.nosync/Photos iCloud Sort/IMG_9624-1.JPG,True
b85100e5bd07e3c5f6a275ef8a9c9697f5e6cd435513fc4fe847fb30c4b8d55d,/Users/annibauer/Documents/__Coding.nosync/PhotoAssistant/analysis_output/discarded_review/IMG_9624.JPG,/Users/annibauer/Documents/__Photos.nosync/Photos iCloud Sort/IMG_9624-1.JPG,False
b85100e5bd07e3c5f6a275ef8a9c9697f5e6cd435513fc4fe847fb30c4b8d55d,/Users/annibauer/Documents/__Coding.nosync/PhotoAssistant/analysis_output/discarded_review/IMG_9624_1.JPG,/Users/annibauer/Documents/__Photos.nosync/Photos iCloud Sort/IMG_9624-1.JPG,False
b85100e5bd07e3c5f6a275ef8a9c9697f5e6cd435513fc4fe847fb30c4b8d55d,/Users/annibauer/Documents/__Coding.nosync/PhotoAssistant/analysis_output/discarded_review/IMG_9624_2.JPG,/Users/annibauer/Documents/__Photos.nosync/Photos iCloud Sort/IMG_9624-1.JPG,False
18254253ba93870fd1ee3bcc1c10498dd1a932643fa20771aa365c418dcddeb4,/Users/annibauer/Documents/__Coding.nosync/PhotoAssistant/analysis_output/discarded_review/IMG_9633.JPG,/Users/annibauer/Documents/__Photos.nosync/Photos iCloud Sort/IMG_9633.JPG,True
18254253ba93870fd1ee3bcc1c10498dd1a932643fa20771aa365c418dcddeb4,/Users/annibauer/Documents/__Coding.nosync/PhotoAssistant/analysis_output/discarded_review/IMG_9633_1.JPG,/Users/annibauer/Documents/__Photos.nosync/Photos iCloud Sort/IMG_9633.JPG,False
279d206803872a697b064642ae3dc363c9c9fc8496f5cbe61db3b6cd022a2adc,/Users/annibauer/Documents/__Coding.nosync/PhotoAssistant/analysis_output/discarded_review/IMG_9637.JPG,/Users/annibauer/Documents/__Photos.nosync/Photos iCloud Sort/IMG_9637.JPG,True
279d206803872a697b064642ae3dc363c9c9fc8496f5cbe61db3b6cd022a2adc,/Users/annibauer/Documents/__Coding.nosync/PhotoAssistant/analysis_output/discarded_review/IMG_9637_1.JPG,/Users/annibauer/Documents/__Photos.nosync/Photos iCloud Sort/IMG_9637.JPG,False
0cda9b64dbeeba03a092855bc6a4166dc7a5fd3bf04e1ef8b7673f09c83f4eb1,/Users/annibauer/Documents/__Coding.nosync/PhotoAssistant/analysis_output/discarded_review/IMG_9638.JPG,/Users/annibauer/Documents/__Photos.nosync/Photos iCloud Sort/IMG_9638.JPG,True
0cda9b64dbeeba03a092855bc6a4166dc7a5fd3bf04e1ef8b7673f09c83f4eb1,/Users/annibauer/Documents/__Coding.nosync/PhotoAssistant/analysis_output/discarded_review/IMG_9638_1.JPG,/Users/annibauer/Documents/__Photos.nosync/Photos iCloud Sort/IMG_9638.JPG,False
270bb6aa156badce4b67dd2ba8bc567effcff78b56df0df7bd3f6ffd99780b1b,/Users/annibauer/Documents/__Coding.nosync/PhotoAssistant/analysis_output/discarded_review/IMG_9639.JPG,/Users/annibauer/Documents/__Photos.nosync/Photos iCloud Sort/IMG_9639.JPG,True
270bb6aa156badce4b67dd2ba8bc567effcff78b56df0df7bd3f6ffd99780b1b,/Users/annibauer/Documents/__Coding.nosync/PhotoAssistant/analysis_output/discarded_review/IMG_9639_1.JPG,/Users/annibauer/Documents/__Photos.nosync/Photos iCloud Sort/IMG_9639.JPG,False
e10257075a7b005c2c662d7b5d3bf74a2e9432fbad5609cdb8275ce8ea17aa3f,/Users/annibauer/Documents/__Coding.nosync/PhotoAssistant/analysis_output/discarded_review/IMG_9641.JPG,/Users/annibauer/Documents/__Photos.nosync/Photos iCloud Sort/IMG_9641.JPG,True
e10257075a7b005c2c662d7b5d3bf74a2e9432fbad5609cdb8275ce8ea17aa3f,/Users/annibauer/Documents/__Coding.nosync/PhotoAssistant/analysis_output/discarded_review/IMG_9641_1.JPG,/Users/annibauer/Documents/__Photos.nosync/Photos iCloud Sort/IMG_9641.JPG,False
f1b0a9b318ee335addf2b8f42bcbbfc97e8391a9f3526738e6c77f0656f2029a,/Users/annibauer/Documents/__Coding.nosync/PhotoAssistant/analysis_output/discarded_review/IMG_9642.JPG,/Users/annibauer/Documents/__Photos.nosync/Photos iCloud Sort/IMG_9642.JPG,True
f1b0a9b318ee335addf2b8f42bcbbfc97e8391a9f3526738e6c77f0656f2029a,/Users/annibauer/Documents/__Coding.nosync/PhotoAssistant/analysis_output/discarded_review/IMG_9642_1.JPG,/Users/annibauer/Documents/__Photos.nosync/Photos iCloud Sort/IMG_9642.JPG,False
e508ed724f745822e3f0ab7aec80da7946f2db5f764f2dd2d04a9081e914250c,/Users/annibauer/Documents/__Coding.nosync/PhotoAssistant/analysis_output/discarded_review/IMG_9644.JPG,/Users/annibauer/Documents/__Photos.nosync/Photos iCloud Sort/IMG_9644.JPG,True
e508ed724f745822e3f0ab7aec80da7946f2db5f764f2dd2d04a9081e914250c,/Users/annibauer/Documents/__Coding.nosync/PhotoAssistant/analysis_output/discarded_review/IMG_9644_1.JPG,/Users/annibauer/Documents/__Photos.nosync/Photos iCloud Sort/IMG_9644.JPG,False
38821aa3106faaa171b2d645c709facc679b8ea7be08a4882f9b0c00ae4f3a0c,/Users/annibauer/Documents/__Coding.nosync/PhotoAssistant/analysis_output/discarded_review/IMG_9646.JPG,/Users/annibauer/Documents/__Photos.nosync/Photos iCloud Sort/IMG_9646.JPG,True
38821aa3106faaa171b2d645c709facc679b8ea7be08a4882f9b0c00ae4f3a0c,/Users/annibauer/Documents/__Coding.nosync/PhotoAssistant/analysis_output/discarded_review/IMG_9646_1.JPG,/Users/annibauer/Documents/__Photos.nosync/Photos iCloud Sort/IMG_9646.JPG,False
31c6b3957818512b4fc9bab5eefc76124e2e573800dec70c9af3cde1a550a258,/Users/annibauer/Documents/__Coding.nosync/PhotoAssistant/analysis_output/discarded_review/IMG_9648.JPG,/Users/annibauer/Documents/__Photos.nosync/Photos iCloud Sort/IMG_9648.JPG,True
31c6b3957818512b4fc9bab5eefc76124e2e573800dec70c9af3cde1a550a258,/Users/annibauer/Documents/__Coding.nosync/PhotoAssistant/analysis_output/discarded_review/IMG_9648_1.JPG,/Users/annibauer/Documents/__Photos.nosync/Photos iCloud Sort/IMG_9648.JPG,False
4d20a0c32aeae4b3dee36f322bbecbc13398b8cf988a026fa4e8a6b33dfadb7b,/Users/annibauer/Documents/__Coding.nosync/PhotoAssistant/analysis_output/discarded_review/IMG_9665.JPG,/Users/annibauer/Documents/__Photos.nosync/Photos iCloud Sort/IMG_9665.JPG,True
4d20a0c32aeae4b3dee36f322bbecbc13398b8cf988a026fa4e8a6b33dfadb7b,/Users/annibauer/Documents/__Coding.nosync/PhotoAssistant/analysis_output/discarded_review/IMG_9665_1.JPG,/Users/annibauer/Documents/__Photos.nosync/Photos iCloud Sort/IMG_9665.JPG,False
c55aa9018395edd17b3210cb06d5383e3553cc01658e7a45cf61ab4524e389a2,/Users/annibauer/Documents/__Coding.nosync/PhotoAssistant/analysis_output/discarded_review/IMG_9667.JPG,/Users/annibauer/Documents/__Photos.nosync/Photos iCloud Sort/IMG_9667.JPG,True
c55aa9018395edd17b3210cb06d5383e3553cc01658e7a45cf61ab4524e389a2,/Users/annibauer/Documents/__Coding.nosync/PhotoAssistant/analysis_output/discarded_review/IMG_9667_1.JPG,/Users/annibauer/Documents/__Photos.nosync/Photos iCloud Sort/IMG_9667.JPG,False
27d3580de0cd3c0f11154c838a4b58bd7bca1ed257bcde9a8827c0cc268937d5,/Users/annibauer/Documents/__Coding.nosync/PhotoAssistant/analysis_output/discarded_review/IMG_9685.JPG,/Users/annibauer/Documents/__Photos.nosync/Photos iCloud Sort/IMG_9685.JPG,True
27d3580de0cd3c0f11154c838a4b58bd7bca1ed257bcde9a8827c0cc268937d5,/Users/annibauer/Documents/__Coding.nosync/PhotoAssistant/analysis_output/discarded_review/IMG_9685_1.JPG,/Users/annibauer/Documents/__Photos.nosync/Photos iCloud Sort/IMG_9685.JPG,False
937bd87fc66ea896b1f51a5cf9be7877a422ef61cd474480562efeb945f0a4cb,/Users/annibauer/Documents/__Coding.nosync/PhotoAssistant/analysis_output/discarded_review/IMG_9686.JPG,/Users/annibauer/Documents/__Photos.nosync/Photos iCloud Sort/IMG_9686.JPG,True
937bd87fc66ea896b1f51a5cf9be7877a422ef61cd474480562efeb945f0a4cb,/Users/annibauer/Documents/__Coding.nosync/PhotoAssistant/analysis_output/discarded_review/IMG_9686_1.JPG,/Users/annibauer/Documents/__Photos.nosync/Photos iCloud Sort/IMG_9686.JPG,False
fd678c3b14ced24cb15e29f55bea2ece55f4c6a625a122dd195fe0348800c0ec,/Users/annibauer/Documents/__Coding.nosync/PhotoAssistant/analysis_output/discarded_review/IMG_9687.JPG,/Users/annibauer/Documents/__Photos.nosync/Photos iCloud Sort/IMG_9687.JPG,True
fd678c3b14ced24cb15e29f55bea2ece55f4c6a625a122dd195fe0348800c0ec,/Users/annibauer/Documents/__Coding.nosync/PhotoAssistant/analysis_output/discarded_review/IMG_9687_1.JPG,/Users/annibauer/Documents/__Photos.nosync/Photos iCloud Sort/IMG_9687.JPG,False
fc4c958c2c2d95a7dd10e9bc9631ec92fa2e8f4d30e333722816781632d1cff5,/Users/annibauer/Documents/__Coding.nosync/PhotoAssistant/analysis_output/discarded_review/IMG_9688.JPG,/Users/annibauer/Documents/__Photos.nosync/Photos iCloud Sort/IMG_9688.JPG,True
fc4c958c2c2d95a7dd10e9bc9631ec92fa2e8f4d30e333722816781632d1cff5,/Users/annibauer/Documents/__Coding.nosync/PhotoAssistant/analysis_output/discarded_review/IMG_9688_1.JPG,/Users/annibauer/Documents/__Photos.nosync/Photos iCloud Sort/IMG_9688.JPG,False
4fc58ec9f87092219dc2583ca944d247388241196c1fe2229770e19f007c133a,/Users/annibauer/Documents/__Coding.nosync/PhotoAssistant/analysis_output/discarded_review/IMG_9698.JPG,/Users/annibauer/Documents/__Photos.nosync/Photos iCloud Sort/IMG_9698.JPG,True
4fc58ec9f87092219dc2583ca944d247388241196c1fe2229770e19f007c133a,/Users/annibauer/Documents/__Coding.nosync/PhotoAssistant/analysis_output/discarded_review/IMG_9698_1.JPG,/Users/annibauer/Documents/__Photos.nosync/Photos iCloud Sort/IMG_9698.JPG,False
4ca16a6acec64dfb5b43efa3ddce4a975f32939b921c4d0231ea65cbef895aed,/Users/annibauer/Documents/__Coding.nosync/PhotoAssistant/analysis_output/discarded_review/IMG_9701.JPG,/Users/annibauer/Documents/__Photos.nosync/Photos iCloud Sort/IMG_9701.JPG,True
4ca16a6acec64dfb5b43efa3ddce4a975f32939b921c4d0231ea65cbef895aed,/Users/annibauer/Documents/__Coding.nosync/PhotoAssistant/analysis_output/discarded_review/IMG_9701_1.JPG,/Users/annibauer/Documents/__Photos.nosync/Photos iCloud Sort/IMG_9701.JPG,False
7a38a36186941a64f89900576ccd7054d9247d4f2328d6cc66a0843bc15a81d8,/Users/annibauer/Documents/__Coding.nosync/PhotoAssistant/analysis_output/discarded_review/IMG_9702.JPG,/Users/annibauer/Documents/__Photos.nosync/Photos iCloud Sort/IMG_9702.JPG,True
7a38a36186941a64f89900576ccd7054d9247d4f2328d6cc66a0843bc15a81d8,/Users/annibauer/Documents/__Coding.nosync/PhotoAssistant/analysis_output/discarded_review/IMG_9702_1.JPG,/Users/annibauer/Documents/__Photos.nosync/Photos iCloud Sort/IMG_9702.JPG,False
13e938b871fd2519b3b32d4e1e2f2bf5828bd462c0a6ffca77e70ff0cae5eefa,/Users/annibauer/Documents/__Coding.nosync/PhotoAssistant/analysis_output/discarded_review/IMG_9703.JPG,/Users/annibauer/Documents/__Photos.nosync/Photos iCloud Sort/IMG_9703.JPG,True
13e938b871fd2519b3b32d4e1e2f2bf5828bd462c0a6ffca77e70ff0cae5eefa,/Users/annibauer/Documents/__Coding.nosync/PhotoAssistant/analysis_output/discarded_review/IMG_9703_1.JPG,/Users/annibauer/Documents/__Photos.nosync/Photos iCloud Sort/IMG_9703.JPG,False
dcd5328a08c9644616aa4c53ecfb2f3b67c5cff6716ad5a5dc7c537ab9b8963b,/Users/annibauer/Documents/__Coding.nosync/PhotoAssistant/analysis_output/discarded_review/IMG_9709.JPG,/Users/annibauer/Documents/__Photos.nosync/Photos iCloud Sort/IMG_9709.JPG,True
dcd5328a08c9644616aa4c53ecfb2f3b67c5cff6716ad5a5dc7c537ab9b8963b,/Users/annibauer/Documents/__Coding.nosync/PhotoAssistant/analysis_output/discarded_review/IMG_9709_1.JPG,/Users/annibauer/Documents/__Photos.nosync/Photos iCloud Sort/IMG_9709.JPG,False
be298193a0acaff7ea4f84d35e92c9e84f777512f217f2d48ae6eb49af062a16,/Users/annibauer/Documents/__Coding.nosync/PhotoAssistant/analysis_output/discarded_review/IMG_9710.JPG,/Users/annibauer/Documents/__Photos.nosync/Photos iCloud Sort/IMG_9710.JPG,True
be298193a0acaff7ea4f84d35e92c9e84f777512f217f2d48ae6eb49af062a16,/Users/annibauer/Documents/__Coding.nosync/PhotoAssistant/analysis_output/discarded_review/IMG_9710_1.JPG,/Users/annibauer/Documents/__Photos.nosync/Photos iCloud Sort/IMG_9710.JPG,False
63ccc3b4784246e1c65254aa1644ee5acf17287d090b31ebf25db7495fb7aa70,/Users/annibauer/Documents/__Coding.nosync/PhotoAssistant/analysis_output/discarded_review/IMG_9712.JPG,/Users/annibauer/Documents/__Photos.nosync/Photos iCloud Sort/IMG_9712.JPG,True
63ccc3b4784246e1c65254aa1644ee5acf17287d090b31ebf25db7495fb7aa70,/Users/annibauer/Documents/__Coding.nosync/PhotoAssistant/analysis_output/discarded_review/IMG_9712_1.JPG,/Users/annibauer/Documents/__Photos.nosync/Photos iCloud Sort/IMG_9712.JPG,False
49fa1c330337869a243355c4576197d3340be9ff8f6cc0f9eab958860bc0a436,/Users/annibauer/Documents/__Coding.nosync/PhotoAssistant/analysis_output/discarded_review/IMG_9713.JPG,/Users/annibauer/Documents/__Photos.nosync/Photos iCloud Sort/IMG_9713.JPG,True
49fa1c330337869a243355c4576197d3340be9ff8f6cc0f9eab958860bc0a436,/Users/annibauer/Documents/__Coding.nosync/PhotoAssistant/analysis_output/discarded_review/IMG_9713_1.JPG,/Users/annibauer/Documents/__Photos.nosync/Photos iCloud Sort/IMG_9713.JPG,False
6a4538f236db0169161212367f26a2e7e7a600ed07da78b84d953a3ddacf709a,/Users/annibauer/Documents/__Coding.nosync/PhotoAssistant/analysis_output/discarded_review/IMG_9714.JPG,/Users/annibauer/Documents/__Photos.nosync/Photos iCloud Sort/IMG_9714.JPG,True
6a4538f236db0169161212367f26a2e7e7a600ed07da78b84d953a3ddacf709a,/Users/annibauer/Documents/__Coding.nosync/PhotoAssistant/analysis_output/discarded_review/IMG_9714_1.JPG,/Users/annibauer/Documents/__Photos.nosync/Photos iCloud Sort/IMG_9714.JPG,False
3179ccb67328d73e04fd657ab9e478d886518170c8f9ccc87f59e66450ae9a93,/Users/annibauer/Documents/__Coding.nosync/PhotoAssistant/analysis_output/discarded_review/IMG_9715.JPG,/Users/annibauer/Documents/__Photos.nosync/Photos iCloud Sort/IMG_9715.JPG,True
3179ccb67328d73e04fd657ab9e478d886518170c8f9ccc87f59e66450ae9a93,/Users/annibauer/Documents/__Coding.nosync/PhotoAssistant/analysis_output/discarded_review/IMG_9715_1.JPG,/Users/annibauer/Documents/__Photos.nosync/Photos iCloud Sort/IMG_9715.JPG,False
ecb78d82f197974de91589baf30d16eb5efb34bf926fa52e6100aaa600fd473f,/Users/annibauer/Documents/__Coding.nosync/PhotoAssistant/analysis_output/discarded_review/IMG_9716.JPG,/Users/annibauer/Documents/__Photos.nosync/Photos iCloud Sort/IMG_9716.JPG,True
ecb78d82f197974de91589baf30d16eb5efb34bf926fa52e6100aaa600fd473f,/Users/annibauer/Documents/__Coding.nosync/PhotoAssistant/analysis_output/discarded_review/IMG_9716_1.JPG,/Users/annibauer/Documents/__Photos.nosync/Photos iCloud Sort/IMG_9716.JPG,False
f280d5d997f403e7b0d01d5ab205cb52abc49c29090432e05fc696201868daf6,/Users/annibauer/Documents/__Coding.nosync/PhotoAssistant/analysis_output/discarded_review/IMG_9717.JPG,/Users/annibauer/Documents/__Photos.nosync/Photos iCloud Sort/IMG_9717.JPG,True
f280d5d997f403e7b0d01d5ab205cb52abc49c29090432e05fc696201868daf6,/Users/annibauer/Documents/__Coding.nosync/PhotoAssistant/analysis_output/discarded_review/IMG_9717_1.JPG,/Users/annibauer/Documents/__Photos.nosync/Photos iCloud Sort/IMG_9717.JPG,False
887ab4989c7c9d38e69333438afe867ec1dea874ef6bd9e789bdd3a5418d62f9,/Users/annibauer/Documents/__Coding.nosync/PhotoAssistant/analysis_output/discarded_review/IMG_9719.JPG,/Users/annibauer/Documents/__Photos.nosync/Photos iCloud Sort/IMG_9719.JPG,True
887ab4989c7c9d38e69333438afe867ec1dea874ef6bd9e789bdd3a5418d62f9,/Users/annibauer/Documents/__Coding.nosync/PhotoAssistant/analysis_output/discarded_review/IMG_9719_1.JPG,/Users/annibauer/Documents/__Photos.nosync/Photos iCloud Sort/IMG_9719.JPG,False
c8e6c4432424207b2c074fa409572933421cf8d41cbffb962c8d9ed3a1ea12a5,/Users/annibauer/Documents/__Coding.nosync/PhotoAssistant/analysis_output/discarded_review/IMG_9720.JPG,/Users/annibauer/Documents/__Photos.nosync/Photos iCloud Sort/IMG_9720.JPG,True
c8e6c4432424207b2c074fa409572933421cf8d41cbffb962c8d9ed3a1ea12a5,/Users/annibauer/Documents/__Coding.nosync/PhotoAssistant/analysis_output/discarded_review/IMG_9720_1.JPG,/Users/annibauer/Documents/__Photos.nosync/Photos iCloud Sort/IMG_9720.JPG,False
34b24b6ccc1f9fb3654be2c5e21090e6119daa2cbde12c4621ee3d342a69ee6d,/Users/annibauer/Documents/__Coding.nosync/PhotoAssistant/analysis_output/discarded_review/IMG_9722.JPG,/Users/annibauer/Documents/__Photos.nosync/Photos iCloud Sort/IMG_9722.JPG,True
34b24b6ccc1f9fb3654be2c5e21090e6119daa2cbde12c4621ee3d342a69ee6d,/Users/annibauer/Documents/__Coding.nosync/PhotoAssistant/analysis_output/discarded_review/IMG_9722_1.JPG,/Users/annibauer/Documents/__Photos.nosync/Photos iCloud Sort/IMG_9722.JPG,False
bea87402815a543e4fed6489d8303888e5285ad5fee5a1f99c17d3fe2e56d043,/Users/annibauer/Documents/__Coding.nosync/PhotoAssistant/analysis_output/discarded_review/IMG_9723.JPG,/Users/annibauer/Documents/__Photos.nosync/Photos iCloud Sort/IMG_9723.JPG,True
bea87402815a543e4fed6489d8303888e5285ad5fee5a1f99c17d3fe2e56d043,/Users/annibauer/Documents/__Coding.nosync/PhotoAssistant/analysis_output/discarded_review/IMG_9723_1.JPG,/Users/annibauer/Documents/__Photos.nosync/Photos iCloud Sort/IMG_9723.JPG,False
58a2af25b695e2b2aabdd5e4d34e3f3d742906f35a467ece708a3343473fb7bb,/Users/annibauer/Documents/__Coding.nosync/PhotoAssistant/analysis_output/discarded_review/IMG_9724.JPG,/Users/annibauer/Documents/__Photos.nosync/Photos iCloud Sort/IMG_9724.JPG,True
58a2af25b695e2b2aabdd5e4d34e3f3d742906f35a467ece708a3343473fb7bb,/Users/annibauer/Documents/__Coding.nosync/PhotoAssistant/analysis_output/discarded_review/IMG_9724_1.JPG,/Users/annibauer/Documents/__Photos.nosync/Photos iCloud Sort/IMG_9724.JPG,False
4f3f9ec41e2fd9d6bc2d9179c0c6467913b1e119b51e73194fd73c193436354d,/Users/annibauer/Documents/__Coding.nosync/PhotoAssistant/analysis_output/discarded_review/IMG_9725.JPG,/Users/annibauer/Documents/__Photos.nosync/Photos iCloud Sort/IMG_9725.JPG,True
4f3f9ec41e2fd9d6bc2d9179c0c6467913b1e119b51e73194fd73c193436354d,/Users/annibauer/Documents/__Coding.nosync/PhotoAssistant/analysis_output/discarded_review/IMG_9725_1.JPG,/Users/annibauer/Documents/__Photos.nosync/Photos iCloud Sort/IMG_9725.JPG,False
c9bad820b12c6ff7f238b0a0130932b56f1d4abd3703557c6d3d91910188771d,/Users/annibauer/Documents/__Coding.nosync/PhotoAssistant/analysis_output/discarded_review/IMG_9726.JPG,/Users/annibauer/Documents/__Photos.nosync/Photos iCloud Sort/IMG_9726.JPG,True
c9bad820b12c6ff7f238b0a0130932b56f1d4abd3703557c6d3d91910188771d,/Users/annibauer/Documents/__Coding.nosync/PhotoAssistant/analysis_output/discarded_review/IMG_9726_1.JPG,/Users/annibauer/Documents/__Photos.nosync/Photos iCloud Sort/IMG_9726.JPG,False
b2365a44099f9bd1be9c28a69e8605a64e5d192d3b66b3813f7ba0073c224111,/Users/annibauer/Documents/__Coding.nosync/PhotoAssistant/analysis_output/discarded_review/IMG_9963.JPG,/Users/annibauer/Documents/__Photos.nosync/Photos iCloud Sort/IMG_9963.JPG,True
6419e10ce017b55876f21e6d5dac6247de095d0532ed5cf78223f3f8437e68d4,/Users/annibauer/Documents/__Coding.nosync/PhotoAssistant/analysis_output/discarded_review/a02a6a63-d08a-4368-b43b-1902af7feed9.jpg,/Users/annibauer/Documents/__Photos.nosync/Photos iCloud Sort/a02a6a63-d08a-4368-b43b-1902af7feed9.jpg,True
5d127b1483a3ab2c495e9682755e14a5a8faa9b682e9dbccb294ee0ac2417782,/Users/annibauer/Documents/__Coding.nosync/PhotoAssistant/analysis_output/discarded_review/a838dff3-828a-4f25-9c92-cd3efec10a24.jpg,/Users/annibauer/Documents/__Photos.nosync/Photos iCloud Sort/a838dff3-828a-4f25-9c92-cd3efec10a24.jpg,True
b8df014aae42320e8ed9c83239f77a48700ac3a2b04e356f6b40bc0e30e2afbf,/Users/annibauer/Documents/__Coding.nosync/PhotoAssistant/analysis_output/discarded_review/a88b1e0c-a220-479e-99b7-5c0fa7bdc689.jpg,/Users/annibauer/Documents/__Photos.nosync/Photos iCloud Sort/a88b1e0c-a220-479e-99b7-5c0fa7bdc689.jpg,True
ece6a22263feaebcf90eace608f974addc4fade0e2e9dcecc96230d91b106201,/Users/annibauer/Documents/__Coding.nosync/PhotoAssistant/analysis_output/discarded_review/a8b567b6-cd6e-4a0a-9a6b-f669d14fb59a.jpg,/Users/annibauer/Documents/__Photos.nosync/Photos iCloud Sort/a8b567b6-cd6e-4a0a-9a6b-f669d14fb59a.jpg,True
123a76393cc188497562243b129589faea39b54076aa6b38a87180585f625235,/Users/annibauer/Documents/__Coding.nosync/PhotoAssistant/analysis_output/discarded_review/a8d957b6-17d4-4549-9923-fb676f61dd96.jpg,/Users/annibauer/Documents/__Photos.nosync/Photos iCloud Sort/a8d957b6-17d4-4549-9923-fb676f61dd96.jpg,True
7dad24e3863efc511530ab7b482681d4f4c4a2d1976d2d18ff2cf63b8684730b,/Users/annibauer/Documents/__Coding.nosync/PhotoAssistant/analysis_output/discarded_review/a9df54a1-4724-46a2-a08f-18e5a31ffa48.jpg,/Users/annibauer/Documents/__Photos.nosync/Photos iCloud Sort/a9df54a1-4724-46a2-a08f-18e5a31ffa48.jpg,True
e481381e00f6478d059177633b4dd1e94c2eae9737cd1b320827c27c8e22bcc3,/Users/annibauer/Documents/__Coding.nosync/PhotoAssistant/analysis_output/discarded_review/aaf33179-3a04-4888-a58e-c9b048c8961c.jpg,/Users/annibauer/Documents/__Photos.nosync/Photos iCloud Sort/aaf33179-3a04-4888-a58e-c9b048c8961c.jpg,True
e7f19cc8a14ec18e0e61f0c9d94ca408e3b4b2a4578272c1a511e297ae2edbd9,/Users/annibauer/Documents/__Coding.nosync/PhotoAssistant/analysis_output/discarded_review/ab5a8b16-8e92-40e8-bcd3-a8d1f23a0e53.jpg,/Users/annibauer/Documents/__Photos.nosync/Photos iCloud Sort/ab5a8b16-8e92-40e8-bcd3-a8d1f23a0e53.jpg,True
bfe6a0cbabe63d183f234af58bf366d2c328489b1649e89d8b8bddddcb1949da,/Users/annibauer/Documents/__Coding.nosync/PhotoAssistant/analysis_output/discarded_review/aef738f5-ef95-4380-8bc1-1281fd5fa477.jpg,/Users/annibauer/Documents/__Photos.nosync/Photos iCloud Sort/aef738f5-ef95-4380-8bc1-1281fd5fa477.jpg,True
ba6a9f43461d14771c025327286d5fd22fa8087a87928264740e2f76acf281a5,/Users/annibauer/Documents/__Coding.nosync/PhotoAssistant/analysis_output/discarded_review/b0c90f80-309f-411a-b0e4-a57efddf855a.jpg,/Users/annibauer/Documents/__Photos.nosync/Photos iCloud Sort/b0c90f80-309f-411a-b0e4-a57efddf855a.jpg,True
0af7097795c75c1330981442e10cde02651c48a44e4d1621689b48ba7c228e62,/Users/annibauer/Documents/__Coding.nosync/PhotoAssistant/analysis_output/discarded_review/b34540e2-1d05-4306-923b-bd70bd59fb38.JPEG,/Users/annibauer/Documents/__Photos.nosync/Photos iCloud Sort/b34540e2-1d05-4306-923b-bd70bd59fb38.JPEG,True
ff7925898e210ebbd40a53b4df712a97a2c73e7d1b83e05930e1e74d27a8233d,/Users/annibauer/Documents/__Coding.nosync/PhotoAssistant/analysis_output/discarded_review/b4b557da-dc4d-4738-bd4f-03004f159666.jpg,/Users/annibauer/Documents/__Photos.nosync/Photos iCloud Sort/b4b557da-dc4d-4738-bd4f-03004f159666.jpg,True
6284f1d348ef47ccb7249a4369ad3d00a95376c420b11dd69eb4f6d0a07791fc,/Users/annibauer/Documents/__Coding.nosync/PhotoAssistant/analysis_output/discarded_review/b7bbdc45-8e9b-40a8-93f6-ce700304b7bb.jpg,/Users/annibauer/Documents/__Photos.nosync/Photos iCloud Sort/b7bbdc45-8e9b-40a8-93f6-ce700304b7bb.jpg,True
c3779c41d06e3197e037caf686e18a3b8ff1d31fa956e101cdb8e5998e746239,/Users/annibauer/Documents/__Coding.nosync/PhotoAssistant/analysis_output/discarded_review/b8f3e2db-f8d5-4892-8ab3-62fac2d32208.jpg,/Users/annibauer/Documents/__Photos.nosync/Photos iCloud Sort/b8f3e2db-f8d5-4892-8ab3-62fac2d32208.jpg,True
c3779c41d06e3197e037caf686e18a3b8ff1d31fa956e101cdb8e5998e746239,/Users/annibauer/Documents/__Coding.nosync/PhotoAssistant/analysis_output/discarded_review/b8f3e2db-f8d5-4892-8ab3-62fac2d32208_1.jpg,/Users/annibauer/Documents/__Photos.nosync/Photos iCloud Sort/b8f3e2db-f8d5-4892-8ab3-62fac2d32208.jpg,False
994a421feaa7a13edd3cda2f1d41a52aac5cd653d8b5c3888533001dfec92cc3,/Users/annibauer/Documents/__Coding.nosync/PhotoAssistant/analysis_output/discarded_review/b9128a3a-2e72-469f-a517-3c83e56a300e.jpg,/Users/annibauer/Documents/__Photos.nosync/Photos iCloud Sort/b9128a3a-2e72-469f-a517-3c83e56a300e.jpg,True
7153a5a5da5d851f856e44a1aec10030ecf32b9cbd3913ffadb6874f8911a238,/Users/annibauer/Documents/__Coding.nosync/PhotoAssistant/analysis_output/discarded_review/c0eb6abf-4d78-4d6c-b3d4-c76d8cdac03e.jpg,/Users/annibauer/Documents/__Photos.nosync/Photos iCloud Sort/c0eb6abf-4d78-4d6c-b3d4-c76d8cdac03e.jpg,True
31584ad04888fad30e1bda639584057dbfc133b50fb2fd2756f35b1665a94443,/Users/annibauer/Documents/__Coding.nosync/PhotoAssistant/analysis_output/discarded_review/c13c238f-3a76-488e-8bd6-30baf499e6e7.jpg,/Users/annibauer/Documents/__Photos.nosync/Photos iCloud Sort/c13c238f-3a76-488e-8bd6-30baf499e6e7.jpg,True
c8290e929a2d8f18f8ad53017754b83d5e3d44cfad546744391d70e6dcab6858,/Users/annibauer/Documents/__Coding.nosync/PhotoAssistant/analysis_output/discarded_review/ca7674b4-5342-43b7-9108-ea6ef570f24c.jpg,/Users/annibauer/Documents/__Photos.nosync/Photos iCloud Sort/ca7674b4-5342-43b7-9108-ea6ef570f24c.jpg,True
87ed921fe29b4db152cc9c12c04acb27a3dc07e14867fd4c5c8aa4514903e2a2,/Users/annibauer/Documents/__Coding.nosync/PhotoAssistant/analysis_output/discarded_review/caf08982-4334-4ddb-843c-fe94cb930a30.jpg,/Users/annibauer/Documents/__Photos.nosync/Photos iCloud Sort/caf08982-4334-4ddb-843c-fe94cb930a30.jpg,True
f4724a28fbcead5c954ff27955649f707fb3d746b7848e98170abd47d54aa17c,/Users/annibauer/Documents/__Coding.nosync/PhotoAssistant/analysis_output/discarded_review/cf428787-6c8f-4d92-8f35-276428f37a71.jpg,/Users/annibauer/Documents/__Photos.nosync/Photos iCloud Sort/cf428787-6c8f-4d92-8f35-276428f37a71.jpg,True
22f267ec82b64ded51be4a59a8d1f3f16627010ab430d1b3b5fc4e519ae14b61,/Users/annibauer/Documents/__Coding.nosync/PhotoAssistant/analysis_output/discarded_review/cfc5b6ae-865b-4a91-a766-604991a1f69e.jpg,/Users/annibauer/Documents/__Photos.nosync/Photos iCloud Sort/cfc5b6ae-865b-4a91-a766-604991a1f69e.jpg,True
0b4c3fc0a36ae4fe703e3d6bf8e6f87d87be0ab123481ddd95d2a72c7cf630eb,/Users/annibauer/Documents/__Coding.nosync/PhotoAssistant/analysis_output/discarded_review/cfe3dca8-e13f-4563-8a9c-35abef65db5b.jpg,/Users/annibauer/Documents/__Photos.nosync/Photos iCloud Sort/cfe3dca8-e13f-4563-8a9c-35abef65db5b.jpg,True
01c172894cfb427f4064085078609198311ea538172f3fed666179ff94fb0d6f,/Users/annibauer/Documents/__Coding.nosync/PhotoAssistant/analysis_output/discarded_review/d067ad8d-57a7-4a15-8aa4-94dc82bf93ca.jpg,/Users/annibauer/Documents/__Photos.nosync/Photos iCloud Sort/d067ad8d-57a7-4a15-8aa4-94dc82bf93ca.jpg,True
01c172894cfb427f4064085078609198311ea538172f3fed666179ff94fb0d6f,/Users/annibauer/Documents/__Coding.nosync/PhotoAssistant/analysis_output/discarded_review/d067ad8d-57a7-4a15-8aa4-94dc82bf93ca_1.jpg,/Users/annibauer/Documents/__Photos.nosync/Photos iCloud Sort/d067ad8d-57a7-4a15-8aa4-94dc82bf93ca.jpg,False
449917229f853e33ac0c678f1474639bf47287a93b0046558957ee21c6221729,/Users/annibauer/Documents/__Coding.nosync/PhotoAssistant/analysis_output/discarded_review/d2a0eb07-5f14-48b0-8f36-8a9890619142.jpg,/Users/annibauer/Documents/__Photos.nosync/Photos iCloud Sort/d2a0eb07-5f14-48b0-8f36-8a9890619142.jpg,True
449917229f853e33ac0c678f1474639bf47287a93b0046558957ee21c6221729,/Users/annibauer/Documents/__Coding.nosync/PhotoAssistant/analysis_output/discarded_review/d2a0eb07-5f14-48b0-8f36-8a9890619142_1.jpg,/Users/annibauer/Documents/__Photos.nosync/Photos iCloud Sort/d2a0eb07-5f14-48b0-8f36-8a9890619142.jpg,False
5b900b0c5d4eb4bb443c40f5ae0b10fcac9783ab513f303462ad7568bac31383,/Users/annibauer/Documents/__Coding.nosync/PhotoAssistant/analysis_output/discarded_review/d4a41f1b-b4e0-4943-9858-1641cc59818b.jpg,/Users/annibauer/Documents/__Photos.nosync/Photos iCloud Sort/d4a41f1b-b4e0-4943-9858-1641cc59818b.jpg,True
5b900b0c5d4eb4bb443c40f5ae0b10fcac9783ab513f303462ad7568bac31383,/Users/annibauer/Documents/__Coding.nosync/PhotoAssistant/analysis_output/discarded_review/d4a41f1b-b4e0-4943-9858-1641cc59818b_1.jpg,/Users/annibauer/Documents/__Photos.nosync/Photos iCloud Sort/d4a41f1b-b4e0-4943-9858-1641cc59818b.jpg,False
5504d9de1fad444ca11a848307da5fc842fa25b8cdca9a2fbf807ddd2d3925f7,/Users/annibauer/Documents/__Coding.nosync/PhotoAssistant/analysis_output/discarded_review/d54b1560-ed2c-4229-94a3-ec8513facffd.jpg,/Users/annibauer/Documents/__Photos.nosync/Photos iCloud Sort/d54b1560-ed2c-4229-94a3-ec8513facffd.jpg,True
1c1b1bd9517444315b2f257a0931a870f2a2a8254a6a0f49aec4b416eed4a3a0,/Users/annibauer/Documents/__Coding.nosync/PhotoAssistant/analysis_output/discarded_review/d6be42d0-d8d5-4b7d-9811-090277ec475c.jpg,/Users/annibauer/Documents/__Photos.nosync/Photos iCloud Sort/d6be42d0-d8d5-4b7d-9811-090277ec475c.jpg,True
1c1b1bd9517444315b2f257a0931a870f2a2a8254a6a0f49aec4b416eed4a3a0,/Users/annibauer/Documents/__Coding.nosync/PhotoAssistant/analysis_output/discarded_review/d6be42d0-d8d5-4b7d-9811-090277ec475c_1.jpg,/Users/annibauer/Documents/__Photos.nosync/Photos iCloud Sort/d6be42d0-d8d5-4b7d-9811-090277ec475c.jpg,False
75b5d56ce75338b466e2513d6d282078628bfdb71dc965da2756fd2b6951a9ae,/Users/annibauer/Documents/__Coding.nosync/PhotoAssistant/analysis_output/discarded_review/d8c22144-de6c-4ec2-b3e1-5bf986f97ce0.jpg,/Users/annibauer/Documents/__Photos.nosync/Photos iCloud Sort/d8c22144-de6c-4ec2-b3e1-5bf986f97ce0.jpg,True
cf1dfe95ff7c0b4b67c44180c72dffdefdab6ee13b7a0f5793730600fbab229c,/Users/annibauer/Documents/__Coding.nosync/PhotoAssistant/analysis_output/discarded_review/da1a407d-78b1-4823-9732-044779bea49e.jpg,/Users/annibauer/Documents/__Photos.nosync/Photos iCloud Sort/da1a407d-78b1-4823-9732-044779bea49e.jpg,True
bb9950173761e165d2a0c4ac9f5491c1d811ab7f3db3d142c36dfec00f3a2477,/Users/annibauer/Documents/__Coding.nosync/PhotoAssistant/analysis_output/discarded_review/dbedf863-0d70-4241-ae47-2661a9dd659c.jpg,/Users/annibauer/Documents/__Photos.nosync/Photos iCloud Sort/dbedf863-0d70-4241-ae47-2661a9dd659c.jpg,True
bb9950173761e165d2a0c4ac9f5491c1d811ab7f3db3d142c36dfec00f3a2477,/Users/annibauer/Documents/__Coding.nosync/PhotoAssistant/analysis_output/discarded_review/dbedf863-0d70-4241-ae47-2661a9dd659c_1.jpg,/Users/annibauer/Documents/__Photos.nosync/Photos iCloud Sort/dbedf863-0d70-4241-ae47-2661a9dd659c.jpg,False
7c0eff810a13681ffb594aa04a4a384ea8532eff96ba5881684926291c80f2e5,/Users/annibauer/Documents/__Coding.nosync/PhotoAssistant/analysis_output/discarded_review/de3a47ea-4982-4ad6-8600-a27dc777e6a8.jpg,/Users/annibauer/Documents/__Photos.nosync/Photos iCloud Sort/de3a47ea-4982-4ad6-8600-a27dc777e6a8.jpg,True
a9f1e673ab93ce9494d1b9b03fa51221bdd9015bdfe6d11b45ade2e88f2ab972,/Users/annibauer/Documents/__Coding.nosync/PhotoAssistant/analysis_output/discarded_review/df5065c0-dbf7-4eba-8f2b-369a5f743bb7.jpg,/Users/annibauer/Documents/__Photos.nosync/Photos iCloud Sort/df5065c0-dbf7-4eba-8f2b-369a5f743bb7.jpg,True
4246849039be4f7c83a92b40b2808984610c0761c97503556f56dd0312af0f61,/Users/annibauer/Documents/__Coding.nosync/PhotoAssistant/analysis_output/discarded_review/dfe603de-33bb-4d99-a9b3-55ea656de927.jpg,/Users/annibauer/Documents/__Photos.nosync/Photos iCloud Sort/dfe603de-33bb-4d99-a9b3-55ea656de927.jpg,True
a76e3ffe8afbe5fc14341ebd9e0d3ed48665c8365701d1c61dd8a96648c28999,/Users/annibauer/Documents/__Coding.nosync/PhotoAssistant/analysis_output/discarded_review/e0ca8e93-2d03-4611-9123-9388e8816c1b.jpg,/Users/annibauer/Documents/__Photos.nosync/Photos iCloud Sort/e0ca8e93-2d03-4611-9123-9388e8816c1b.jpg,True
beb7bd181b28784423523719d66e2eb91b38924cf0283bd179497200bcc42506,/Users/annibauer/Documents/__Coding.nosync/PhotoAssistant/analysis_output/discarded_review/e91ef4d0-9378-49da-a9f0-e2a8720d7a7f.jpg,/Users/annibauer/Documents/__Photos.nosync/Photos iCloud Sort/e91ef4d0-9378-49da-a9f0-e2a8720d7a7f.jpg,True
8be55d5d6a40837ceaff9915170f859dc2e6c2cf9c2c9c2290a6208cf4a865f2,/Users/annibauer/Documents/__Coding.nosync/PhotoAssistant/analysis_output/discarded_review/eeddac67-8922-4504-8410-159d4521990a.jpg,/Users/annibauer/Documents/__Photos.nosync/Photos iCloud Sort/eeddac67-8922-4504-8410-159d4521990a.jpg,True
46c27d4e34ee8b152160b8d542e387ae073f987a8937a36ba393b2d9eed04c32,/Users/annibauer/Documents/__Coding.nosync/PhotoAssistant/analysis_output/discarded_review/f3192ad2-1de5-4cba-ab04-0b25ef7dace4.jpg,/Users/annibauer/Documents/__Photos.nosync/Photos iCloud Sort/f3192ad2-1de5-4cba-ab04-0b25ef7dace4.jpg,True
f568e3970918d4c70caf4a42bee0dc00a61352c588955d24b7893ff17a8e0815,/Users/annibauer/Documents/__Coding.nosync/PhotoAssistant/analysis_output/discarded_review/f68f75ff-638d-4918-9710-77096665200e.jpg,/Users/annibauer/Documents/__Photos.nosync/Photos iCloud Sort/f68f75ff-638d-4918-9710-77096665200e.jpg,True
2616358dbd7b0d519e8bb92cf47286e269d62804fc39f9d79e381350187dceec,/Users/annibauer/Documents/__Coding.nosync/PhotoAssistant/analysis_output/discarded_review/faa98dd8-9bf5-4572-b723-6171b5f1d7e8.jpg,/Users/annibauer/Documents/__Photos.nosync/Photos iCloud Sort/faa98dd8-9bf5-4572-b723-6171b5f1d7e8.jpg,True
7e4d17b6d54f0a164e6e1f89a537d3c587297369af9da7a52e09fc7cd873817b,/Users/annibauer/Documents/__Coding.nosync/PhotoAssistant/analysis_output/discarded_review/fafe1469-1b3e-4665-a477-09c1d72c34f6.jpg,/Users/annibauer/Documents/__Photos.nosync/Photos iCloud Sort/fafe1469-1b3e-4665-a477-09c1d72c34f6.jpg,True
ef35729feb262d19a1d549b193a78cc5e0be830bf7b3103c3fb0eaa4589b66d2,/Users/annibauer/Documents/__Coding.nosync/PhotoAssistant/analysis_output/discarded_review/2004-1.jpg,/Users/annibauer/Documents/__Photos.nosync/SORTED/Mareike/2004-1.jpg,True
1e0174edf04115756fd51727692e1e0249b0d67b4a360eca6b74491635c6e049,/Users/annibauer/Documents/__Coding.nosync/PhotoAssistant/analysis_output/discarded_review/2004-10.jpg,/Users/annibauer/Documents/__Photos.nosync/SORTED/Mareike/2004-10.jpg,True
1cb1836174d17c823ab8a88c95b0180d8e78959c1b133a88b01baffce5959d7d,/Users/annibauer/Documents/__Coding.nosync/PhotoAssistant/analysis_output/discarded_review/2004-13.jpg,/Users/annibauer/Documents/__Photos.nosync/SORTED/Mareike/2004-13.jpg,True
081193d85f144db122b393b5e2809614b0cdf114d8ea02467647c74392975ae8,/Users/annibauer/Documents/__Coding.nosync/PhotoAssistant/analysis_output/discarded_review/2004-15.jpg,/Users/annibauer/Documents/__Photos.nosync/SORTED/Mareike/2004-15.jpg,True
518e905376cc946446d26a5f89ad1dd211a0dc68b00738aef00a2a1a9a55716e,/Users/annibauer/Documents/__Coding.nosync/PhotoAssistant/analysis_output/discarded_review/2004-16.jpg,/Users/annibauer/Documents/__Photos.nosync/SORTED/Mareike/2004-16.jpg,True
1dbf7949241036ca878b318c0ba167b574bb28b9fb01c4bde2e8e799437579fc,/Users/annibauer/Documents/__Coding.nosync/PhotoAssistant/analysis_output/discarded_review/2004-17.jpg,/Users/annibauer/Documents/__Photos.nosync/SORTED/Mareike/2004-17.jpg,True
0305edfbfe529f663cfc0593e2671f0b22a6defcb3c138df538f4872a8727f6e,/Users/annibauer/Documents/__Coding.nosync/PhotoAssistant/analysis_output/discarded_review/2004-2.jpg,/Users/annibauer/Documents/__Photos.nosync/SORTED/Mareike/2004-2.jpg,True
8e55b059360256eebaa3076f9730b7d7275832e849111bc51d85bee78d7def27,/Users/annibauer/Documents/__Coding.nosync/PhotoAssistant/analysis_output/discarded_review/2004-20.jpg,/Users/annibauer/Documents/__Photos.nosync/SORTED/Mareike/2004-20.jpg,True
f53ebc349b0ae0bd18f364ea86313ed859c198e4d9d00724a3ad00cb3d489de3,/Users/annibauer/Documents/__Coding.nosync/PhotoAssistant/analysis_output/discarded_review/2004-21.jpg,/Users/annibauer/Documents/__Photos.nosync/SORTED/Mareike/2004-21.jpg,True
0b1ce0eb00f8eb6242c753dce63d3ccc3ee0d6fb0e993530470ea06ba1634a63,/Users/annibauer/Documents/__Coding.nosync/PhotoAssistant/analysis_output/discarded_review/2004-25.jpg,/Users/annibauer/Documents/__Photos.nosync/SORTED/Mareike/2004-25.jpg,True
bbcc33daf4dfedf4c7833c4c98c274cf01360be458dbdc5c0aec324bed26fd3f,/Users/annibauer/Documents/__Coding.nosync/PhotoAssistant/analysis_output/discarded_review/2004-26.jpg,/Users/annibauer/Documents/__Photos.nosync/SORTED/Mareike/2004-26.jpg,True
42660d29f19439cf7641c74ffc1eb1b6a4774936d6801ebadc3f615923b2d668,/Users/annibauer/Documents/__Coding.nosync/PhotoAssistant/analysis_output/discarded_review/2004-27.jpg,/Users/annibauer/Documents/__Photos.nosync/SORTED/Mareike/2004-27.jpg,True
c8240cbc863c115d7866d69881ee49b2637ae877768f9eef90d729e54752272d,/Users/annibauer/Documents/__Coding.nosync/PhotoAssistant/analysis_output/discarded_review/2004-29.jpg,/Users/annibauer/Documents/__Photos.nosync/SORTED/Mareike/2004-29.jpg,True
2dbaae05ff28b16bd6a56f362294b29e0bc188070df3198d33a91d5c7a13453f,/Users/annibauer/Documents/__Coding.nosync/PhotoAssistant/analysis_output/discarded_review/2004-3.jpg,/Users/annibauer/Documents/__Photos.nosync/SORTED/Mareike/2004-3.jpg,True
93565002f762c97e6d4edbc42f40dd8f962adc94f272d9661828b2cf302589f1,/Users/annibauer/Documents/__Coding.nosync/PhotoAssistant/analysis_output/discarded_review/2004-30.jpg,/Users/annibauer/Documents/__Photos.nosync/SORTED/Mareike/2004-30.jpg,True
fd0488a6729ac387b26ed4a92782503e9b7651d4c7f76cfbb2e6bf04635956bc,/Users/annibauer/Documents/__Coding.nosync/PhotoAssistant/analysis_output/discarded_review/2004-31.jpg,/Users/annibauer/Documents/__Photos.nosync/SORTED/Mareike/2004-31.jpg,True
7cc7a1f62bd111d6c6b73d9046765d9d283189890c012e32ddde24fa729035e6,/Users/annibauer/Documents/__Coding.nosync/PhotoAssistant/analysis_output/discarded_review/2004-34.jpg,/Users/annibauer/Documents/__Photos.nosync/SORTED/Mareike/2004-34.jpg,True
ed1f9d07ffeb1dbdc533017f6df17f37c640db3cef7c6b78704ba721510b60b9,/Users/annibauer/Documents/__Coding.nosync/PhotoAssistant/analysis_output/discarded_review/2004-35.jpg,/Users/annibauer/Documents/__Photos.nosync/SORTED/Mareike/2004-35.jpg,True
50b3aadc096c2859ca37f57b73fd30c53464f9ca06f246dfae34c1df34ad23a8,/Users/annibauer/Documents/__Coding.nosync/PhotoAssistant/analysis_output/discarded_review/2004-36.jpg,/Users/annibauer/Documents/__Photos.nosync/SORTED/Mareike/2004-36.jpg,True
ba14ab4b1d5799d048f15d9803967fbb590a802dc5e1ab6a0125596ef0b2d057,/Users/annibauer/Documents/__Coding.nosync/PhotoAssistant/analysis_output/discarded_review/2004-39.jpg,/Users/annibauer/Documents/__Photos.nosync/SORTED/Mareike/2004-39.jpg,True
093ca00dd20592fe5bd3ee7d9fe3266aca26025b82f4d1728e8c57f613d02237,/Users/annibauer/Documents/__Coding.nosync/PhotoAssistant/analysis_output/discarded_review/2004-4.jpg,/Users/annibauer/Documents/__Photos.nosync/SORTED/Mareike/2004-4.jpg,True
2c9c1c1207553bb05e31304f6c1326a1dae080e1fc68b1b6c816bf7a0ce46e7c,/Users/annibauer/Documents/__Coding.nosync/PhotoAssistant/analysis_output/discarded_review/2004-40.jpg,/Users/annibauer/Documents/__Photos.nosync/SORTED/Mareike/2004-40.jpg,True
7f0ac3eba694534e7f3f64f1ba97c90c479bc2507373bf297cfce69d01710bf0,/Users/annibauer/Documents/__Coding.nosync/PhotoAssistant/analysis_output/discarded_review/2004-42.jpg,/Users/annibauer/Documents/__Photos.nosync/SORTED/Mareike/2004-42.jpg,True
974046563220995bc35e5d5f0e4220e06492899727d89b2b1d7bf88e03142714,/Users/annibauer/Documents/__Coding.nosync/PhotoAssistant/analysis_output/discarded_review/2004-43.jpg,/Users/annibauer/Documents/__Photos.nosync/SORTED/Mareike/2004-43.jpg,True
166aeb63e7148a6f39bb41887d64c6c8d3175f0d14c1bdba3aebee193fecf957,/Users/annibauer/Documents/__Coding.nosync/PhotoAssistant/analysis_output/discarded_review/2004-44.jpg,/Users/annibauer/Documents/__Photos.nosync/SORTED/Mareike/2004-44.jpg,True
6f8592afcaf609ed11fcf1b9e2891690656e717e8fdc955f86b6fd7fb6d5c011,/Users/annibauer/Documents/__Coding.nosync/PhotoAssistant/analysis_output/discarded_review/2004-45.jpg,/Users/annibauer/Documents/__Photos.nosync/SORTED/Mareike/2004-45.jpg,True
ef8d70ec6661246d4185066c678090f6d01345d4f26510badc2bd699660d46cb,/Users/annibauer/Documents/__Coding.nosync/PhotoAssistant/analysis_output/discarded_review/2004-47.jpg,/Users/annibauer/Documents/__Photos.nosync/SORTED/Mareike/2004-47.jpg,True
da0c1672ea09faf2926a8a49f25b8cbf8a6623de7343475459e6c41a36fb1501,/Users/annibauer/Documents/__Coding.nosync/PhotoAssistant/analysis_output/discarded_review/2004-48.jpg,/Users/annibauer/Documents/__Photos.nosync/SORTED/Mareike/2004-48.jpg,True
9baee5f28480e7221d36f51482e60389b918259bd6e7b9e56c08ed3e9031499b,/Users/annibauer/Documents/__Coding.nosync/PhotoAssistant/analysis_output/discarded_review/2004-5.jpg,/Users/annibauer/Documents/__Photos.nosync/SORTED/Mareike/2004-5.jpg,True
ce09c942bf994ee2221e8f114750c52bc8619b78c37296863793186cea4fda8f,/Users/annibauer/Documents/__Coding.nosync/PhotoAssistant/analysis_output/discarded_review/2004-8.jpg,/Users/annibauer/Documents/__Photos.nosync/SORTED/Mareike/2004-8.jpg,True
1dcd65759b30eff1f01a3b2bbdcfc00861893f6a2f6fd569e8927920ea1e8853,/Users/annibauer/Documents/__Coding.nosync/PhotoAssistant/analysis_output/discarded_review/2004-9.jpg,/Users/annibauer/Documents/__Photos.nosync/SORTED/Mareike/2004-9.jpg,True
7867e32715369f09fd0117404b9f8621b036b05f152accc6297e2b27cb1b7cfc,/Users/annibauer/Documents/__Coding.nosync/PhotoAssistant/analysis_output/discarded_review/2006-1.jpg,/Users/annibauer/Documents/__Photos.nosync/SORTED/Mareike/2006-1.jpg,True
3ab72a7473314414fc5d3d794f6363e2757a2d0892c474b755e9abc0fae8437b,/Users/annibauer/Documents/__Coding.nosync/PhotoAssistant/analysis_output/discarded_review/2006-11.jpg,/Users/annibauer/Documents/__Photos.nosync/SORTED/Mareike/2006-11.jpg,True
a208e46a74c65c638c37844182d6cbe6ed2e154dd340cf7a1cccc8eca014b71d,/Users/annibauer/Documents/__Coding.nosync/PhotoAssistant/analysis_output/discarded_review/2006-12.jpg,/Users/annibauer/Documents/__Photos.nosync/SORTED/Mareike/2006-12.jpg,True
138ff21f4c642a729228233c614ca463aaeb5c88ce2cc7e87a5986db9dd5b1dc,/Users/annibauer/Documents/__Coding.nosync/PhotoAssistant/analysis_output/discarded_review/2006-14.jpg,/Users/annibauer/Documents/__Photos.nosync/SORTED/Mareike/2006-14.jpg,True
aa5abfd34f1268efb507f57b5391638794ba6e1e2f69536daa0f6885904c32cb,/Users/annibauer/Documents/__Coding.nosync/PhotoAssistant/analysis_output/discarded_review/2006-15.jpg,/Users/annibauer/Documents/__Photos.nosync/SORTED/Mareike/2006-15.jpg,True
f46c210e8765915d7f7cca44decd94b3d039d51c75b8b5a8115dd32f68d2592f,/Users/annibauer/Documents/__Coding.nosync/PhotoAssistant/analysis_output/discarded_review/2006-16.jpg,/Users/annibauer/Documents/__Photos.nosync/SORTED/Mareike/2006-16.jpg,True
cb4735995ca17c6fa23fce5dd089ce2997307cb044594c815af67059d3d49c63,/Users/annibauer/Documents/__Coding.nosync/PhotoAssistant/analysis_output/discarded_review/2006-17.jpg,/Users/annibauer/Documents/__Photos.nosync/SORTED/Mareike/2006-17.jpg,True
14b7ec74c2a4715f274da2d27deb7be328decfd18a21233d3efc0b906c78772e,/Users/annibauer/Documents/__Coding.nosync/PhotoAssistant/analysis_output/discarded_review/2006-19.jpg,/Users/annibauer/Documents/__Photos.nosync/SORTED/Mareike/2006-19.jpg,True
e5802b4204324499243024e8620da39655558126846c19388c05424f6362cb1c,/Users/annibauer/Documents/__Coding.nosync/PhotoAssistant/analysis_output/discarded_review/2006-2.jpg,/Users/annibauer/Documents/__Photos.nosync/SORTED/Mareike/2006-2.jpg,True
9c5b1ae8b18e3166e824c34855f066430866a597876f0a2f2d0791f5e825f7de,/Users/annibauer/Documents/__Coding.nosync/PhotoAssistant/analysis_output/discarded_review/2006-20.jpg,/Users/annibauer/Documents/__Photos.nosync/SORTED/Mareike/2006-20.jpg,True
d8b7b12273e3820285009f39740c0695073ea6cfe5d60660e8a0282113498d28,/Users/annibauer/Documents/__Coding.nosync/PhotoAssistant/analysis_output/discarded_review/2006-21.jpg,/Users/annibauer/Documents/__Photos.nosync/SORTED/Mareike/2006-21.jpg,True
a545612a81c2391d7f3af5aba143b934dfe8a5a852d582bcbb1a586337542e8b,/Users/annibauer/Documents/__Coding.nosync/PhotoAssistant/analysis_output/discarded_review/2006-23.jpg,/Users/annibauer/Documents/__Photos.nosync/SORTED/Mareike/2006-23.jpg,True
cf1355fec0655b3ed5e96edbafab69b950952cbddcc1a310448920061c8dbc46,/Users/annibauer/Documents/__Coding.nosync/PhotoAssistant/analysis_output/discarded_review/2006-24.jpg,/Users/annibauer/Documents/__Photos.nosync/SORTED/Mareike/2006-24.jpg,True
1e132ca6fcf5903f5b824eda77240b7d6e2a60697e57cf3859a0ab698d674265,/Users/annibauer/Documents/__Coding.nosync/PhotoAssistant/analysis_output/discarded_review/2006-25.jpg,/Users/annibauer/Documents/__Photos.nosync/SORTED/Mareike/2006-25.jpg,True
d0845e023cb0a383fe4b699ebdad391c27a1de1fdf9295151916daeecc54115f,/Users/annibauer/Documents/__Coding.nosync/PhotoAssistant/analysis_output/discarded_review/2006-26.jpg,/Users/annibauer/Documents/__Photos.nosync/SORTED/Mareike/2006-26.jpg,True
0ffaac86b0ae289da326119ffacf2671d0cfbf97bee0019e5d1d290d2367be9a,/Users/annibauer/Documents/__Coding.nosync/PhotoAssistant/analysis_output/discarded_review/2006-27.jpg,/Users/annibauer/Documents/__Photos.nosync/SORTED/Mareike/2006-27.jpg,True
0c223016f526d64cb1f366d57316e2d829256190435101f88c15ca51d802876e,/Users/annibauer/Documents/__Coding.nosync/PhotoAssistant/analysis_output/discarded_review/2006-28.jpg,/Users/annibauer/Documents/__Photos.nosync/SORTED/Mareike/2006-28.jpg,True
c1a5a0362ac20269a7624838753f9ddbfc1358981abc7928d1bcff4bb472bc8c,/Users/annibauer/Documents/__Coding.nosync/PhotoAssistant/analysis_output/discarded_review/2006-29.jpg,/Users/annibauer/Documents/__Photos.nosync/SORTED/Mareike/2006-29.jpg,True
07bb954dad7d419387c49b0e800580fe4ae1584d23ab06be9d9882cbd3c6cc1c,/Users/annibauer/Documents/__Coding.nosync/PhotoAssistant/analysis_output/discarded_review/2006-3.jpg,/Users/annibauer/Documents/__Photos.nosync/SORTED/Mareike/2006-3.jpg,True
047732b7ea7c07b49dbb637fe33fc43b4dc4e682431278e8b2ba0a9227c029d9,/Users/annibauer/Documents/__Coding.nosync/PhotoAssistant/analysis_output/discarded_review/2006-30.jpg,/Users/annibauer/Documents/__Photos.nosync/SORTED/Mareike/2006-30.jpg,True
da6f2a9b426f1e534d29437ed3fc1ab10ed21bb182e95604fbd7ec3a58933fef,/Users/annibauer/Documents/__Coding.nosync/PhotoAssistant/analysis_output/discarded_review/2006-31.jpg,/Users/annibauer/Documents/__Photos.nosync/SORTED/Mareike/2006-31.jpg,True
5ff23e89fceda3f91194f2212e8bd1d4bf9c03d33fe46092f1973d4f85c21a1a,/Users/annibauer/Documents/__Coding.nosync/PhotoAssistant/analysis_output/discarded_review/2006-32.jpg,/Users/annibauer/Documents/__Photos.nosync/SORTED/Mareike/2006-32.jpg,True
17625abafd9a775af56c5766a979d5c88ae3380b4d52e037684199b30c278ec2,/Users/annibauer/Documents/__Coding.nosync/PhotoAssistant/analysis_output/discarded_review/2006-33.jpg,/Users/annibauer/Documents/__Photos.nosync/SORTED/Mareike/2006-33.jpg,True
c0ea46de57f1073f1674600d01c402963ccd49e832f54297e865328f5e3ca0c2,/Users/annibauer/Documents/__Coding.nosync/PhotoAssistant/analysis_output/discarded_review/2006-34.jpg,/Users/annibauer/Documents/__Photos.nosync/SORTED/Mareike/2006-34.jpg,True
46281bb87c922a3e2b412c6e1b309cd1cb74b282b4cf019a9d312b13569427ca,/Users/annibauer/Documents/__Coding.nosync/PhotoAssistant/analysis_output/discarded_review/2006-35.jpg,/Users/annibauer/Documents/__Photos.nosync/SORTED/Mareike/2006-35.jpg,True
5ee61bbb740c39d32fe566645724a46af245265e43a3b7732f3d43543fa11f3d,/Users/annibauer/Documents/__Coding.nosync/PhotoAssistant/analysis_output/discarded_review/2006-36.jpg,/Users/annibauer/Documents/__Photos.nosync/SORTED/Mareike/2006-36.jpg,True
63e08c5c70e666639f9cfa103dddb6fdabdcdc7b270960a24f346b93e1d97508,/Users/annibauer/Documents/__Coding.nosync/PhotoAssistant/analysis_output/discarded_review/2006-40.jpg,/Users/annibauer/Documents/__Photos.nosync/SORTED/Mareike/2006-40.jpg,True
d0ff02d7ff5f92213c877b3643d5453100ee2267ed664a525fbfacb403d894d3,/Users/annibauer/Documents/__Coding.nosync/PhotoAssistant/analysis_output/discarded_review/2006-41.jpg,/Users/annibauer/Documents/__Photos.nosync/SORTED/Mareike/2006-41.jpg,True
6f51b937dc2ed1c999185ee46e52ad98d1d56c833d1a1e2d400047459689db88,/Users/annibauer/Documents/__Coding.nosync/PhotoAssistant/analysis_output/discarded_review/2006-42.jpg,/Users/annibauer/Documents/__Photos.nosync/SORTED/Mareike/2006-42.jpg,True
75b3f7947444e2af2ad3bcd402fa56dc2f9b7c6c46f25f52d6174233fd45c8c3,/Users/annibauer/Documents/__Coding.nosync/PhotoAssistant/analysis_output/discarded_review/2006-43.jpg,/Users/annibauer/Documents/__Photos.nosync/SORTED/Mareike/2006-43.jpg,True
8422f321e6ad7753dd53980b6ac72e5ae48e8da062144ea6c4f8b37ab00fa928,/Users/annibauer/Documents/__Coding.nosync/PhotoAssistant/analysis_output/discarded_review/2006-44.jpg,/Users/annibauer/Documents/__Photos.nosync/SORTED/Mareike/2006-44.jpg,True
2551ef5b3d675fb81392f2f9ba4c505783638d0871cc3e4ec3d6b3ea8cd1e765,/Users/annibauer/Documents/__Coding.nosync/PhotoAssistant/analysis_output/discarded_review/2006-5.jpg,/Users/annibauer/Documents/__Photos.nosync/SORTED/Mareike/2006-5.jpg,True
a5d21619ecb6bc5abe6f2bbc7128aa617bd2c64649b87083735438a7c107107a,/Users/annibauer/Documents/__Coding.nosync/PhotoAssistant/analysis_output/discarded_review/2006-7.jpg,/Users/annibauer/Documents/__Photos.nosync/SORTED/Mareike/2006-7.jpg,True
8b6d679d6696a6c0b68f970f66d866471285fd84628847081a50b873c9ff966a,/Users/annibauer/Documents/__Coding.nosync/PhotoAssistant/analysis_output/discarded_review/2006-8.jpg,/Users/annibauer/Documents/__Photos.nosync/SORTED/Mareike/2006-8.jpg,True
d8ec933f0a4f8674c2ab140b982c80c0582d7f3f4c2f7ced291dda235d1bd8fe,/Users/annibauer/Documents/__Coding.nosync/PhotoAssistant/analysis_output/discarded_review/2008-0.JPG,/Users/annibauer/Documents/__Photos.nosync/SORTED/Mareike/2008-0.JPG,True
1822681ab4f13012cc5aa588c677bb7e1c92a162c824b7bf7e0ba22e63a3282d,/Users/annibauer/Documents/__Coding.nosync/PhotoAssistant/analysis_output/discarded_review/2008-1.JPG,/Users/annibauer/Documents/__Photos.nosync/SORTED/Mareike/2008-1.JPG,True
7acd3336d93255de25896d729a7e3766d664357fa308babb4bab08d2de9002b6,/Users/annibauer/Documents/__Coding.nosync/PhotoAssistant/analysis_output/discarded_review/2008-2.JPG,/Users/annibauer/Documents/__Photos.nosync/SORTED/Mareike/2008-2.JPG,True
1ce3f4108238a5cce2b359879bd7e38709b1c6ea947886ab4317166d394d6f55,/Users/annibauer/Documents/__Coding.nosync/PhotoAssistant/analysis_output/discarded_review/2009-0.JPG,/Users/annibauer/Documents/__Photos.nosync/SORTED/Mareike/2009-0.JPG,True
aa9e48c8bb11f0710ccb41b43fe031489375581b72553f2bb82b4231b6f53704,/Users/annibauer/Documents/__Coding.nosync/PhotoAssistant/analysis_output/discarded_review/2009-1.JPG,/Users/annibauer/Documents/__Photos.nosync/SORTED/Mareike/2009-1.JPG,True
4faa2678ff9e23d135b993c8e1341ab952c331b1c5998958f1e7678dbaba4e61,/Users/annibauer/Documents/__Coding.nosync/PhotoAssistant/analysis_output/discarded_review/2009-2.JPG,/Users/annibauer/Documents/__Photos.nosync/SORTED/Mareike/2009-2.JPG,True
c6cc9d464841c19269ea5cac5cd280c4d71baec25a02bdf8d4143ed8695475b6,/Users/annibauer/Documents/__Coding.nosync/PhotoAssistant/analysis_output/discarded_review/2009-3.JPG,/Users/annibauer/Documents/__Photos.nosync/SORTED/Mareike/2009-3.JPG,True
b4781bbecc45685ec89b89e6626c6bd5339f902a08632fcddff461927195661e,/Users/annibauer/Documents/__Coding.nosync/PhotoAssistant/analysis_output/discarded_review/2009-4.JPG,/Users/annibauer/Documents/__Photos.nosync/SORTED/Mareike/2009-4.JPG,True
da3034a4feac82693a97c0f396933d6c8b7cd55bebf85ca0cad5054b6693bcdd,/Users/annibauer/Documents/__Coding.nosync/PhotoAssistant/analysis_output/discarded_review/2009-6.JPG,/Users/annibauer/Documents/__Photos.nosync/SORTED/Mareike/2009-6.JPG,True
87418bec1cf3500d99458b842cf77992246842e8fdac8219d77a831e68d72189,/Users/annibauer/Documents/__Coding.nosync/PhotoAssistant/analysis_output/discarded_review/2009-7.JPG,/Users/annibauer/Documents/__Photos.nosync/SORTED/Mareike/2009-7.JPG,True
8ebbccf501daa67c90c5e78e259ad641ecb0625a0f00aa3785cc563545795985,/Users/annibauer/Documents/__Coding.nosync/PhotoAssistant/analysis_output/discarded_review/2009-8.JPG,/Users/annibauer/Documents/__Photos.nosync/SORTED/Mareike/2009-8.JPG,True
c30b43575f796eb58d4de529b1597b57077f803a1daa1e7c9b58789c72502598,/Users/annibauer/Documents/__Coding.nosync/PhotoAssistant/analysis_output/discarded_review/2009-9.JPG,/Users/annibauer/Documents/__Photos.nosync/SORTED/Mareike/2009-9.JPG,True
a62dfd8893ca6c5a17aa0681fb966460b500200c2c09fd59ae207c57abc9efe3,/Users/annibauer/Documents/__Coding.nosync/PhotoAssistant/analysis_output/discarded_review/IMG_7194_2.JPG,/Users/annibauer/Documents/__Photos.nosync/SORTED/Mareike/IMG_7194.JPG,False
ab712a4884f437191cce3baec743fecc8982be7e66333e569d7a96c8177ccca3,/Users/annibauer/Documents/__Coding.nosync/PhotoAssistant/analysis_output/discarded_review/IMG_7199.JPG,/Users/annibauer/Documents/__Photos.nosync/SORTED/Mareike/IMG_7199.JPG,True
e2ce5c946826788a62697d1a6447b1bae80fd71878c5380c6ab4e4a997ea8183,/Users/annibauer/Documents/__Coding.nosync/PhotoAssistant/analysis_output/discarded_review/IMG_7212.JPG,/Users/annibauer/Documents/__Photos.nosync/SORTED/Mareike/IMG_7212.JPG,True
465742d9aa14cba46496f3bf7185c8e2dafc8921998effa1ae2e36124fdb9c17,/Users/annibauer/Documents/__Coding.nosync/PhotoAssistant/analysis_output/discarded_review/WP_20161225_016.jpg,/Users/annibauer/Documents/__Photos.nosync/SORTED/One Drive Pictures/2016_Christmas_35.jpg,False
3cb0e725229e91abdc4c1418f48aa6c8f39acf44cdbedb5d7377938951dbf436,/Users/annibauer/Documents/__Coding.nosync/PhotoAssistant/analysis_output/discarded_review/WP_20161225_018.jpg,/Users/annibauer/Documents/__Photos.nosync/SORTED/One Drive Pictures/2016_Christmas_37.jpg,False
6c63b666f53e58f9008b608c95d265756b7c1c1c77049193d1855407820e8b8c,/Users/annibauer/Documents/__Coding.nosync/PhotoAssistant/analysis_output/discarded_review/WP_20160711_14_53_33_Pro.jpg,/Users/annibauer/Documents/__Photos.nosync/SORTED/One Drive Pictures/2016_Uni_01.jpg,False
8beb322c2fe7e475e900cf9481181af0938a8b192d1d97c09c6e4bbcc5081bda,/Users/annibauer/Documents/__Coding.nosync/PhotoAssistant/analysis_output/discarded_review/WP_20160711_14_53_35_Pro.jpg,/Users/annibauer/Documents/__Photos.nosync/SORTED/One Drive Pictures/2016_Uni_02.jpg,False
1ad0d33e6fcca3ee68fb368be9d2550a1e315c219b1a86daf0762edfbfe6c7b2,/Users/annibauer/Documents/__Coding.nosync/PhotoAssistant/analysis_output/discarded_review/KDEH3192 (1).JPG,/Users/annibauer/Documents/__Photos.nosync/SORTED/One Drive Pictures/2016_Wasen_00.jpg,False
1ad0d33e6fcca3ee68fb368be9d2550a1e315c219b1a86daf0762edfbfe6c7b2,/Users/annibauer/Documents/__Coding.nosync/PhotoAssistant/analysis_output/discarded_review/KDEH3192.JPG,/Users/annibauer/Documents/__Photos.nosync/SORTED/One Drive Pictures/2016_Wasen_00.jpg,False
5dc1624c07bc82b0d0febee1e0779c79b47297ae7771c4690ccfd6bc9897d159,/Users/annibauer/Documents/__Coding.nosync/PhotoAssistant/analysis_output/discarded_review/Sketch0p02.tif,/Users/annibauer/Documents/__Photos.nosync/Sketch003.tif,False
e7af10da9c83fb8daad563439d351b8b8ff752cdecf013dfc866f256f171cfae,/Users/annibauer/Documents/__Coding.nosync/PhotoAssistant/analysis_output/discarded_review/006.JPG,/Users/annibauer/Documents/__Photos.nosync/dropbox/Fotos/2017-08-15/006.JPG,True
0e263b80ab3b05a6667a524ccdc75c8ca3b84b4c3c3d5567255ab5ef3d870e35,/Users/annibauer/Documents/__Coding.nosync/PhotoAssistant/analysis_output/discarded_review/Berlin.jpg,/Users/annibauer/Documents/__Photos.nosync/dropbox/Fotos/Berlin.jpg,True
b3fa021776a1001be87e18214aa4b70d8e51a9925593c251c7039fcfa107cb60,/Users/annibauer/Documents/__Coding.nosync/PhotoAssistant/analysis_output/discarded_review/DSC03547(1).jpg,/Users/annibauer/Documents/__Photos.nosync/dropbox/Fotos/DSC03547(1).jpg,True
082365890eb6d37dbc4df79280a2fd034acfc3fad7cccba9b003c0a02aeb8a0b,/Users/annibauer/Documents/__Coding.nosync/PhotoAssistant/analysis_output/discarded_review/DSC03561(1).jpg,/Users/annibauer/Documents/__Photos.nosync/dropbox/Fotos/DSC03561(1).jpg,True
0ebd87f6a7ecd76a577791ab42af8a1654cf2580d866f032d202af1b65217769,/Users/annibauer/Documents/__Coding.nosync/PhotoAssistant/analysis_output/discarded_review/DSC03565.jpg,/Users/annibauer/Documents/__Photos.nosync/dropbox/Fotos/DSC03565.jpg,True
8d0e19da27294b3efb64ef2c796458328a7478fd9a7d2385c0f5a3eec3ae269f,/Users/annibauer/Documents/__Coding.nosync/PhotoAssistant/analysis_output/discarded_review/DSC02441.JPG,/Users/annibauer/Documents/__Photos.nosync/dropbox/Fotos/Matthea/DSC02441.JPG,True
d2d127e8b7daa7732759c6dfbeae732fff81f0cc27e2353dff4455cf29a7e909,/Users/annibauer/Documents/__Coding.nosync/PhotoAssistant/analysis_output/discarded_review/WP_20151003_004.jpg,/Users/annibauer/Documents/__Photos.nosync/dropbox/Fotos/Matthea/WP_20151003_004(1).jpg,False
7b1677ab1933af485067f24b42aec50f32786bf9865fca54f560926bf5e910d1,/Users/annibauer/Documents/__Coding.nosync/PhotoAssistant/analysis_output/discarded_review/WP_20151128_17_37_14_Pro.jpg,/Users/annibauer/Documents/__Photos.nosync/dropbox/Fotos/Matthea/WP_20151128_17_37_14_Pro.jpg,True
1a66e5d47a985efb9c259b4f8a4e18f2a399bce05144bdcb60dab0d1de180dbd,/Users/annibauer/Documents/__Coding.nosync/PhotoAssistant/analysis_output/discarded_review/WP_20151128_17_38_28_Pro.jpg,/Users/annibauer/Documents/__Photos.nosync/dropbox/Fotos/Matthea/WP_20151128_17_38_28_Pro.jpg,True
f2d3002b346c6d1236a3f033f9781590b025f2f7ec25111cdd7761326455d516,/Users/annibauer/Documents/__Coding.nosync/PhotoAssistant/analysis_output/discarded_review/whoooooooooooooppppppppp _DIE MANNSCHAFT _3 _xoxo to all the losers__- the proudest German citizen.jpg,/Users/annibauer/Documents/__Photos.nosync/dropbox/Fotos/Matthea/whoooooooooooooppppppppp _DIE MANNSCHAFT _3 _xoxo to all the losers__- the proudest German citizen.jpg,True
53ed26870eae1c2a5b454c787062858a0a53eba4de3384c3ba2347d26d98956f,/Users/annibauer/Documents/__Coding.nosync/PhotoAssistant/analysis_output/discarded_review/WP_20151009_003.jpg,/Users/annibauer/Documents/__Photos.nosync/dropbox/Fotos/WP_20151009_003.jpg,True
c1b76d9a13f6f4ea2ffa169934d4e7be1a602cf8201bc8a8d1442077896805f1,/Users/annibauer/Documents/__Coding.nosync/PhotoAssistant/analysis_output/discarded_review/WP_20151009_006.jpg,/Users/annibauer/Documents/__Photos.nosync/dropbox/Fotos/WP_20151009_006.jpg,True
4a480f401e5653c23cb3cad9c66ed6d7e08445353667be3731eb6e80fe1c820d,/Users/annibauer/Documents/__Coding.nosync/PhotoAssistant/analysis_output/discarded_review/WP_20151009_007.jpg,/Users/annibauer/Documents/__Photos.nosync/dropbox/Fotos/WP_20151009_007.jpg,True
721c7fc199ed69e14fe6057212fd3ee50a2af6f85bd8b22b3fa138d3d46daf1e,/Users/annibauer/Documents/__Coding.nosync/PhotoAssistant/analysis_output/discarded_review/WP_20151201_13_36_45_Pro (2).jpg,/Users/annibauer/Documents/__Photos.nosync/dropbox/Fotos/WP_20151201_13_36_45_Pro (2).jpg,True
876cd26ff1b0127422e7150a0a0b321452ecd660f56eafd61ee726b4e4a7758c,/Users/annibauer/Documents/__Coding.nosync/PhotoAssistant/analysis_output/discarded_review/WP_20151214_18_32_52_Pro.jpg,/Users/annibauer/Documents/__Photos.nosync/dropbox/Fotos/WP_20151214_18_32_52_Pro.jpg,True
ab54b378e737eef26c804c87dfddccca220bede6c696511e0660514e86b748bb,/Users/annibauer/Documents/__Coding.nosync/PhotoAssistant/analysis_output/discarded_review/WP_20161015_014.jpg,/Users/annibauer/Documents/__Photos.nosync/dropbox/Fotos/WP_20161015_014 1.jpg,False
4674c95814dc3ea16b25ed2ffcd53d8f62de2afdaed3bea7d0c1298d3001bc5d,/Users/annibauer/Documents/__Coding.nosync/PhotoAssistant/analysis_output/discarded_review/WP_20161016_002.jpg,/Users/annibauer/Documents/__Photos.nosync/dropbox/Fotos/WP_20161016_002 1.jpg,False
f111e86325d560ac03dfded405627fc58f152a628b22ff56b81d6eb8e3770765,/Users/annibauer/Documents/__Coding.nosync/PhotoAssistant/analysis_output/discarded_review/WP_20161016_006.jpg,/Users/annibauer/Documents/__Photos.nosync/dropbox/Fotos/WP_20161016_006 1.jpg,False
3dbf985c8a5411a8fda2fe8d09f61189d216a28de6c61307d2855bbd6db4715e,/Users/annibauer/Documents/__Coding.nosync/PhotoAssistant/analysis_output/discarded_review/WP_20161016_009.jpg,/Users/annibauer/Documents/__Photos.nosync/dropbox/Fotos/WP_20161016_009 1.jpg,False
4b30c2d846acb224153d3be5f766897fbbfffbac2faa8c222c68fdd4145b74ed,/Users/annibauer/Documents/__Coding.nosync/PhotoAssistant/analysis_output/discarded_review/dictator baby.jpg,/Users/annibauer/Documents/__Photos.nosync/dropbox/Fotos/dictator baby.jpg,True
9692a22f6c367b9b649f0bfd723d7ac0ecd968889105bf903a4e13f7526d2452,/Users/annibauer/Documents/__Coding.nosync/PhotoAssistant/analysis_output/discarded_review/profile 28.jpg,/Users/annibauer/Documents/__Photos.nosync/dropbox/Fotos/profile 28.jpg,True
09ba74851ed7bec06339b41f74ae075892771221a8e144b6b0a5dc6e5973bc98,/Users/annibauer/Documents/__Coding.nosync/PhotoAssistant/analysis_output/discarded_review/IMG_9427.JPEG,/Users/annibauer/Documents/__Photos.nosync/iCloud Photos/Downloads/IMG_9427 (Edited).JPG,False
09ba74851ed7bec06339b41f74ae075892771221a8e144b6b0a5dc6e5973bc98,/Users/annibauer/Documents/__Coding.nosync/PhotoAssistant/analysis_output/discarded_review/IMG_9427_1.JPEG,/Users/annibauer/Documents/__Photos.nosync/iCloud Photos/Downloads/IMG_9427 (Edited).JPG,False
5eb881c59babf2a020fcffe588e63feeef6ad0fec7c3d0b94691ae59c44b49ad,/Users/annibauer/Documents/__Coding.nosync/PhotoAssistant/analysis_output/discarded_review/IMG_9450.JPEG,/Users/annibauer/Documents/__Photos.nosync/iCloud Photos/Downloads/IMG_9450 (Edited).JPG,False
5eb881c59babf2a020fcffe588e63feeef6ad0fec7c3d0b94691ae59c44b49ad,/Users/annibauer/Documents/__Coding.nosync/PhotoAssistant/analysis_output/discarded_review/IMG_9450_1.JPEG,/Users/annibauer/Documents/__Photos.nosync/iCloud Photos/Downloads/IMG_9450 (Edited).JPG,False
115b1862808c003eace248b35eaa4983cb377dd24a17ebd63204b0e018a00ce6,/Users/annibauer/Documents/__Coding.nosync/PhotoAssistant/analysis_output/discarded_review/IMG_9498.JPEG,/Users/annibauer/Documents/__Photos.nosync/iCloud Photos/Downloads/IMG_9498 (Edited).JPG,False
115b1862808c003eace248b35eaa4983cb377dd24a17ebd63204b0e018a00ce6,/Users/annibauer/Documents/__Coding.nosync/PhotoAssistant/analysis_output/discarded_review/IMG_9498_1.JPEG,/Users/annibauer/Documents/__Photos.nosync/iCloud Photos/Downloads/IMG_9498 (Edited).JPG,False
317a5d86a714443bcd9aa59994cafc3d63d339e02682458c0d6b8a85b5a404e4,/Users/annibauer/Documents/__Coding.nosync/PhotoAssistant/analysis_output/discarded_review/IMG_9500.JPEG,/Users/annibauer/Documents/__Photos.nosync/iCloud Photos/Downloads/IMG_9500 (Edited).JPG,False
317a5d86a714443bcd9aa59994cafc3d63d339e02682458c0d6b8a85b5a404e4,/Users/annibauer/Documents/__Coding.nosync/PhotoAssistant/analysis_output/discarded_review/IMG_9500_1.JPEG,/Users/annibauer/Documents/__Photos.nosync/iCloud Photos/Downloads/IMG_9500 (Edited).JPG,False
265ffeb983d3d8d8463196093189317b0ae95a1e8c8f10e070f40eeec00381cd,/Users/annibauer/Documents/__Coding.nosync/PhotoAssistant/analysis_output/discarded_review/IMG_9556.JPEG,/Users/annibauer/Documents/__Photos.nosync/iCloud Photos/Downloads/IMG_9556 (Edited).JPG,False
265ffeb983d3d8d8463196093189317b0ae95a1e8c8f10e070f40eeec00381cd,/Users/annibauer/Documents/__Coding.nosync/PhotoAssistant/analysis_output/discarded_review/IMG_9556_1.JPEG,/Users/annibauer/Documents/__Photos.nosync/iCloud Photos/Downloads/IMG_9556 (Edited).JPG,False
26447ec6825ad5313fd30419710276cd24a2c43a7d6e356c08e0ed1df3c2ac7f,/Users/annibauer/Documents/__Coding.nosync/PhotoAssistant/analysis_output/discarded_review/IMG_9636.JPEG,/Users/annibauer/Documents/__Photos.nosync/iCloud Photos/Downloads/IMG_9636 (Edited).JPG,False
26447ec6825ad5313fd30419710276cd24a2c43a7d6e356c08e0ed1df3c2ac7f,/Users/annibauer/Documents/__Coding.nosync/PhotoAssistant/analysis_output/discarded_review/IMG_9636_1.JPEG,/Users/annibauer/Documents/__Photos.nosync/iCloud Photos/Downloads/IMG_9636 (Edited).JPG,False
333ddc2e96ba0d765426c5eac0bd4ec521bb82fa6765d41bf0dead797c6615ee,/Users/annibauer/Documents/__Coding.nosync/PhotoAssistant/analysis_output/discarded_review/IMG_9640.JPEG,/Users/annibauer/Documents/__Photos.nosync/iCloud Photos/Downloads/IMG_9640 (Edited).JPG,False
333ddc2e96ba0d765426c5eac0bd4ec521bb82fa6765d41bf0dead797c6615ee,/Users/annibauer/Documents/__Coding.nosync/PhotoAssistant/analysis_output/discarded_review/IMG_9640_1.JPEG,/Users/annibauer/Documents/__Photos.nosync/iCloud Photos/Downloads/IMG_9640 (Edited).JPG,False
197c463962b33c31b4c57e75f7e0714dc74ef4d88e717d06ce8fe091d245bc72,/Users/annibauer/Documents/__Coding.nosync/PhotoAssistant/analysis_output/discarded_review/IMG_7521.JPG,/Users/annibauer/Documents/__Photos.nosync/iCloud Photos/IMG_7521-1.JPG,False
197c463962b33c31b4c57e75f7e0714dc74ef4d88e717d06ce8fe091d245bc72,/Users/annibauer/Documents/__Coding.nosync/PhotoAssistant/analysis_output/discarded_review/IMG_7521_1.JPG,/Users/annibauer/Documents/__Photos.nosync/iCloud Photos/IMG_7521-1.JPG,False
197c463962b33c31b4c57e75f7e0714dc74ef4d88e717d06ce8fe091d245bc72,/Users/annibauer/Documents/__Coding.nosync/PhotoAssistant/analysis_output/discarded_review/IMG_7521_2.JPG,/Users/annibauer/Documents/__Photos.nosync/iCloud Photos/IMG_7521-1.JPG,False
b997397d0ab3c730eccf96651c80e6578fb55dd48a50262522010f042f025d75,/Users/annibauer/Documents/__Coding.nosync/PhotoAssistant/analysis_output/discarded_review/IMG_7522.JPG,/Users/annibauer/Documents/__Photos.nosync/iCloud Photos/IMG_7522-1.JPG,False
b997397d0ab3c730eccf96651c80e6578fb55dd48a50262522010f042f025d75,/Users/annibauer/Documents/__Coding.nosync/PhotoAssistant/analysis_output/discarded_review/IMG_7522_1.JPG,/Users/annibauer/Documents/__Photos.nosync/iCloud Photos/IMG_7522-1.JPG,False
b997397d0ab3c730eccf96651c80e6578fb55dd48a50262522010f042f025d75,/Users/annibauer/Documents/__Coding.nosync/PhotoAssistant/analysis_output/discarded_review/IMG_7522_2.JPG,/Users/annibauer/Documents/__Photos.nosync/iCloud Photos/IMG_7522-1.JPG,False
0d335b962f279d724cbaecce4f3a2b853610f0a4d91234dc037f21e209778e6e,/Users/annibauer/Documents/__Coding.nosync/PhotoAssistant/analysis_output/discarded_review/IMG_7524.JPG,/Users/annibauer/Documents/__Photos.nosync/iCloud Photos/IMG_7524-1.JPG,False
0d335b962f279d724cbaecce4f3a2b853610f0a4d91234dc037f21e209778e6e,/Users/annibauer/Documents/__Coding.nosync/PhotoAssistant/analysis_output/discarded_review/IMG_7524_1.JPG,/Users/annibauer/Documents/__Photos.nosync/iCloud Photos/IMG_7524-1.JPG,False
0d335b962f279d724cbaecce4f3a2b853610f0a4d91234dc037f21e209778e6e,/Users/annibauer/Documents/__Coding.nosync/PhotoAssistant/analysis_output/discarded_review/IMG_7524_2.JPG,/Users/annibauer/Documents/__Photos.nosync/iCloud Photos/IMG_7524-1.JPG,False
ba8f59c9ed8d1f14ae9869fbd5617546af2cb5c72f9270810f000ab50b679ae6,/Users/annibauer/Documents/__Coding.nosync/PhotoAssistant/analysis_output/discarded_review/DSC02436.JPG,/Users/annibauer/Documents/__Photos.nosync/iPhone Photos/DSC02436(1).JPG,False
cdfb914a94fea696b2e8c515d3a755dd193c0fd2557a32c66024dc7992728b6b,/Users/annibauer/Documents/__Coding.nosync/PhotoAssistant/analysis_output/discarded_review/IMG_0337.JPG,/Users/annibauer/Documents/__Photos.nosync/iPhone Photos/IMG_0337 - Copy.JPG,False
fb819888893a08d86420449cb89c46372ae5c48ce0f40cf9b58cd5c4339dd21e,/Users/annibauer/Documents/__Coding.nosync/PhotoAssistant/analysis_output/discarded_review/IMG_0349.PNG,/Users/annibauer/Documents/__Photos.nosync/iPhone Photos/IMG_0349 - Copy.PNG,False
f47537b320c6776dc26c4a4038e38b54eb9167546410d788998616d8c84c5f9b,/Users/annibauer/Documents/__Coding.nosync/PhotoAssistant/analysis_output/discarded_review/IMG_0350.PNG,/Users/annibauer/Documents/__Photos.nosync/iPhone Photos/IMG_0350 - Copy.PNG,False
e1911130090a4c31787dbe5698b1ffca3b1e4da12e28b7c4316fb3dee3b41631,/Users/annibauer/Documents/__Coding.nosync/PhotoAssistant/analysis_output/discarded_review/IMG_0351.PNG,/Users/annibauer/Documents/__Photos.nosync/iPhone Photos/IMG_0351 - Copy.PNG,False
a219304c7517f98e90d953f44e3a2ff115a103ebcfda2a8754a81502d7ad4840,/Users/annibauer/Documents/__Coding.nosync/PhotoAssistant/analysis_output/discarded_review/IMG_0352.PNG,/Users/annibauer/Documents/__Photos.nosync/iPhone Photos/IMG_0352 - Copy.PNG,False
da4c08d1bfc2be314329758e80188bcbb6da5037165adb65fcef9edd5d29fac0,/Users/annibauer/Documents/__Coding.nosync/PhotoAssistant/analysis_output/discarded_review/IMG_0353.PNG,/Users/annibauer/Documents/__Photos.nosync/iPhone Photos/IMG_0353 - Copy.PNG,False
c6f5dababe3d97e0e6e6012fe913992949344d09b3789ffa23e5a1f5b27c0538,/Users/annibauer/Documents/__Coding.nosync/PhotoAssistant/analysis_output/discarded_review/IMG_0356.JPG,/Users/annibauer/Documents/__Photos.nosync/iPhone Photos/IMG_0356 - Copy.JPG,False
d9131dc190e60dfc284efd9ac3b731cb8fa58c066652d216121c29bf529a509e,/Users/annibauer/Documents/__Coding.nosync/PhotoAssistant/analysis_output/discarded_review/IMG_0357.JPG,/Users/annibauer/Documents/__Photos.nosync/iPhone Photos/IMG_0357 - Copy.JPG,False
073f75764c0df9fbe2d5f53d465d10f4c70d61e391dec0ee0ba7f455c2e31b0a,/Users/annibauer/Documents/__Coding.nosync/PhotoAssistant/analysis_output/discarded_review/IMG_0364.JPG,/Users/annibauer/Documents/__Photos.nosync/iPhone Photos/IMG_0364 - Copy.JPG,False
86b7ceca79bf5c07701d04b8a8edffc370606a9f2a95ed52ff6e96ffb18373eb,/Users/annibauer/Documents/__Coding.nosync/PhotoAssistant/analysis_output/discarded_review/IMG_0367.JPG,/Users/annibauer/Documents/__Photos.nosync/iPhone Photos/IMG_0367 - Copy.JPG,False
16993f8a115c3fafa5804b7cf24e543cef7d55811acb6f7b23c9baec555229c3,/Users/annibauer/Documents/__Coding.nosync/PhotoAssistant/analysis_output/discarded_review/IMG_0372.JPG,/Users/annibauer/Documents/__Photos.nosync/iPhone Photos/IMG_0372 - Copy.JPG,False
8ddd4e56864f217947a178f5bfc934a9a6d156932e1b45845eabcae8f6240c73,/Users/annibauer/Documents/__Coding.nosync/PhotoAssistant/analysis_output/discarded_review/IMG_0375.JPG,/Users/annibauer/Documents/__Photos.nosync/iPhone Photos/IMG_0375 - Copy.JPG,False
d9c549ce922896cb21fdbdbd46355820fc10a04b2504f31505144d800199b1cf,/Users/annibauer/Documents/__Coding.nosync/PhotoAssistant/analysis_output/discarded_review/IMG_0377.JPG,/Users/annibauer/Documents/__Photos.nosync/iPhone Photos/IMG_0377 - Copy.JPG,False
d5986027643d3703cdca3b8f44a9a8bfda9da38560eb480893ca2f24d56f3c36,/Users/annibauer/Documents/__Coding.nosync/PhotoAssistant/analysis_output/discarded_review/IMG_0378.JPG,/Users/annibauer/Documents/__Photos.nosync/iPhone Photos/IMG_0378 - Copy.JPG,False
ea994ff03cda3c87a1d73da8cce2abb208ecb20a1936ab144a8368196042944e,/Users/annibauer/Documents/__Coding.nosync/PhotoAssistant/analysis_output/discarded_review/IMG_0379.JPG,/Users/annibauer/Documents/__Photos.nosync/iPhone Photos/IMG_0379 - Copy.JPG,False
6a00214f99ab9eadd8c7c9cf9866b339834425aa7152d376aff35875716bfa24,/Users/annibauer/Documents/__Coding.nosync/PhotoAssistant/analysis_output/discarded_review/IMG_0382.JPG,/Users/annibauer/Documents/__Photos.nosync/iPhone Photos/IMG_0382 - Copy.JPG,False
59f580e40b89ee87da679d9b25e845932ba9f8ca57d33c57a2c8bd30cc4cbc2d,/Users/annibauer/Documents/__Coding.nosync/PhotoAssistant/analysis_output/discarded_review/IMG_0384.JPG,/Users/annibauer/Documents/__Photos.nosync/iPhone Photos/IMG_0384 - Copy.JPG,False
5718da5dd84b55043d2e5da4a89a101f636a1e065a834d3151179d9a95946509,/Users/annibauer/Documents/__Coding.nosync/PhotoAssistant/analysis_output/discarded_review/IMG_0386.JPG,/Users/annibauer/Documents/__Photos.nosync/iPhone Photos/IMG_0386 - Copy.JPG,False
2edb21597d85322a0e52d3faf24b48519c7854e8053b8ebc5bae17b627c55f22,/Users/annibauer/Documents/__Coding.nosync/PhotoAssistant/analysis_output/discarded_review/IMG_0388.JPG,/Users/annibauer/Documents/__Photos.nosync/iPhone Photos/IMG_0388 - Copy.JPG,False
4b58697560bf7296e00000c16602b551484881c9a15b37f68e572246d4477cc3,/Users/annibauer/Documents/__Coding.nosync/PhotoAssistant/analysis_output/discarded_review/IMG_0389.JPG,/Users/annibauer/Documents/__Photos.nosync/iPhone Photos/IMG_0389 - Copy.JPG,False
973495068ee1bde96477dc83374d17713b70d417b62088ef045cde309dcff967,/Users/annibauer/Documents/__Coding.nosync/PhotoAssistant/analysis_output/discarded_review/IMG_0391.JPG,/Users/annibauer/Documents/__Photos.nosync/iPhone Photos/IMG_0391 - Copy.JPG,False
09c71e17fbc737a56a2c9f843dcee82e5e7b179e6f89f27ba98fadc6f953b1df,/Users/annibauer/Documents/__Coding.nosync/PhotoAssistant/analysis_output/discarded_review/IMG_0393.JPG,/Users/annibauer/Documents/__Photos.nosync/iPhone Photos/IMG_0393 - Copy.JPG,False
95aa5015dc146a48bed2c984cf300d4f087b48c22049479744cf33b296e5516e,/Users/annibauer/Documents/__Coding.nosync/PhotoAssistant/analysis_output/discarded_review/IMG_0394.JPG,/Users/annibauer/Documents/__Photos.nosync/iPhone Photos/IMG_0394 - Copy.JPG,False
9cefe698b2c0d46562dd0664d84b321032c81fb27cfcbfb8bf0e38c1acf95e6e,/Users/annibauer/Documents/__Coding.nosync/PhotoAssistant/analysis_output/discarded_review/IMG_0395.JPG,/Users/annibauer/Documents/__Photos.nosync/iPhone Photos/IMG_0395 - Copy.JPG,False
baaef2603c3f5b2f3954fdca2f2e2037b3ffa8ff0dffbe183d6c2123346096d7,/Users/annibauer/Documents/__Coding.nosync/PhotoAssistant/analysis_output/discarded_review/IMG_0396.JPG,/Users/annibauer/Documents/__Photos.nosync/iPhone Photos/IMG_0396 - Copy.JPG,False
84dfe2ac533bff35349b05a3ecd2e26bc3da40b33ddee5abc597ec58fa43ab73,/Users/annibauer/Documents/__Coding.nosync/PhotoAssistant/analysis_output/discarded_review/IMG_0398.JPG,/Users/annibauer/Documents/__Photos.nosync/iPhone Photos/IMG_0398 - Copy.JPG,False
b0c5f0ff4edfae36999e2452b09dca6d014789d34d3fa82025c72280d312f41b,/Users/annibauer/Documents/__Coding.nosync/PhotoAssistant/analysis_output/discarded_review/IMG_0399.JPG,/Users/annibauer/Documents/__Photos.nosync/iPhone Photos/IMG_0399 - Copy.JPG,False
23788c1cbfa1caca346c106df9e36a679743593a314893c484e82fc9c3903e2f,/Users/annibauer/Documents/__Coding.nosync/PhotoAssistant/analysis_output/discarded_review/IMG_0401.JPG,/Users/annibauer/Documents/__Photos.nosync/iPhone Photos/IMG_0401 - Copy.JPG,False
86412d0bd04692b59d5426803c75084b940428e7798dbe45cc45de00dde3bef3,/Users/annibauer/Documents/__Coding.nosync/PhotoAssistant/analysis_output/discarded_review/IMG_0403.JPG,/Users/annibauer/Documents/__Photos.nosync/iPhone Photos/IMG_0403 - Copy.JPG,False
e214f003cd3c136c32daa0a62e1abf0780e9b67548cf5522b83bd86c3fd8dcc9,/Users/annibauer/Documents/__Coding.nosync/PhotoAssistant/analysis_output/discarded_review/IMG_0404.JPG,/Users/annibauer/Documents/__Photos.nosync/iPhone Photos/IMG_0404 - Copy.JPG,False
e11ee3d967c2f3be5522744bbf253b51715d4932382d2ce6fa51c4221e174196,/Users/annibauer/Documents/__Coding.nosync/PhotoAssistant/analysis_output/discarded_review/IMG_1060.JPEG,/Users/annibauer/Documents/__Photos.nosync/iPhone Photos/IMG_1060-1.JPEG,False
e11ee3d967c2f3be5522744bbf253b51715d4932382d2ce6fa51c4221e174196,/Users/annibauer/Documents/__Coding.nosync/PhotoAssistant/analysis_output/discarded_review/IMG_1060_1.jpeg,/Users/annibauer/Documents/__Photos.nosync/iPhone Photos/IMG_1060-1.JPEG,False
383a26a8110981c802a829a5a3494a3299755de06da48e4c8452f8f938829021,/Users/annibauer/Documents/__Coding.nosync/PhotoAssistant/analysis_output/discarded_review/IMG_1074.JPG,/Users/annibauer/Documents/__Photos.nosync/iPhone Photos/IMG_1074-1.JPG,False
bc09fb3547f8967edd3889e8aaf12924e30aa47350700a3e7324d7321b45a672,/Users/annibauer/Documents/__Coding.nosync/PhotoAssistant/analysis_output/discarded_review/IMG_1076.JPG,/Users/annibauer/Documents/__Photos.nosync/iPhone Photos/IMG_1076-1.JPG,False
0303010becc63299bcbf637dbec86c9111acaab95e4a9cf565cdef87d6818525,/Users/annibauer/Documents/__Coding.nosync/PhotoAssistant/analysis_output/discarded_review/IMG_1079.JPG,/Users/annibauer/Documents/__Photos.nosync/iPhone Photos/IMG_1079-1.JPG,False
a862312eb08d9ea1f5c815dc017bcef8dcc176bc11d05d1bd61d815abb802aab,/Users/annibauer/Documents/__Coding.nosync/PhotoAssistant/analysis_output/discarded_review/IMG_1083.JPG,/Users/annibauer/Documents/__Photos.nosync/iPhone Photos/IMG_1083-1.JPG,False
3a800c581bd6c3adaf3c79d419a0c899bb04b7eded463e65973e8c841d18a60b,/Users/annibauer/Documents/__Coding.nosync/PhotoAssistant/analysis_output/discarded_review/IMG_1103.JPG,/Users/annibauer/Documents/__Photos.nosync/iPhone Photos/IMG_1103-1.JPG,False
ab328d31801e98943288adabb4b9bc294c1c867a994d6534429562758666193e,/Users/annibauer/Documents/__Coding.nosync/PhotoAssistant/analysis_output/discarded_review/IMG_1219.JPG,/Users/annibauer/Documents/__Photos.nosync/iPhone Photos/IMG_1219-1.JPG,False
fe8737c73841b4cf9630bf414b2952d2174303f012f6cdf732f774782c67b9df,/Users/annibauer/Documents/__Coding.nosync/PhotoAssistant/analysis_output/discarded_review/IMG_1500.JPG,/Users/annibauer/Documents/__Photos.nosync/iPhone Photos/IMG_1500-1.JPG,False
c27b3c8ec25264204d1f5366665be29845ac8813b79587165dd5000b28701aeb,/Users/annibauer/Documents/__Coding.nosync/PhotoAssistant/analysis_output/discarded_review/IMG_2016.JPG,/Users/annibauer/Documents/__Photos.nosync/iPhone Photos/IMG_2016-1.JPG,False
8620a4fc4d1ecddd9323f67f01af8f7ea65d971d0d6f21aa0c96a80aee1902b0,/Users/annibauer/Documents/__Coding.nosync/PhotoAssistant/analysis_output/discarded_review/IMG_2888.JPG,/Users/annibauer/Documents/__Photos.nosync/iPhone Photos/IMG_2888-1.JPG,False
abd0e5a75c51b6a0b7fc736e59f3255660a70f1e0fcf5f5d56ae0064514c8d5e,/Users/annibauer/Documents/__Coding.nosync/PhotoAssistant/analysis_output/discarded_review/IMG_3090.JPG,/Users/annibauer/Documents/__Photos.nosync/iPhone Photos/IMG_3090-1.JPG,False
06740e8049040a84f414719646e9847888ae7d82ef1e1eee7bf6b6f41dc7b049,/Users/annibauer/Documents/__Coding.nosync/PhotoAssistant/analysis_output/discarded_review/IMG_5672.JPG,/Users/annibauer/Documents/__Photos.nosync/iPhone Photos/IMG_5672-1.JPG,False
43dc03013abe6fe0f2429e3a562d552352f2bf0b7fbb33b78a34be232ef3fcef,/Users/annibauer/Documents/__Coding.nosync/PhotoAssistant/analysis_output/discarded_review/IMG_7219 - Copy.JPG,/Users/annibauer/Documents/__Photos.nosync/iPhone Photos/IMG_7219 - Copy.jpg,False
db54b28698e222f7e8054620d541b45872f5d491d1836738455a1a663e38fcde,/Users/annibauer/Documents/__Coding.nosync/PhotoAssistant/analysis_output/discarded_review/WP_20151225_14_50_12_Pro.jpg,/Users/annibauer/Documents/__Photos.nosync/iPhone Photos/WP_20151225_14_50_12_Pro 1.jpg,False
c0b8d8cf56b857e44e756604e10ed7d72f929196ca6900b0058b0d61e0c19707,/Users/annibauer/Documents/__Coding.nosync/PhotoAssistant/analysis_output/discarded_review/stay classy_.jpg,/Users/annibauer/Documents/__Photos.nosync/iPhone Photos/stay classy_(1).jpg,False
